{"type":"FeatureCollection","features":[{"type":"Feature","properties":{"iso":"-1"},"geometry":{"type":"MultiLineString","coordinates":[[[33.78,34.98],[33.9,34.96],[33.82,35],[33.9,35.06],[34.02,35.06],[33.9,35.16],[34.04,35.48],[33.42,35.32],[32.92,35.4],[32.92,35.24],[32.72,35.18],[32.86,35.08],[33.4,35.2],[33.5,35.04],[33.68,35.04],[33.7,34.98],[33.78,34.98]],[[48.94,9.56],[48.94,11.24],[48.66,11.34],[48.34,11.28],[48.16,11.14],[47.68,11.1],[47.36,11.18],[46.66,10.76],[46.44,10.7],[45.8,10.88],[45.48,10.68],[45.34,10.68],[44.96,10.42],[44.58,10.38],[44.28,10.46],[43.82,10.8],[43.48,11.24],[43.24,11.48],[43.18,11.4],[42.92,11],[42.7,10.66],[42.84,10.2],[43.42,9.42],[43.62,9.34],[44.02,8.98],[45.52,8.5],[46.98,8],[47.98,8],[48.94,9.46],[48.94,9.56]],[[-75.1,19.9],[-75.14,19.98],[-75.16,19.92],[-75.1,19.9]],[[77.04,35.12],[77.8,35.5],[77.42,35.46],[76.78,35.64],[77.04,35.12]],[[63.38,45.56],[63.86,45.74],[63.96,46.06],[63.76,46.3],[63.22,46.38],[62.9,46.2],[62.82,45.9],[62.9,45.74],[63.38,45.56]],[[33.02,34.64],[32.84,34.7],[32.76,34.66],[33.02,34.64]],[[96.86,-12.18],[96.84,-12.18],[96.84,-12.16],[96.82,-12.12],[96.82,-12.16],[96.84,-12.18],[96.84,-12.2],[96.86,-12.18]],[[105.7,-10.44],[105.62,-10.5],[105.7,-10.52],[105.7,-10.44]],[[115.84,10.74],[115.82,10.74],[115.82,10.72],[115.84,10.74]],[[-109.22,10.3],[-109.24,10.3],[-109.22,10.28],[-109.22,10.3]]]}},{"type":"Feature","properties":{"iso":"AD"},"geometry":{"type":"LineString","coordinates":[[1.6,42.62],[1.46,42.6],[1.42,42.6],[1.44,42.5],[1.58,42.46],[1.66,42.5],[1.7,42.5],[1.72,42.54],[1.76,42.56],[1.6,42.62]]}},{"type":"Feature","properties":{"iso":"AE"},"geometry":{"type":"MultiLineString","coordinates":[[[56.34,25.3],[56.2,25.22],[56.24,25.32],[56.26,25.34],[56.34,25.3]],[[56.36,25.06],[56.38,25.32],[56.36,25.42],[56.28,25.62],[56.16,25.66],[56.18,26.02],[56.08,26.06],[56.02,25.88],[55.74,25.66],[55.52,25.52],[55.5,25.46],[55.42,25.4],[55.32,25.3],[55,24.96],[54.7,24.8],[54.44,24.32],[54.12,24.14],[53.58,24.04],[52.68,24.14],[52.22,23.98],[51.8,24],[51.78,24.18],[51.56,24.26],[51.6,24.08],[52.54,22.96],[52.58,22.94],[54.14,22.74],[55.1,22.62],[55.18,22.7],[55.2,23],[55.44,23.56],[55.54,23.78],[55.5,23.98],[56,24.08],[55.8,24.34],[55.8,24.7],[55.78,24.86],[55.98,24.98],[56.02,24.88],[56.08,24.72],[56.18,24.82],[56.28,24.88],[56.32,24.92],[56.38,24.98],[56.36,25.06]]]}},{"type":"Feature","properties":{"iso":"AF"},"geometry":{"type":"LineString","coordinates":[[74.54,37.02],[74.48,37.22],[74.9,37.24],[74.66,37.4],[74.22,37.4],[73.8,37.22],[73.76,37.42],[73.28,37.46],[72.76,37.18],[72.66,37.02],[72.26,36.96],[71.84,36.7],[71.62,36.7],[71.44,37.06],[71.5,37.56],[71.6,37.9],[71.26,37.94],[71.34,38.28],[70.98,38.48],[70.6,38.34],[70.3,38],[70.16,37.88],[70.28,37.7],[70,37.56],[69.52,37.58],[69.38,37.44],[69.44,37.24],[69.3,37.12],[69,37.3],[68.3,37.12],[68.02,36.92],[67.78,37.18],[67.48,37.28],[67.24,37.2],[67,37.38],[66.52,37.36],[66.26,37.36],[65.66,37.52],[65.48,37.24],[65.06,37.24],[64.76,37.1],[64.72,36.86],[64.6,36.62],[64.6,36.46],[64.44,36.24],[63.9,36.04],[63.34,35.86],[63.08,35.62],[63.08,35.44],[62.82,35.32],[62.62,35.22],[62.22,35.3],[62.04,35.42],[61.54,35.46],[61.42,35.54],[61.26,35.62],[61.1,35.28],[61.06,34.82],[60.94,34.64],[60.72,34.54],[60.48,34.08],[60.52,33.64],[60.92,33.52],[60.56,33.16],[60.58,33],[60.84,32.24],[60.78,32.02],[60.82,31.5],[61.12,31.44],[61.6,31.38],[61.74,31.3],[61.82,31.04],[61.78,30.84],[60.84,29.86],[62.38,29.42],[62.6,29.42],[63.56,29.5],[64.08,29.38],[64.2,29.5],[64.5,29.58],[65.04,29.54],[66.2,29.84],[66.32,30.44],[66.26,30.6],[66.36,30.92],[66.56,30.98],[66.7,31.2],[67.02,31.24],[67.34,31.2],[67.74,31.32],[67.74,31.54],[68.1,31.76],[68.52,31.82],[68.78,31.62],[69,31.66],[69.3,31.94],[69.22,32.42],[69.42,32.66],[69.48,33.02],[69.88,33.08],[70.3,33.32],[70,33.74],[69.9,34.04],[70.52,33.94],[71.04,34.04],[71.12,34.36],[70.98,34.56],[71.28,34.88],[71.44,34.94],[71.64,35.2],[71.6,35.46],[71.34,35.94],[71.16,36.04],[71.62,36.46],[71.74,36.4],[72.22,36.72],[72.56,36.82],[73.72,36.9],[74.1,36.84],[74.54,37.02]]}},{"type":"Feature","properties":{"iso":"AG"},"geometry":{"type":"MultiLineString","coordinates":[[[-61.8,17],[-61.72,17.04],[-61.72,17.1],[-61.76,17.12],[-61.8,17.16],[-61.86,17.08],[-61.8,17]],[[-61.84,17.6],[-61.78,17.54],[-61.76,17.66],[-61.86,17.68],[-61.84,17.6]]]}},{"type":"Feature","properties":{"iso":"AI"},"geometry":{"type":"LineString","coordinates":[[-63,18.24],[-63,18.28],[-63.02,18.28],[-63.06,18.24],[-63.08,18.24],[-63.08,18.22],[-63.1,18.22],[-63.12,18.2],[-63.14,18.2],[-63.16,18.16],[-63.12,18.18],[-63.06,18.2],[-63.04,18.22],[-63,18.24]]}},{"type":"Feature","properties":{"iso":"AL"},"geometry":{"type":"LineString","coordinates":[[20.54,41.4],[20.48,41.46],[20.54,41.58],[20.56,41.8],[20.54,41.84],[20.56,41.88],[20.56,42.08],[20.48,42.24],[20.24,42.32],[20.16,42.5],[20.06,42.54],[19.82,42.46],[19.74,42.58],[19.66,42.64],[19.28,42.2],[19.36,42.1],[19.36,41.86],[19.52,41.84],[19.56,41.58],[19.42,41.38],[19.52,41.26],[19.44,41],[19.3,40.66],[19.48,40.46],[19.48,40.22],[19.86,40.04],[20.02,39.84],[20,39.7],[20.3,39.8],[20.44,40.06],[20.62,40.08],[20.74,40.3],[21.04,40.64],[20.96,40.84],[20.84,40.92],[20.66,41.06],[20.66,41.08],[20.6,41.08],[20.52,41.22],[20.5,41.26],[20.48,41.32],[20.54,41.4]]}},{"type":"Feature","properties":{"iso":"AM"},"geometry":{"type":"LineString","coordinates":[[45,41.3],[44.86,41.22],[44.56,41.18],[44.2,41.24],[43.98,41.16],[43.44,41.1],[43.6,40.96],[43.72,40.68],[43.62,40.42],[43.7,40.24],[43.66,40.12],[44.04,40],[44.38,40],[44.78,39.7],[44.96,39.74],[45.08,39.74],[45.16,39.56],[45.26,39.6],[45.42,39.5],[45.7,39.56],[45.76,39.36],[45.9,39.3],[46.14,38.86],[46.52,38.88],[46.48,39.12],[46.6,39.22],[46.48,39.46],[45.88,39.8],[45.8,39.86],[45.58,39.98],[45.88,40],[45.88,40.26],[45.82,40.3],[45.52,40.44],[45.38,40.66],[45.48,40.74],[45.44,40.94],[45.38,41.02],[45,41.3]]}},{"type":"Feature","properties":{"iso":"AO"},"geometry":{"type":"MultiLineString","coordinates":[[[12.78,-4.4],[12.6,-4.56],[12.38,-4.62],[12,-5.02],[12.24,-5.48],[12.22,-5.76],[12.5,-5.72],[12.54,-5.16],[12.44,-5.06],[12.68,-4.92],[12.84,-4.72],[13.08,-4.64],[12.78,-4.4]],[[17.28,-17.38],[18,-17.38],[18.46,-17.38],[18.76,-17.74],[19.02,-17.82],[19.68,-17.84],[20.04,-17.9],[20.34,-17.86],[20.56,-17.98],[20.8,-18.04],[20.98,-17.96],[21.22,-17.94],[21.38,-18.02],[23.38,-17.64],[22.76,-17.16],[22.34,-16.68],[22.16,-16.6],[21.98,-16.16],[21.98,-14.8],[21.98,-13.7],[21.98,-13],[24,-13],[23.86,-12.78],[24.04,-12.38],[23.96,-12.2],[23.96,-11.62],[24.06,-11.4],[23.96,-10.88],[23.84,-11.02],[23.5,-10.96],[23.02,-11.1],[22.54,-11.04],[22.28,-11.24],[22.16,-10.86],[22.3,-10.62],[22.32,-10.36],[22.16,-9.94],[21.86,-9.62],[21.86,-8.84],[21.94,-8.5],[21.92,-8.34],[21.76,-8.02],[21.82,-7.64],[21.78,-7.28],[20.52,-7.28],[20.62,-6.92],[20.3,-7],[19.96,-7],[19.52,-7],[19.36,-8],[18.18,-8],[18.1,-8.1],[17.9,-8.04],[17.54,-8.08],[17.1,-7.38],[17,-7.3],[16.92,-6.88],[16.74,-6.56],[16.72,-6.18],[16.6,-5.92],[16.1,-5.86],[14.76,-5.88],[14.58,-5.9],[14.02,-5.88],[13.18,-5.86],[12.92,-5.98],[12.28,-6.14],[12.62,-6.74],[12.82,-6.94],[12.84,-7.26],[13.1,-7.8],[13.36,-8.32],[13.38,-8.58],[13.38,-8.76],[13.22,-8.82],[13,-9.1],[13.14,-9.34],[13.2,-9.7],[13.48,-10.24],[13.54,-10.42],[13.76,-10.64],[13.84,-11.12],[13.8,-11.34],[13.8,-11.74],[13.64,-12.24],[13.36,-12.6],[13.18,-12.6],[12.94,-12.82],[12.94,-12.98],[12.52,-13.44],[12.54,-13.56],[12.5,-13.86],[12.32,-14.1],[12.34,-14.44],[12.28,-14.76],[12.06,-15.24],[12,-15.62],[11.74,-15.9],[11.82,-16.48],[11.76,-17.26],[12.1,-17.14],[12.24,-17.22],[12.56,-17.24],[12.88,-17.02],[13.34,-16.96],[13.94,-17.4],[14.22,-17.38],[15.56,-17.38],[17.28,-17.38]]]}},{"type":"Feature","properties":{"iso":"AQ"},"geometry":{"type":"MultiLineString","coordinates":[[[-51.74,-82.06],[-53.22,-82.12],[-55.92,-82.48],[-57.7,-82.92],[-59.46,-83.46],[-61.62,-83.32],[-60.98,-82.98],[-61.94,-82.98],[-62.8,-82.52],[-61.12,-82.34],[-62.48,-82.26],[-65.08,-82.4],[-66.06,-82.2],[-65.7,-81.72],[-62.2,-81.7],[-62.42,-81.56],[-65.18,-81.52],[-68.38,-81.12],[-69.98,-80.98],[-70.44,-80.66],[-72.56,-80.8],[-74.04,-80.8],[-74.84,-80.92],[-75.72,-80.64],[-75.58,-80.4],[-76.64,-79.94],[-75.92,-79.52],[-76.54,-79.32],[-80.42,-79.26],[-81.1,-79.2],[-83.26,-78.78],[-83.88,-78.42],[-83.68,-78.02],[-82.48,-78.46],[-80.3,-78.84],[-77.76,-78.74],[-77.42,-78.42],[-81.62,-77.86],[-80.76,-77.78],[-77.68,-77.92],[-75.22,-78.14],[-73.62,-78.02],[-72.72,-77.58],[-75.08,-77.44],[-75.52,-77.54],[-77.52,-76.72],[-76.5,-76.52],[-75.9,-76.62],[-75.22,-76.56],[-72.4,-76.68],[-71.7,-76.76],[-70.34,-76.68],[-70.18,-76.46],[-68.1,-76.14],[-66.22,-76.02],[-63.16,-75.4],[-64.28,-75.24],[-63.04,-75.14],[-63.58,-74.88],[-63.3,-74.72],[-62.68,-74.7],[-62.14,-74.96],[-61.54,-74.54],[-60.68,-74.32],[-61.06,-74.1],[-60.8,-73.58],[-61.72,-73.46],[-61.16,-73.32],[-60.7,-73.4],[-60.1,-73.3],[-60.24,-73.04],[-60.62,-72.94],[-60.52,-72.68],[-61.04,-72.7],[-61.36,-72.46],[-60.64,-72.42],[-60.66,-72.26],[-61.42,-72.06],[-61.5,-71.86],[-60.78,-71.76],[-61.12,-71.54],[-60.94,-71.18],[-61.34,-71.04],[-61.26,-70.9],[-62,-70.8],[-61.36,-70.56],[-62.38,-70.42],[-62,-70.08],[-62.52,-69.86],[-62.4,-69.52],[-62.96,-69.38],[-63.32,-69.06],[-63.22,-68.84],[-63.82,-68.72],[-64.36,-68.78],[-65.34,-68.56],[-64.98,-68.4],[-65.48,-68.3],[-64.98,-68.08],[-65.68,-67.88],[-65.58,-67.56],[-65.32,-67.4],[-64.74,-67.3],[-64.96,-67.04],[-64.78,-66.84],[-63.84,-66.92],[-63.94,-66.7],[-63.76,-66.22],[-63.24,-66.24],[-62.9,-66.48],[-62.56,-66.42],[-62.66,-66.22],[-62.22,-66.18],[-61.68,-66.32],[-60.58,-65.94],[-61.24,-65.92],[-61.34,-66.08],[-62.02,-66.12],[-62.38,-65.92],[-61.96,-65.5],[-62.2,-65.3],[-61.74,-65.08],[-61.06,-65.02],[-60.64,-64.7],[-60.24,-64.52],[-59.42,-64.34],[-59,-64.44],[-58.76,-64.28],[-58.74,-64.04],[-58.08,-63.66],[-57.76,-63.66],[-57.12,-63.5],[-57.1,-63.24],[-57.88,-63.32],[-58.14,-63.44],[-58.9,-63.54],[-58.92,-63.66],[-59.48,-63.88],[-59.92,-63.84],[-60.88,-64.04],[-61.12,-64.38],[-61.58,-64.44],[-62.14,-64.78],[-62.52,-64.74],[-62.9,-64.94],[-63.08,-65.16],[-63.82,-65.04],[-64.1,-65.26],[-63.68,-65.52],[-64.14,-65.62],[-64.68,-66.04],[-65.26,-65.96],[-65.64,-66.22],[-65.8,-66.72],[-66.3,-66.58],[-66.44,-66.84],[-67.54,-67.14],[-67.48,-67.54],[-67,-67.46],[-66.64,-67.54],[-67.26,-67.96],[-66.94,-68.22],[-67.02,-68.78],[-66.76,-69.08],[-67,-69.26],[-67.52,-69.44],[-67.96,-69.38],[-68.82,-69.44],[-68.36,-69.68],[-68.48,-70.06],[-67.94,-70.32],[-67.42,-71],[-67.62,-71.44],[-66.8,-71.96],[-66.74,-72.1],[-67.52,-72.84],[-68.66,-73.08],[-70.3,-73.3],[-70.88,-73.26],[-71.42,-73.36],[-73.08,-73.44],[-74.1,-73.72],[-75.26,-73.62],[-76.28,-73.82],[-77.24,-73.82],[-76.7,-73.54],[-77.54,-73.46],[-78.88,-73.58],[-78.74,-73.36],[-79.64,-73.04],[-80.38,-72.94],[-80.44,-73.18],[-81.32,-73.28],[-81.24,-73.74],[-82.06,-73.88],[-82.94,-73.72],[-83.88,-73.66],[-85.54,-73.38],[-85.68,-73.18],[-86.94,-73.38],[-87.5,-73.2],[-88.44,-73.26],[-88.72,-73.12],[-88.1,-72.84],[-88.22,-72.72],[-89.12,-72.76],[-89.28,-73.1],[-90.2,-73.14],[-91.12,-73.3],[-91.96,-73.18],[-93.58,-73.18],[-94.34,-73.32],[-95.2,-73.2],[-95.84,-73.34],[-96.48,-73.3],[-97.72,-73.02],[-99.68,-73.02],[-100.38,-73.06],[-100.76,-72.98],[-101.96,-73.06],[-102.1,-72.78],[-103.04,-72.7],[-103.42,-72.84],[-103.28,-73.16],[-102.88,-73.3],[-101.86,-73.3],[-99.76,-73.36],[-99.48,-73.54],[-99.86,-73.74],[-101.16,-73.78],[-101.38,-73.66],[-102.88,-73.58],[-102.92,-73.86],[-101.58,-74],[-101.3,-74.3],[-101.4,-74.5],[-100.14,-74.48],[-100.08,-74.84],[-99.32,-74.96],[-99.44,-75.3],[-100.14,-75.38],[-101.66,-75.3],[-101.56,-75.14],[-103.3,-75.08],[-105.14,-75.18],[-106.44,-75.32],[-107.86,-75.32],[-108.1,-75.26],[-109.7,-75.14],[-111.48,-75.2],[-111.52,-75.1],[-110.3,-74.78],[-110.1,-74.54],[-110.44,-74.28],[-111.24,-74.2],[-111.88,-74.22],[-111.7,-74.42],[-111.92,-74.62],[-111.54,-74.8],[-113.96,-74.88],[-113.64,-74.58],[-113.88,-74.24],[-113.62,-74.02],[-114.22,-73.86],[-115.12,-74.1],[-114.84,-74.48],[-116.7,-74.56],[-117.66,-74.5],[-118.12,-74.32],[-118.98,-74.4],[-119.14,-74.6],[-120.82,-74.74],[-124.06,-74.82],[-124.36,-74.7],[-126.94,-74.68],[-128.48,-74.76],[-129.98,-74.92],[-131.02,-74.82],[-132.8,-74.76],[-133.86,-74.92],[-135.34,-74.56],[-136.88,-74.82],[-136.88,-75.04],[-139.56,-75.14],[-140.28,-75.44],[-141.24,-75.6],[-142.46,-75.44],[-144.3,-75.64],[-144.16,-75.8],[-145.18,-75.9],[-146.2,-75.92],[-146.5,-76.08],[-145.54,-76.32],[-146.26,-76.42],[-148.2,-76.08],[-148.54,-76.22],[-149.48,-76.3],[-149.64,-76.42],[-148.46,-76.5],[-147.08,-76.44],[-145.6,-76.92],[-145.28,-77.22],[-145.4,-77.48],[-146.4,-77.5],[-146.88,-77.26],[-147.84,-77.26],[-148.52,-77.1],[-149.02,-77.34],[-147.76,-77.46],[-148.68,-77.68],[-149.98,-77.82],[-151.52,-77.42],[-154.9,-77.1],[-155.48,-77.16],[-156.32,-77.06],[-157.08,-77.36],[-157.92,-77.06],[-158.32,-77.14],[-158.14,-77.42],[-158.64,-77.86],[-157.2,-78.26],[-156.34,-78.2],[-154.14,-78.24],[-154.74,-78.46],[-156.06,-78.5],[-156.52,-78.66],[-154.96,-79.04],[-153.08,-79.14],[-150.44,-79.56],[-149.1,-79.64],[-147.94,-79.78],[-148.84,-80.14],[-150.36,-80.08],[-150.6,-80.26],[-149.02,-80.6],[-147.62,-80.92],[-152.52,-81.04],[-156.46,-81.14],[-157.06,-81.36],[-155,-81.48],[-153.8,-81.7],[-154.8,-81.96],[-152.9,-82.38],[-152.54,-82.54],[-155.06,-82.8],[-155.6,-83.04],[-157.56,-83.4],[-162.16,-83.52],[-162.86,-83.32],[-164.16,-83.4],[-165.08,-83.2],[-168.08,-83.26],[-170.72,-83.2],[-171.4,-82.96],[-172.52,-82.86],[-174.02,-82.92],[-169.44,-83.4],[-168.06,-83.76],[-165.42,-83.76],[-163.7,-84.04],[-165.16,-84.14],[-165.4,-84.36],[-163.86,-84.54],[-155.64,-84.82],[-156.94,-85],[-156,-85.22],[-162.84,-84.88],[-168.02,-84.78],[-168.26,-84.64],[-175.18,-84.42],[-176,-84.48],[-178.3,-84.3],[-179.96,-84.36],[-180,-84.36],[-180,-84.52],[-180,-85.02],[-180,-85.52],[-180,-86.02],[-180,-86.5],[-180,-87],[-180,-87.5],[-180,-88],[-180,-88.5],[-180,-89],[-180,-89.5],[-180,-90],[-179.5,-90],[-179,-90],[-178.5,-90],[-178,-90],[-177.5,-90],[-177,-90],[-176.5,-90],[-176,-90],[-175.5,-90],[-175,-90],[-174.5,-90],[-174,-90],[-173.5,-90],[-173,-90],[-172.52,-90],[-172.02,-90],[-171.52,-90],[-171.02,-90],[-170.52,-90],[-170.02,-90],[-169.52,-90],[-169.02,-90],[-168.52,-90],[-168.02,-90],[-167.52,-90],[-167.02,-90],[-166.52,-90],[-166.02,-90],[-165.52,-90],[-165.02,-90],[-164.52,-90],[-164.02,-90],[-163.52,-90],[-163.02,-90],[-162.52,-90],[-162.02,-90],[-161.52,-90],[-161.02,-90],[-160.52,-90],[-160.02,-90],[-159.52,-90],[-159.02,-90],[-158.52,-90],[-158.04,-90],[-157.54,-90],[-157.04,-90],[-156.54,-90],[-156.04,-90],[-155.54,-90],[-155.04,-90],[-154.54,-90],[-154.04,-90],[-153.54,-90],[-153.04,-90],[-152.54,-90],[-152.04,-90],[-151.54,-90],[-151.04,-90],[-150.54,-90],[-150.04,-90],[-149.54,-90],[-149.04,-90],[-148.54,-90],[-148.04,-90],[-147.54,-90],[-147.04,-90],[-146.54,-90],[-146.04,-90],[-145.54,-90],[-145.04,-90],[-144.54,-90],[-144.04,-90],[-143.56,-90],[-143.06,-90],[-142.56,-90],[-142.06,-90],[-141.56,-90],[-141.06,-90],[-140.56,-90],[-140.06,-90],[-139.56,-90],[-139.06,-90],[-138.56,-90],[-138.06,-90],[-137.56,-90],[-137.06,-90],[-136.56,-90],[-136.06,-90],[-135.56,-90],[-135.06,-90],[-134.56,-90],[-134.06,-90],[-133.56,-90],[-133.06,-90],[-132.56,-90],[-132.06,-90],[-131.56,-90],[-131.06,-90],[-130.56,-90],[-130.06,-90],[-129.58,-90],[-129.08,-90],[-128.58,-90],[-128.08,-90],[-127.58,-90],[-127.08,-90],[-126.58,-90],[-126.08,-90],[-125.58,-90],[-125.08,-90],[-124.58,-90],[-124.08,-90],[-123.58,-90],[-123.08,-90],[-122.58,-90],[-122.08,-90],[-121.58,-90],[-121.08,-90],[-120.58,-90],[-120.08,-90],[-119.58,-90],[-119.08,-90],[-118.58,-90],[-118.08,-90],[-117.58,-90],[-117.08,-90],[-116.58,-90],[-116.08,-90],[-115.58,-90],[-115.1,-90],[-114.6,-90],[-114.1,-90],[-113.6,-90],[-113.1,-90],[-112.6,-90],[-112.1,-90],[-111.6,-90],[-111.1,-90],[-110.6,-90],[-110.1,-90],[-109.6,-90],[-109.1,-90],[-108.6,-90],[-108.1,-90],[-107.6,-90],[-107.1,-90],[-106.6,-90],[-106.1,-90],[-105.6,-90],[-105.1,-90],[-104.6,-90],[-104.1,-90],[-103.6,-90],[-103.1,-90],[-102.6,-90],[-102.1,-90],[-101.6,-90],[-101.1,-90],[-100.62,-90],[-100.12,-90],[-99.62,-90],[-99.12,-90],[-98.62,-90],[-98.12,-90],[-97.62,-90],[-97.12,-90],[-96.62,-90],[-96.12,-90],[-95.62,-90],[-95.12,-90],[-94.62,-90],[-94.12,-90],[-93.62,-90],[-93.12,-90],[-92.62,-90],[-92.12,-90],[-91.62,-90],[-91.12,-90],[-90.62,-90],[-90.12,-90],[-89.62,-90],[-89.12,-90],[-88.62,-90],[-88.12,-90],[-87.62,-90],[-87.12,-90],[-86.62,-90],[-86.14,-90],[-85.64,-90],[-85.14,-90],[-84.64,-90],[-84.14,-90],[-83.64,-90],[-83.14,-90],[-82.64,-90],[-82.14,-90],[-81.64,-90],[-81.14,-90],[-80.64,-90],[-80.14,-90],[-79.64,-90],[-79.14,-90],[-78.64,-90],[-78.14,-90],[-77.64,-90],[-77.14,-90],[-76.64,-90],[-76.14,-90],[-75.64,-90],[-75.14,-90],[-74.64,-90],[-74.14,-90],[-73.64,-90],[-73.14,-90],[-72.64,-90],[-72.14,-90],[-71.66,-90],[-71.16,-90],[-70.66,-90],[-70.16,-90],[-69.66,-90],[-69.16,-90],[-68.66,-90],[-68.16,-90],[-67.66,-90],[-67.16,-90],[-66.66,-90],[-66.16,-90],[-65.66,-90],[-65.16,-90],[-64.66,-90],[-64.16,-90],[-63.66,-90],[-63.16,-90],[-62.66,-90],[-62.16,-90],[-61.66,-90],[-61.16,-90],[-60.66,-90],[-60.16,-90],[-59.66,-90],[-59.16,-90],[-58.66,-90],[-58.16,-90],[-57.66,-90],[-57.18,-90],[-56.68,-90],[-56.18,-90],[-55.68,-90],[-55.18,-90],[-54.68,-90],[-54.18,-90],[-53.68,-90],[-53.18,-90],[-52.68,-90],[-52.18,-90],[-51.68,-90],[-51.18,-90],[-50.68,-90],[-50.18,-90],[-49.68,-90],[-49.18,-90],[-48.68,-90],[-48.18,-90],[-47.68,-90],[-47.18,-90],[-46.68,-90],[-46.18,-90],[-45.68,-90],[-45.18,-90],[-44.68,-90],[-44.18,-90],[-43.68,-90],[-43.2,-90],[-42.7,-90],[-42.2,-90],[-41.7,-90],[-41.2,-90],[-40.7,-90],[-40.2,-90],[-39.7,-90],[-39.2,-90],[-38.7,-90],[-38.2,-90],[-37.7,-90],[-37.2,-90],[-36.7,-90],[-36.2,-90],[-35.7,-90],[-35.2,-90],[-34.7,-90],[-34.2,-90],[-33.7,-90],[-33.2,-90],[-32.7,-90],[-32.2,-90],[-31.7,-90],[-31.2,-90],[-30.7,-90],[-30.2,-90],[-29.7,-90],[-29.2,-90],[-28.72,-90],[-28.22,-90],[-27.72,-90],[-27.22,-90],[-26.72,-90],[-26.22,-90],[-25.72,-90],[-25.22,-90],[-24.72,-90],[-24.22,-90],[-23.72,-90],[-23.22,-90],[-22.72,-90],[-22.22,-90],[-21.72,-90],[-21.22,-90],[-20.72,-90],[-20.22,-90],[-19.72,-90],[-19.22,-90],[-18.72,-90],[-18.22,-90],[-17.72,-90],[-17.22,-90],[-16.72,-90],[-16.22,-90],[-15.72,-90],[-15.22,-90],[-14.72,-90],[-14.24,-90],[-13.74,-90],[-13.24,-90],[-12.74,-90],[-12.24,-90],[-11.74,-90],[-11.24,-90],[-10.74,-90],[-10.24,-90],[-9.74,-90],[-9.24,-90],[-8.74,-90],[-8.24,-90],[-7.74,-90],[-7.24,-90],[-6.74,-90],[-6.24,-90],[-5.74,-90],[-5.24,-90],[-4.74,-90],[-4.24,-90],[-3.74,-90],[-3.24,-90],[-2.74,-90],[-2.24,-90],[-1.74,-90],[-1.24,-90],[-0.74,-90],[-0.24,-90],[0.24,-90],[0.74,-90],[1.24,-90],[1.74,-90],[2.24,-90],[2.74,-90],[3.24,-90],[3.74,-90],[4.24,-90],[4.74,-90],[5.24,-90],[5.74,-90],[6.24,-90],[6.74,-90],[7.24,-90],[7.74,-90],[8.24,-90],[8.74,-90],[9.24,-90],[9.74,-90],[10.24,-90],[10.74,-90],[11.24,-90],[11.74,-90],[12.24,-90],[12.74,-90],[13.24,-90],[13.74,-90],[14.24,-90],[14.72,-90],[15.22,-90],[15.72,-90],[16.22,-90],[16.72,-90],[17.22,-90],[17.72,-90],[18.22,-90],[18.72,-90],[19.22,-90],[19.72,-90],[20.22,-90],[20.72,-90],[21.22,-90],[21.72,-90],[22.22,-90],[22.72,-90],[23.22,-90],[23.72,-90],[24.22,-90],[24.72,-90],[25.22,-90],[25.72,-90],[26.22,-90],[26.72,-90],[27.22,-90],[27.72,-90],[28.22,-90],[28.72,-90],[29.2,-90],[29.7,-90],[30.2,-90],[30.7,-90],[31.2,-90],[31.7,-90],[32.2,-90],[32.7,-90],[33.2,-90],[33.7,-90],[34.2,-90],[34.7,-90],[35.2,-90],[35.7,-90],[36.2,-90],[36.7,-90],[37.2,-90],[37.7,-90],[38.2,-90],[38.7,-90],[39.2,-90],[39.7,-90],[40.2,-90],[40.7,-90],[41.2,-90],[41.7,-90],[42.2,-90],[42.7,-90],[43.2,-90],[43.68,-90],[44.18,-90],[44.68,-90],[45.18,-90],[45.68,-90],[46.18,-90],[46.68,-90],[47.18,-90],[47.68,-90],[48.18,-90],[48.68,-90],[49.18,-90],[49.68,-90],[50.18,-90],[50.68,-90],[51.18,-90],[51.68,-90],[52.18,-90],[52.68,-90],[53.18,-90],[53.68,-90],[54.18,-90],[54.68,-90],[55.18,-90],[55.68,-90],[56.18,-90],[56.68,-90],[57.18,-90],[57.66,-90],[58.16,-90],[58.66,-90],[59.16,-90],[59.66,-90],[60.16,-90],[60.66,-90],[61.16,-90],[61.66,-90],[62.16,-90],[62.66,-90],[63.16,-90],[63.66,-90],[64.16,-90],[64.66,-90],[65.16,-90],[65.66,-90],[66.16,-90],[66.66,-90],[67.16,-90],[67.66,-90],[68.16,-90],[68.66,-90],[69.16,-90],[69.66,-90],[70.16,-90],[70.66,-90],[71.16,-90],[71.66,-90],[72.14,-90],[72.64,-90],[73.14,-90],[73.64,-90],[74.14,-90],[74.64,-90],[75.14,-90],[75.64,-90],[76.14,-90],[76.64,-90],[77.14,-90],[77.64,-90],[78.14,-90],[78.64,-90],[79.14,-90],[79.64,-90],[80.14,-90],[80.64,-90],[81.14,-90],[81.64,-90],[82.14,-90],[82.64,-90],[83.14,-90],[83.64,-90],[84.14,-90],[84.64,-90],[85.14,-90],[85.64,-90],[86.14,-90],[86.62,-90],[87.12,-90],[87.62,-90],[88.12,-90],[88.62,-90],[89.12,-90],[89.62,-90],[90.12,-90],[90.62,-90],[91.12,-90],[91.62,-90],[92.12,-90],[92.62,-90],[93.12,-90],[93.62,-90],[94.12,-90],[94.62,-90],[95.12,-90],[95.62,-90],[96.12,-90],[96.62,-90],[97.12,-90],[97.62,-90],[98.12,-90],[98.62,-90],[99.12,-90],[99.62,-90],[100.12,-90],[100.62,-90],[101.1,-90],[101.6,-90],[102.1,-90],[102.6,-90],[103.1,-90],[103.6,-90],[104.1,-90],[104.6,-90],[105.1,-90],[105.6,-90],[106.1,-90],[106.6,-90],[107.1,-90],[107.6,-90],[108.1,-90],[108.6,-90],[109.1,-90],[109.6,-90],[110.1,-90],[110.6,-90],[111.1,-90],[111.6,-90],[112.1,-90],[112.6,-90],[113.1,-90],[113.6,-90],[114.1,-90],[114.6,-90],[115.1,-90],[115.58,-90],[116.08,-90],[116.58,-90],[117.08,-90],[117.58,-90],[118.08,-90],[118.58,-90],[119.08,-90],[119.58,-90],[120.08,-90],[120.58,-90],[121.08,-90],[121.58,-90],[122.08,-90],[122.58,-90],[123.08,-90],[123.58,-90],[124.08,-90],[124.58,-90],[125.08,-90],[125.58,-90],[126.08,-90],[126.58,-90],[127.08,-90],[127.58,-90],[128.08,-90],[128.58,-90],[129.08,-90],[129.58,-90],[130.06,-90],[130.56,-90],[131.06,-90],[131.56,-90],[132.06,-90],[132.56,-90],[133.06,-90],[133.56,-90],[134.06,-90],[134.56,-90],[135.06,-90],[135.56,-90],[136.06,-90],[136.56,-90],[137.06,-90],[137.56,-90],[138.06,-90],[138.56,-90],[139.06,-90],[139.56,-90],[140.06,-90],[140.56,-90],[141.06,-90],[141.56,-90],[142.06,-90],[142.56,-90],[143.06,-90],[143.56,-90],[144.04,-90],[144.54,-90],[145.04,-90],[145.54,-90],[146.04,-90],[146.54,-90],[147.04,-90],[147.54,-90],[148.04,-90],[148.54,-90],[149.04,-90],[149.54,-90],[150.04,-90],[150.54,-90],[151.04,-90],[151.54,-90],[152.04,-90],[152.54,-90],[153.04,-90],[153.54,-90],[154.04,-90],[154.54,-90],[155.04,-90],[155.54,-90],[156.04,-90],[156.54,-90],[157.04,-90],[157.54,-90],[158.04,-90],[158.52,-90],[159.02,-90],[159.52,-90],[160.02,-90],[160.52,-90],[161.02,-90],[161.52,-90],[162.02,-90],[162.52,-90],[163.02,-90],[163.52,-90],[164.02,-90],[164.52,-90],[165.02,-90],[165.52,-90],[166.02,-90],[166.52,-90],[167.02,-90],[167.52,-90],[168.02,-90],[168.52,-90],[169.02,-90],[169.52,-90],[170.02,-90],[170.52,-90],[171.02,-90],[171.52,-90],[172.02,-90],[172.52,-90],[173,-90],[173.5,-90],[174,-90],[174.5,-90],[175,-90],[175.5,-90],[176,-90],[176.5,-90],[177,-90],[177.5,-90],[178,-90],[178.5,-90],[179,-90],[179.5,-90],[180,-90],[180,-89.5],[180,-89],[180,-88.5],[180,-88],[180,-87.5],[180,-87],[180,-86.5],[180,-86.02],[180,-85.52],[180,-85.02],[180,-84.52],[180,-84.36],[179.36,-84.2],[173.96,-83.88],[171.2,-83.44],[167.74,-83.26],[167.3,-82.82],[164.68,-82.34],[163.32,-82.48],[160.64,-82.42],[163.84,-82.24],[162.4,-81.8],[162.48,-81.68],[161.02,-81.54],[160.9,-81],[160.16,-80.78],[161.2,-80.64],[160.76,-80.38],[158.58,-80.48],[158.78,-80.26],[160.86,-79.96],[160.32,-79.86],[160.76,-79.66],[160.38,-79.16],[161.14,-79.04],[162.06,-79.06],[162.12,-78.76],[163.86,-78.74],[164.4,-78.6],[166.08,-78.56],[165.68,-78.26],[164.2,-78.22],[164.5,-77.86],[163.9,-77.7],[163.72,-77.4],[163.06,-77.02],[162.46,-77.02],[162.94,-76.7],[162.74,-76.08],[162.9,-75.82],[162.2,-75.64],[162.2,-75.38],[162.78,-75],[162.6,-74.76],[165.28,-74.46],[164.6,-73.92],[165.26,-73.9],[167.04,-73.56],[167.36,-73.4],[167.18,-73.16],[169.22,-73.14],[169.94,-72.74],[168.86,-72.58],[169.12,-72.48],[170.26,-72.6],[170.28,-72.32],[170.02,-72.18],[170.26,-71.96],[170.78,-71.96],[170.82,-71.7],[170.36,-71.54],[169.8,-71.52],[167.88,-71.02],[167.42,-70.76],[166.48,-70.76],[165.32,-70.56],[164.24,-70.5],[164.2,-70.64],[163.42,-70.66],[162.92,-70.5],[162.6,-70.26],[162.1,-70.32],[162,-70.92],[161.42,-70.9],[161.18,-70.42],[160.64,-70.04],[159.76,-69.88],[160.34,-69.8],[159.76,-69.5],[158,-69.18],[156.36,-69.2],[155.88,-68.98],[155.02,-68.9],[154.72,-68.52],[153.84,-68.28],[153.7,-68.54],[153.84,-68.76],[153.26,-68.88],[152.4,-68.7],[150.98,-68.72],[151.1,-68.4],[150.38,-68.44],[149.4,-68.38],[148.44,-68.48],[147.62,-68.36],[147.26,-68.4],[146.72,-68.3],[147.08,-68.12],[146.38,-67.92],[146.04,-67.58],[145.24,-67.52],[144.94,-67.72],[143.88,-67.94],[144.66,-67.12],[144.52,-67.02],[143.48,-66.84],[142.82,-67.02],[142.48,-67.02],[141.98,-66.8],[140.08,-66.74],[139.26,-66.56],[138.02,-66.48],[137.74,-66.38],[136.94,-66.32],[136.64,-66.46],[136.16,-66.24],[134.74,-66.36],[133.8,-66.1],[133.12,-66.1],[131.76,-66.24],[130.72,-66.14],[130.1,-66.28],[129.54,-66.62],[129.44,-66.96],[129.2,-67.1],[128.76,-67.02],[128.52,-67.14],[127.84,-67.02],[127.44,-67.08],[127,-66.94],[126.72,-66.6],[126.86,-66.44],[126.12,-66.44],[125.9,-66.3],[125.42,-66.42],[125.14,-66.66],[124.62,-66.76],[124.26,-66.6],[122.24,-66.84],[121.52,-67.1],[119.02,-67.42],[118.36,-67.04],[117.58,-67.12],[116.5,-67.12],[115.34,-67.22],[114.04,-67.48],[114.04,-67.2],[115.16,-67.06],[115.78,-66.78],[115.6,-66.6],[115.12,-66.48],[114.68,-66.48],[114.4,-66.24],[113.78,-65.94],[113.2,-65.76],[110.92,-66.06],[110.48,-66.3],[110.72,-66.4],[110.44,-66.66],[109.84,-66.86],[108.84,-66.96],[108.14,-66.62],[107.12,-66.46],[106.76,-66.46],[103.9,-65.98],[103.56,-66],[102.72,-65.86],[102.34,-65.96],[101.34,-65.94],[101.34,-66.08],[100.82,-66.38],[99.92,-66.5],[98.9,-66.78],[98.52,-66.44],[98.24,-66.44],[97.48,-66.64],[97.24,-66.5],[95.64,-66.68],[94.92,-66.48],[94,-66.74],[93.62,-66.58],[92.76,-66.64],[91.96,-66.5],[91.14,-66.58],[90.38,-66.82],[89.66,-66.84],[88.74,-66.78],[88.24,-66.86],[87.96,-66.78],[86.7,-67.06],[86.06,-67.04],[85.62,-67.18],[84.96,-67.08],[84.42,-67.12],[83.72,-67.32],[83.22,-67.58],[82.06,-67.68],[79.14,-68.14],[78.74,-68.26],[78.46,-68.5],[78.66,-68.7],[77.98,-68.82],[77.84,-69.14],[77,-69.22],[76.82,-69.36],[75.82,-69.52],[75.88,-69.78],[74.28,-69.9],[74.22,-69.74],[73.48,-69.78],[73.24,-69.98],[72.62,-70.2],[72.86,-70.44],[71.8,-70.72],[71.2,-71.34],[71.12,-71.74],[70.68,-71.84],[70.54,-72.04],[69.94,-72.08],[69.52,-72.44],[68.5,-72.48],[67.92,-72.72],[68.12,-72.96],[67.96,-73.14],[67.34,-73.3],[66.38,-73.2],[67,-72.9],[67.44,-71.9],[67.88,-71.66],[67.84,-71.54],[68.34,-71.26],[68.66,-71.2],[69.22,-70.68],[69.24,-70.4],[68.74,-70.34],[68.08,-70.46],[67.46,-70.2],[67.6,-70.02],[68.28,-69.84],[68.6,-70.02],[69.16,-69.88],[69.36,-69.62],[68.74,-69.38],[68.98,-69.3],[69.7,-69.32],[69.66,-68.98],[69.28,-68.84],[69.66,-68.58],[70.12,-68.5],[69.64,-68.12],[69.68,-67.86],[68.38,-67.9],[64.72,-67.66],[63.66,-67.5],[63.12,-67.54],[62.62,-67.66],[62.12,-67.56],[61.16,-67.5],[60.62,-67.4],[59.68,-67.4],[59.26,-67.48],[58.8,-67.34],[58.88,-67.16],[58.14,-67.16],[57.56,-67],[57.28,-67.08],[56.6,-66.94],[56.5,-66.68],[57.24,-66.72],[57.2,-66.54],[56.8,-66.4],[56.38,-66.46],[55.62,-66.02],[55.18,-65.94],[53.74,-65.84],[52.84,-65.96],[51.78,-66.04],[51.36,-66.22],[50.54,-66.3],[50.2,-66.58],[50.58,-67.22],[49.32,-66.88],[48.58,-66.94],[48.44,-67.18],[49.34,-67.18],[49.18,-67.38],[48.62,-67.46],[48.72,-67.68],[47.26,-67.66],[46.92,-67.5],[46.9,-67.26],[46.28,-67.34],[46.22,-67.66],[44.72,-67.78],[44.82,-67.96],[44,-67.96],[42.86,-68.1],[42.54,-68.38],[41.98,-68.4],[41.02,-68.6],[40.88,-68.7],[39.86,-68.82],[39.7,-69.06],[39.84,-69.4],[39.72,-69.58],[39.2,-69.7],[39.2,-69.9],[38.8,-69.98],[38.14,-69.88],[38.04,-69.72],[37.54,-69.68],[36.98,-69.8],[36.76,-69.64],[35.7,-69.66],[35.24,-69.74],[35.2,-69.3],[34.58,-69.06],[33.78,-69.06],[34.22,-68.68],[33.22,-68.66],[32.5,-68.94],[32.54,-69.12],[32.92,-69.34],[32.86,-69.94],[32.56,-70.06],[31.28,-70.24],[30.94,-70.22],[29.84,-70.32],[28.46,-70.7],[27.62,-70.74],[26.44,-71.04],[24.96,-70.94],[24.32,-70.74],[24.4,-70.54],[23.76,-70.4],[23.32,-70.8],[22.32,-70.76],[22.58,-70.54],[21.8,-70.24],[21.2,-70.58],[21.2,-70.82],[20.4,-70.92],[19.28,-70.92],[18.94,-70.74],[19.3,-70.36],[19.16,-70.2],[18.32,-70.32],[18.1,-70.54],[16.6,-70.38],[16.52,-70.12],[15.96,-70.18],[15.82,-70.38],[14.52,-70.28],[13.84,-70.34],[13.02,-70.24],[12.32,-70.38],[11.86,-70.78],[10.72,-70.64],[9.98,-70.46],[9.4,-70.1],[9.16,-70.3],[8.44,-70.48],[7.94,-70.48],[7.84,-70.16],[7.42,-70.2],[7.56,-70.52],[5.58,-70.64],[5,-70.64],[4.22,-70.78],[2.52,-70.9],[0.94,-71.18],[0.24,-71.34],[-0.46,-71.76],[-0.96,-71.62],[-0.82,-71.38],[-2.14,-71.48],[-2.88,-71.26],[-3.34,-71.42],[-5.2,-71.34],[-6.14,-71.36],[-5.74,-71.04],[-5.68,-70.74],[-6.32,-70.7],[-6.62,-70.92],[-7.28,-70.8],[-7.86,-70.82],[-7.56,-71.16],[-7.76,-71.42],[-7.6,-71.6],[-8.62,-71.7],[-9.1,-71.18],[-9.94,-71.06],[-10.6,-71.3],[-10.6,-71.52],[-11.08,-71.54],[-11.88,-71.26],[-12.38,-71.4],[-12.18,-71.62],[-11.52,-71.76],[-10.94,-71.74],[-11.04,-72.04],[-11.36,-72.4],[-12.46,-72.56],[-13.18,-72.8],[-14.22,-72.82],[-13.9,-72.98],[-14.1,-73.14],[-14.88,-73.04],[-15.54,-73.08],[-16.44,-73.42],[-16.6,-73.64],[-15.68,-73.94],[-14.7,-73.78],[-14.36,-73.86],[-15.76,-74.44],[-16.6,-74.3],[-17.46,-74.34],[-17.8,-74.78],[-18.88,-75.24],[-18.5,-75.42],[-19.24,-75.54],[-20.4,-75.48],[-21.18,-75.7],[-22.3,-75.64],[-24.32,-75.78],[-25.94,-75.94],[-26.98,-76.16],[-28.86,-76.36],[-30.16,-76.64],[-30.7,-76.84],[-31.7,-76.98],[-33.72,-77.32],[-35.32,-77.84],[-35.58,-78.16],[-36.02,-78.22],[-36.44,-78.62],[-36.26,-78.86],[-32.82,-79.24],[-30.62,-79.08],[-29.54,-79.28],[-30.68,-79.58],[-24.72,-79.78],[-23.74,-79.84],[-22.9,-79.98],[-24.26,-80.08],[-29.76,-80.18],[-31.28,-80.3],[-33.48,-80.62],[-35.22,-80.7],[-36.04,-80.92],[-37.62,-81],[-38.76,-80.88],[-41.76,-81.42],[-41.98,-81.62],[-43.2,-81.9],[-43.14,-82.12],[-44.02,-82.4],[-45.52,-82.52],[-46.68,-82.4],[-46.08,-82.22],[-46.28,-81.9],[-48.38,-81.9],[-51.74,-82.06]],[[-59.28,-80.2],[-59.78,-80.04],[-59.82,-79.76],[-61.46,-79.88],[-61.8,-80.06],[-61.76,-80.36],[-66.7,-80.42],[-64.28,-80.76],[-63.14,-80.6],[-62.52,-80.86],[-60.66,-80.96],[-59.82,-80.74],[-59.76,-80.34],[-59.28,-80.2]],[[-66.14,-79.62],[-66.98,-79.92],[-65.52,-79.96],[-66.14,-79.62]],[[-33.92,-79.32],[-35.5,-79.1],[-36.72,-79.3],[-34.08,-79.36],[-33.92,-79.32]],[[-66.74,-78.44],[-67,-78.3],[-70.6,-78.88],[-71.4,-79.1],[-71.82,-79.48],[-71.44,-79.66],[-70.34,-79.7],[-68.94,-79.1],[-66.74,-78.44]],[[-52.52,-80.2],[-53.46,-80.16],[-54.4,-80.74],[-54.16,-80.88],[-49.8,-80.8],[-49.72,-80.68],[-45.92,-80.38],[-43.54,-80.2],[-43.02,-79.84],[-42.98,-79.42],[-43.74,-78.8],[-45.22,-78.82],[-45.16,-78.66],[-43.96,-78.6],[-43.82,-78.24],[-44.52,-78.04],[-45.94,-77.82],[-47.22,-77.78],[-49.08,-78.04],[-50.2,-78.6],[-50.22,-78.84],[-50.72,-79.28],[-50.26,-79.54],[-52.52,-80.2]],[[-20.36,-74.42],[-20.7,-74.1],[-21.34,-74],[-20.8,-74.48],[-20.36,-74.42]],[[-74.84,-72.86],[-76.12,-73.16],[-75.88,-73.34],[-74.6,-73.62],[-74.22,-73],[-74.84,-72.86]],[[-90.9,-72.82],[-91.04,-72.54],[-91.68,-72.6],[-91.34,-72.9],[-90.9,-72.82]],[[-95.5,-72.32],[-95.72,-72.1],[-96.36,-71.84],[-97.04,-71.88],[-97.3,-72.18],[-98.22,-72.04],[-97.98,-71.86],[-98.82,-71.76],[-99.1,-71.92],[-99.74,-72.04],[-100.44,-71.88],[-102.08,-71.98],[-102.3,-72.12],[-100.2,-72.28],[-99.4,-72.5],[-98.58,-72.58],[-96.06,-72.58],[-96.02,-72.44],[-95.5,-72.32]],[[-74.92,-71.02],[-74.4,-70.98],[-73.62,-70.78],[-73.88,-70.58],[-74.82,-70.6],[-75.2,-70.78],[-76.1,-70.84],[-76.54,-70.96],[-76.14,-71.14],[-74.92,-71.02]],[[-75.48,-70.14],[-74.88,-70.18],[-74.4,-69.94],[-74.96,-69.72],[-75.78,-69.92],[-75.48,-70.14]],[[-61.76,-69.46],[-62.2,-69.18],[-62.58,-69.18],[-62.2,-69.5],[-61.76,-69.46]],[[-71.46,-72.62],[-70.52,-72.66],[-69.22,-72.54],[-69.14,-72.38],[-68.42,-72.22],[-68.16,-71.6],[-68.3,-70.86],[-68.72,-70.36],[-69.28,-69.92],[-69.32,-69.62],[-69.7,-69.32],[-70.08,-69.3],[-70.1,-68.9],[-70.4,-68.78],[-71.4,-68.86],[-72.02,-68.96],[-72.14,-69.24],[-71.62,-69.46],[-71.92,-69.7],[-71.92,-69.96],[-71.32,-70.18],[-70.24,-70.14],[-70.12,-70.32],[-71,-70.46],[-71.26,-70.68],[-71.02,-70.96],[-71.7,-71.16],[-72.78,-71.06],[-72.9,-71.24],[-74.42,-71.42],[-75.4,-71.68],[-75.36,-71.92],[-74,-72.18],[-73.04,-71.92],[-72.34,-71.62],[-71.84,-71.8],[-70.72,-71.9],[-71.08,-72.04],[-72.02,-72.12],[-71.56,-72.28],[-70.46,-72.14],[-70.18,-72.28],[-70.7,-72.4],[-72.68,-72.28],[-73.1,-72.48],[-72.4,-72.68],[-71.46,-72.62]],[[-69.1,-67.62],[-68.88,-67.76],[-68.14,-67.58],[-67.68,-67.14],[-67.98,-67.06],[-67.86,-66.62],[-68.38,-66.82],[-69.16,-67.48],[-69.1,-67.62]],[[-62.9,-64.52],[-63.34,-64.44],[-63.58,-64.26],[-63.9,-64.54],[-64.02,-64.78],[-63.34,-64.76],[-62.9,-64.52]],[[-57.52,-64.34],[-57.16,-64.08],[-57.52,-64.02],[-57.8,-63.82],[-58.26,-63.9],[-58.14,-64.1],[-58.2,-64.38],[-57.52,-64.34]],[[-55.16,-63.2],[-55.58,-63.12],[-56.36,-63.22],[-55.18,-63.36],[-55.16,-63.2]],[[-58.46,-62.16],[-58.24,-62.18],[-58,-61.9],[-58.68,-62],[-58.46,-62.16]],[[-160.58,-81.6],[-160.68,-81.46],[-162.98,-81.28],[-163.72,-81.48],[-160.58,-81.6]],[[-159.84,-79.34],[-162.36,-78.76],[-163.26,-78.76],[-164.14,-79],[-164.3,-79.24],[-163.94,-79.42],[-160.72,-79.86],[-159.06,-79.82],[-158.98,-79.72],[-159.84,-79.34]],[[169.28,-77.46],[168.22,-77.38],[166.66,-77.36],[166.38,-77.62],[168.4,-77.7],[169.28,-77.46]],[[-120.26,-73.92],[-120.68,-73.76],[-123.06,-73.68],[-123.28,-73.78],[-122.74,-74],[-123.02,-74.24],[-122.24,-74.42],[-121.1,-74.34],[-121,-74.14],[-120.26,-73.92]],[[-127.48,-73.54],[-126.54,-73.68],[-126.48,-73.84],[-124.78,-74.22],[-123.78,-74.1],[-124.62,-73.74],[-125.28,-73.7],[-125.6,-73.42],[-126.52,-73.26],[-127.3,-73.32],[-127.48,-73.54]],[[26.76,-70.22],[26.32,-70.06],[25.98,-70.2],[26.06,-70.4],[26.84,-70.42],[26.76,-70.22]],[[100.56,-65.4],[100.3,-65.66],[100.96,-65.68],[101.12,-65.42],[100.56,-65.4]],[[-169.04,-83.16],[-170.9,-82.94],[-169.86,-83.14],[-169.04,-83.16]],[[-149.72,-77.12],[-149.96,-76.88],[-150.78,-76.98],[-149.72,-77.12]],[[-130.92,-74.44],[-131.8,-74.32],[-132.18,-74.42],[-131.2,-74.6],[-130.92,-74.44]],[[-116.14,-73.9],[-116.4,-73.86],[-117.38,-74.08],[-116.6,-74.14],[-116.14,-73.9]],[[16.24,-69.7],[15.72,-69.76],[15.58,-69.94],[16.18,-70.08],[16.24,-69.7]]]}},{"type":"Feature","properties":{"iso":"AR"},"geometry":{"type":"MultiLineString","coordinates":[[[-58.2,-32.44],[-58.1,-32.32],[-58.18,-32.16],[-58.16,-31.84],[-57.98,-31.64],[-58.04,-31.5],[-57.9,-31.24],[-57.8,-30.8],[-57.8,-30.74],[-57.84,-30.48],[-57.66,-30.32],[-57.64,-30.2],[-57.62,-30.18],[-57.32,-29.98],[-57.3,-29.84],[-57.1,-29.76],[-56.68,-29.32],[-56.62,-29.16],[-56.42,-29.06],[-56.18,-28.74],[-55.9,-28.46],[-55.78,-28.24],[-55.62,-28.14],[-55.32,-27.92],[-55.02,-27.84],[-54.82,-27.54],[-54.46,-27.42],[-54.28,-27.42],[-54.18,-27.26],[-53.84,-27.16],[-53.72,-26.88],[-53.72,-26.38],[-53.66,-26.26],[-53.82,-25.98],[-53.9,-25.62],[-54.22,-25.54],[-54.46,-25.64],[-54.6,-25.58],[-54.58,-25.82],[-54.66,-26.24],[-54.7,-26.44],[-54.98,-26.78],[-55.42,-26.98],[-55.76,-27.44],[-55.96,-27.34],[-56.28,-27.38],[-56.36,-27.58],[-56.64,-27.46],[-56.9,-27.42],[-57.18,-27.48],[-57.32,-27.42],[-57.54,-27.4],[-58.02,-27.26],[-58.6,-27.32],[-58.66,-27.16],[-58.36,-26.88],[-58.24,-26.76],[-58.2,-26.4],[-58.08,-26.12],[-57.88,-26.02],[-57.82,-25.84],[-57.62,-25.62],[-57.6,-25.4],[-57.68,-25.28],[-57.9,-25.08],[-58.48,-24.86],[-58.8,-24.78],[-59.34,-24.48],[-59.46,-24.36],[-60.04,-24],[-60.32,-24.02],[-60.78,-23.88],[-61,-23.8],[-61.1,-23.6],[-61.5,-23.42],[-61.96,-23.04],[-62.34,-22.48],[-62.66,-22.24],[-62.8,-22],[-63.94,-22],[-64.3,-22.7],[-64.58,-22.34],[-64.58,-22.22],[-65.02,-22.1],[-65.2,-22.1],[-65.74,-22.12],[-66.1,-21.84],[-66.24,-21.8],[-66.38,-22.12],[-66.74,-22.22],[-66.8,-22.44],[-67.04,-22.52],[-67.2,-22.82],[-67.02,-23],[-67.26,-23.74],[-67.36,-24.04],[-68.24,-24.38],[-68.5,-24.62],[-68.58,-24.76],[-68.38,-25.14],[-68.5,-25.16],[-68.56,-25.3],[-68.6,-25.44],[-68.5,-25.76],[-68.42,-26.18],[-68.58,-26.3],[-68.58,-26.56],[-68.32,-26.88],[-68.34,-27.04],[-68.58,-27.16],[-68.8,-27.12],[-69.14,-27.78],[-69.42,-28.22],[-69.66,-28.4],[-69.74,-28.64],[-69.8,-29.1],[-70.04,-29.36],[-69.92,-29.72],[-69.98,-30.06],[-69.9,-30.32],[-70.22,-30.52],[-70.34,-31.04],[-70.48,-31.1],[-70.6,-31.54],[-70.42,-31.88],[-70.34,-32.2],[-70.26,-32.32],[-70.14,-32.76],[-70,-32.88],[-70.1,-33.06],[-69.78,-33.38],[-69.9,-33.66],[-69.9,-33.96],[-69.84,-34.24],[-70.04,-34.28],[-70.22,-34.58],[-70.38,-35.02],[-70.54,-35.2],[-70.4,-35.5],[-70.44,-36.12],[-70.7,-36.26],[-70.72,-36.42],[-71.02,-36.48],[-71.2,-36.84],[-71.08,-37.1],[-71.2,-37.3],[-71.12,-37.44],[-71.18,-37.7],[-71.02,-38.14],[-70.88,-38.7],[-71.42,-38.94],[-71.46,-39.44],[-71.64,-39.6],[-71.62,-39.94],[-71.82,-40.22],[-71.68,-40.34],[-71.86,-40.56],[-71.96,-40.72],[-71.86,-41.02],[-71.92,-41.62],[-71.76,-42],[-71.74,-42.08],[-72.12,-42.26],[-72.04,-42.5],[-72.14,-42.6],[-72.14,-43],[-71.74,-43.2],[-71.94,-43.46],[-71.72,-43.6],[-71.82,-43.76],[-71.66,-43.92],[-71.74,-44.04],[-71.86,-44.1],[-71.82,-44.4],[-71.2,-44.42],[-71.12,-44.54],[-71.34,-44.8],[-71.86,-44.8],[-71.58,-44.98],[-71.32,-45.3],[-71.52,-45.52],[-71.76,-45.58],[-71.8,-45.74],[-71.64,-46],[-71.78,-46.12],[-71.68,-46.7],[-71.94,-46.8],[-72,-47.2],[-72.54,-47.92],[-72.34,-48.08],[-72.32,-48.28],[-72.58,-48.46],[-72.6,-48.8],[-73,-49],[-73.18,-49.26],[-73.1,-49.28],[-73.06,-49.56],[-73.46,-49.76],[-73.54,-50.14],[-73.32,-50.26],[-73.26,-50.56],[-73.1,-50.78],[-72.78,-50.62],[-72.3,-50.64],[-72.26,-50.84],[-72.38,-51.16],[-72.28,-51.7],[-71.92,-52],[-69.96,-52],[-69.22,-52.14],[-68.44,-52.34],[-68.94,-51.64],[-69.16,-50.98],[-69.08,-50.56],[-68.88,-50.34],[-68.08,-50.08],[-67.74,-49.78],[-67.56,-49.02],[-67.2,-48.82],[-67.12,-48.68],[-66.66,-48.44],[-66.46,-48.4],[-65.84,-47.94],[-65.74,-47.5],[-65.74,-47.2],[-65.98,-47.06],[-66.2,-47.08],[-66.78,-47],[-67.12,-46.7],[-67.42,-46.56],[-67.62,-46.16],[-67.58,-46],[-67.36,-45.78],[-67.34,-45.62],[-66.86,-45.24],[-66.52,-45.22],[-66.46,-45.08],[-66.2,-45],[-65.6,-45.02],[-65.68,-44.72],[-65.32,-44.5],[-65.22,-44.36],[-65.3,-44.2],[-65.22,-44.04],[-65.34,-43.68],[-64.76,-43.14],[-64.44,-43.06],[-64.52,-42.94],[-65,-42.78],[-64.94,-42.66],[-64.62,-42.52],[-64.32,-42.54],[-64.1,-42.88],[-63.62,-42.76],[-63.6,-42.34],[-63.8,-42.08],[-64.16,-42.2],[-64.12,-42.44],[-64.56,-42.44],[-64.54,-42.24],[-64.86,-42.2],[-65.06,-42.02],[-65,-41.56],[-65.18,-41.02],[-64.94,-40.72],[-64.78,-40.8],[-63.78,-41.16],[-63.1,-41.16],[-62.8,-41.04],[-62.34,-40.88],[-62.26,-40.62],[-62.48,-40.28],[-62.36,-40.22],[-62.32,-39.86],[-62.16,-39.86],[-62.06,-39.46],[-62.32,-39.26],[-62.36,-39.1],[-62.16,-38.82],[-62.02,-38.94],[-61.52,-39.02],[-60.86,-38.98],[-59.06,-38.7],[-58.16,-38.44],[-57.6,-38.16],[-57.52,-37.88],[-57.06,-37.42],[-56.66,-36.86],[-56.7,-36.4],[-56.92,-36.36],[-57.24,-36.18],[-57.36,-35.98],[-57.36,-35.72],[-57.14,-35.48],[-57.24,-35.24],[-57.52,-35.02],[-58.32,-34.66],[-58.48,-34.52],[-58.38,-34.18],[-58.44,-34],[-58.54,-33.68],[-58.38,-33.08],[-58.14,-33.04],[-58.2,-32.44]],[[-68.64,-54.78],[-67.04,-54.9],[-66.54,-55.06],[-65.96,-54.9],[-65.34,-54.92],[-65.16,-54.64],[-65.84,-54.64],[-66.48,-54.46],[-66.76,-54.24],[-67.3,-54.06],[-67.56,-53.84],[-67.98,-53.6],[-68.12,-53.34],[-68.46,-53.3],[-68.52,-53.12],[-68.26,-52.98],[-68.62,-52.64],[-68.64,-53.72],[-68.64,-54.78]]]}},{"type":"Feature","properties":{"iso":"AS"},"geometry":{"type":"MultiLineString","coordinates":[[[-170.72,-14.28],[-170.84,-14.32],[-170.76,-14.36],[-170.7,-14.32],[-170.62,-14.26],[-170.7,-14.26],[-170.72,-14.28]],[[-169.46,-14.22],[-169.54,-14.24],[-169.52,-14.28],[-169.46,-14.22]],[[-168.16,-14.54],[-168.16,-14.52],[-168.18,-14.52],[-168.16,-14.54]]]}},{"type":"Feature","properties":{"iso":"AT"},"geometry":{"type":"LineString","coordinates":[[15.54,48.9],[14.98,49],[14.92,48.76],[14.7,48.58],[14.08,48.6],[13.82,48.76],[13.72,48.52],[12.74,48.12],[12.84,47.98],[13.08,47.64],[13.04,47.5],[12.56,47.64],[11.62,47.58],[11.08,47.38],[10.6,47.56],[10.18,47.28],[9.94,47.52],[9.56,47.54],[9.54,47.54],[9.56,47.52],[9.64,47.4],[9.52,47.26],[9.54,47.26],[9.54,47.24],[9.56,47.22],[9.56,47.2],[9.56,47.18],[9.56,47.16],[9.6,47.12],[9.62,47.12],[9.6,47.08],[9.58,47.06],[10.12,46.84],[10.46,46.86],[11,46.76],[11.32,46.98],[11.74,46.98],[12.14,47.08],[12.2,47.06],[12.26,46.78],[12.46,46.68],[12.68,46.66],[12.74,46.64],[13.7,46.52],[14.02,46.48],[14.14,46.44],[14.24,46.44],[14.44,46.42],[14.56,46.4],[14.68,46.46],[14.8,46.52],[14.82,46.56],[14.9,46.6],[14.92,46.62],[15.08,46.64],[15.1,46.64],[15.18,46.64],[15.34,46.64],[15.44,46.62],[15.52,46.64],[15.62,46.68],[15.78,46.72],[15.96,46.7],[16.02,46.68],[15.98,46.78],[16.02,46.84],[16.06,46.84],[16.1,46.86],[16.44,47.04],[16.42,47.36],[16.62,47.44],[16.56,47.62],[16.6,47.76],[16.72,47.7],[17.06,47.7],[17.14,48],[17.06,48.12],[16.84,48.36],[16.94,48.54],[16.94,48.6],[16.88,48.72],[16.44,48.8],[16.04,48.76],[15.54,48.9]]}},{"type":"Feature","properties":{"iso":"AU"},"geometry":{"type":"MultiLineString","coordinates":[[[129,-14.86],[128.54,-14.76],[128.2,-15.06],[128.18,-14.7],[127.9,-14.5],[127.66,-14.18],[127.32,-13.92],[127.1,-13.96],[126.96,-13.72],[126.74,-13.8],[126.82,-13.94],[126.56,-14.2],[126.4,-14],[126.24,-14.22],[126.14,-14.2],[126.04,-14.5],[125.92,-14.52],[125.66,-14.36],[125.14,-14.72],[125.36,-15],[124.84,-15.14],[124.62,-15.5],[124.4,-15.56],[124.4,-15.88],[124.6,-16.1],[124.38,-16.22],[123.84,-16.36],[123.66,-16.36],[123.56,-16.62],[123.7,-16.72],[123.84,-17.14],[123.64,-17.18],[123.56,-17.36],[123.4,-17.32],[123.16,-16.8],[122.88,-16.52],[122.7,-16.78],[122.28,-17.08],[122.18,-17.26],[122.14,-17.56],[122.22,-18.2],[121.92,-18.46],[121.64,-18.82],[121.52,-19.06],[121.2,-19.48],[120.96,-19.64],[120.24,-19.9],[119.8,-19.96],[119.56,-20.06],[119.22,-19.96],[119.06,-19.98],[118.84,-20.26],[118.36,-20.36],[118.14,-20.36],[117.84,-20.62],[117.36,-20.72],[117.06,-20.62],[116.88,-20.72],[116.74,-20.62],[116.44,-20.82],[115.94,-21.06],[115.8,-21.24],[115.46,-21.52],[114.92,-21.7],[114.64,-21.84],[114.4,-22.36],[114.18,-22.32],[114.02,-21.86],[113.8,-22.34],[113.64,-22.58],[113.82,-23.06],[113.74,-23.52],[113.6,-23.64],[113.46,-23.92],[113.38,-24.24],[113.44,-24.54],[113.6,-24.72],[113.62,-24.9],[114.16,-25.78],[114.26,-25.84],[114.1,-26.44],[113.94,-26.2],[113.7,-26.14],[113.76,-25.9],[113.54,-25.62],[113.42,-25.72],[113.68,-26.22],[113.88,-26.34],[113.86,-26.54],[113.6,-26.52],[113.46,-26.2],[113.3,-26.4],[113.6,-26.68],[114.02,-27.32],[114.14,-27.68],[114.1,-27.82],[114.16,-28.1],[114.54,-28.52],[114.58,-28.78],[114.84,-29.1],[114.98,-29.48],[114.94,-29.66],[114.98,-30.22],[115.18,-30.82],[115.68,-31.64],[115.74,-31.92],[115.72,-32.3],[115.76,-32.6],[115.6,-32.66],[115.66,-33.28],[115.44,-33.6],[114.96,-33.68],[115.02,-34.26],[115.34,-34.32],[115.74,-34.54],[116.02,-34.82],[116.46,-35],[116.9,-35.06],[117.36,-35.02],[117.54,-35.1],[118.12,-34.98],[118.48,-34.72],[118.7,-34.64],[118.94,-34.44],[119.38,-34.44],[119.58,-34.14],[120,-33.92],[120.42,-33.96],[120.58,-33.9],[121.54,-33.82],[121.82,-33.9],[122.02,-33.82],[122.56,-33.96],[122.78,-33.88],[123.56,-33.88],[123.96,-33.56],[124.12,-33.12],[124.36,-32.96],[124.7,-32.9],[125,-32.74],[125.54,-32.54],[125.88,-32.34],[126.18,-32.24],[126.68,-32.32],[127.28,-32.28],[128.02,-32.08],[129,-31.68],[130.16,-31.58],[130.84,-31.6],[131.18,-31.48],[131.54,-31.6],[132.24,-32.04],[132.8,-31.96],[133.14,-32.2],[133.42,-32.22],[133.58,-32.1],[134.28,-32.58],[134.08,-32.72],[134.28,-33.16],[134.66,-33.22],[134.82,-33.36],[134.84,-33.64],[135.18,-33.9],[135.34,-34.28],[135.42,-34.72],[135.74,-34.86],[135.94,-34.54],[136.12,-34.46],[136.36,-34.08],[136.6,-33.9],[137.22,-33.66],[137.46,-33.14],[137.9,-32.78],[138.04,-33.12],[137.82,-33.26],[137.94,-33.52],[137.6,-33.88],[137.46,-34.16],[137.52,-34.62],[137.44,-34.92],[137.04,-34.9],[136.96,-35.28],[137.4,-35.12],[137.68,-35.18],[138.04,-34.3],[138.26,-34.44],[138.54,-34.74],[138.42,-35.36],[138.12,-35.56],[138.18,-35.66],[138.54,-35.64],[138.96,-35.42],[139.04,-35.6],[139.48,-35.9],[139.86,-36.62],[139.86,-36.76],[139.68,-36.96],[139.74,-37.18],[139.98,-37.48],[140.12,-37.52],[140.36,-37.88],[140.72,-38.08],[140.96,-38.06],[141.44,-38.38],[141.94,-38.28],[142.22,-38.4],[142.4,-38.36],[142.82,-38.58],[143.06,-38.64],[143.54,-38.86],[143.84,-38.7],[144.06,-38.48],[144.4,-38.3],[144.52,-38.08],[144.98,-37.9],[145.12,-38.16],[145.3,-38.24],[145.58,-38.66],[145.8,-38.66],[145.92,-38.9],[146.26,-38.7],[146.42,-38.74],[146.88,-38.64],[147.58,-38.08],[147.92,-37.92],[148.3,-37.82],[149.48,-37.78],[149.78,-37.56],[149.98,-37.52],[150.02,-37.22],[149.9,-36.92],[150.14,-36.32],[150.16,-35.96],[150.62,-35.18],[150.76,-35.18],[150.7,-35.12],[150.92,-34.48],[150.92,-34.34],[151.16,-34.12],[151.42,-33.52],[151.68,-33.06],[151.84,-32.86],[152.18,-32.76],[152.24,-32.6],[152.52,-32.42],[152.52,-32.16],[152.94,-31.48],[152.98,-31.16],[153.08,-30.92],[152.98,-30.74],[153.32,-29.7],[153.34,-29.32],[153.46,-29.04],[153.6,-28.86],[153.64,-28.66],[153.5,-28.14],[153.44,-27.82],[153.32,-27.66],[153.12,-27.24],[153.2,-27.04],[153.08,-26.28],[153.12,-25.94],[152.9,-25.68],[152.92,-25.28],[152.68,-25.24],[152.4,-24.74],[152.16,-24.62],[151.94,-24.22],[151.78,-24.02],[151.58,-24.06],[151.18,-23.8],[151.02,-23.58],[150.86,-23.52],[150.76,-23.16],[150.82,-22.7],[150.76,-22.48],[150.52,-22.54],[150.22,-22.4],[150.06,-22.14],[149.84,-22.38],[149.6,-22.24],[149.44,-21.78],[149.48,-21.72],[149.24,-21.08],[148.74,-20.72],[148.66,-20.56],[148.86,-20.42],[148.62,-20.22],[148.56,-20.06],[148.26,-20.08],[148.26,-19.96],[147.86,-19.82],[147.68,-19.82],[147.56,-19.52],[147.42,-19.42],[147.16,-19.4],[146.74,-19.18],[146.44,-19.06],[146.28,-18.88],[146.34,-18.52],[146.02,-18.26],[146.1,-17.94],[146.08,-17.4],[145.78,-16.88],[145.4,-16.44],[145.46,-16.06],[145.36,-15.9],[145.28,-15.54],[145.28,-14.94],[144.68,-14.56],[144.52,-14.18],[143.96,-14.5],[143.78,-14.4],[143.68,-14.02],[143.54,-13.76],[143.6,-13.44],[143.52,-13.32],[143.5,-12.86],[143.44,-12.62],[143.26,-12.38],[143.08,-12.32],[143.2,-11.98],[142.88,-11.86],[142.74,-10.98],[142.44,-10.72],[142.32,-10.9],[142.18,-10.94],[142.14,-11.34],[141.94,-11.9],[141.8,-12.06],[141.66,-12.44],[141.82,-12.58],[141.76,-12.82],[141.58,-12.98],[141.7,-13.26],[141.48,-13.78],[141.58,-14.08],[141.52,-14.48],[141.66,-15.02],[141.48,-15.48],[141.4,-15.9],[141.42,-16.08],[141.2,-16.7],[140.94,-17.02],[140.84,-17.46],[140.5,-17.64],[140,-17.7],[139.28,-17.34],[139.04,-16.92],[138.66,-16.78],[138.5,-16.8],[138.18,-16.7],[138,-16.54],[137.74,-16.26],[137.36,-16.12],[137.04,-15.92],[136.76,-15.9],[136.26,-15.54],[136.24,-15.42],[135.46,-14.94],[135.4,-14.74],[135.76,-14.26],[135.9,-14.14],[136,-13.8],[135.84,-13.6],[135.88,-13.32],[136.3,-13.16],[136.46,-13.22],[136.64,-12.96],[136.48,-12.8],[136.68,-12.68],[136.74,-12.48],[136.7,-12.28],[136.46,-11.94],[136.18,-12.18],[136.36,-12.26],[136.26,-12.44],[136.02,-12.32],[135.74,-11.94],[135.54,-12.08],[135.3,-12.12],[135.08,-12.26],[134.86,-12.12],[134.76,-11.94],[134.6,-12.04],[134.38,-12.04],[134.14,-11.88],[133.94,-11.92],[133.8,-11.72],[133.62,-11.84],[133.34,-11.68],[133.14,-11.68],[132.92,-11.34],[132.68,-11.5],[132.34,-11.14],[132.18,-11.36],[132.02,-11.14],[131.86,-11.3],[132.08,-11.52],[132.36,-11.44],[132.6,-11.62],[132.62,-12.04],[132.04,-12.3],[131.9,-12.22],[131.5,-12.3],[131.32,-12.18],[131,-12.18],[130.78,-12.44],[130.34,-12.7],[130.36,-12.84],[130.12,-12.94],[130.12,-13.16],[130.28,-13.32],[129.96,-13.54],[129.72,-14.02],[129.5,-14.08],[129.36,-14.4],[129.58,-14.56],[129.72,-14.8],[129.62,-14.94],[129.22,-14.84],[129,-14.86]],[[136.96,-14.18],[136.72,-14.06],[136.8,-13.92],[136.68,-13.72],[136.44,-13.88],[136.46,-14.22],[136.9,-14.3],[136.96,-14.18]],[[130.54,-11.7],[130.4,-11.54],[130.34,-11.34],[130.14,-11.48],[130.2,-11.66],[130.5,-11.84],[130.54,-11.7]],[[131.54,-11.42],[131.28,-11.18],[131,-11.36],[130.7,-11.42],[130.58,-11.28],[130.36,-11.24],[130.5,-11.64],[130.98,-11.92],[131.44,-11.6],[131.54,-11.42]],[[138.12,-35.82],[137.9,-35.72],[137.58,-35.72],[137.36,-35.58],[136.62,-35.76],[136.54,-35.92],[136.72,-36.06],[137.22,-35.98],[137.46,-36.08],[137.76,-35.88],[138.04,-35.92],[138.12,-35.82]],[[153.36,-24.98],[153.04,-25.18],[153.06,-25.32],[152.94,-25.56],[153.08,-25.66],[153.36,-24.98]],[[139.74,-16.44],[139.6,-16.4],[139.28,-16.48],[139.14,-16.7],[139.44,-16.66],[139.74,-16.44]],[[148,-43.24],[148,-42.9],[147.88,-42.82],[148,-42.52],[147.98,-42.32],[148.14,-42],[148.32,-41.92],[148.26,-41.16],[148.34,-41],[147.98,-40.74],[147.82,-40.9],[147.6,-40.84],[147.44,-41],[147.02,-40.98],[146.42,-41.16],[145.8,-41.02],[145.72,-40.94],[144.98,-40.74],[144.68,-40.7],[144.6,-41],[144.92,-41.7],[145.2,-41.96],[145.26,-42.6],[145.88,-43.26],[146.04,-43.48],[146.52,-43.54],[146.72,-43.62],[147.1,-43.3],[147.26,-43.26],[147.36,-42.92],[147.58,-42.82],[147.84,-42.9],[147.64,-43.08],[147.8,-43.24],[148,-43.24]],[[148.02,-40.16],[148.3,-40.24],[148.3,-39.96],[147.86,-39.82],[148.02,-40.16]],[[144.1,-39.9],[144.08,-39.62],[143.86,-39.7],[143.84,-39.94],[144.1,-39.9]],[[158.9,-54.52],[158.84,-54.72],[158.9,-54.68],[158.96,-54.56],[158.9,-54.52]],[[159.04,-31.52],[159.08,-31.54],[159.08,-31.56],[159.08,-31.58],[159.1,-31.56],[159.06,-31.52],[159.04,-31.52]],[[123.6,-12.42],[123.58,-12.42],[123.58,-12.44],[123.6,-12.44],[123.6,-12.42]]]}},{"type":"Feature","properties":{"iso":"AW"},"geometry":{"type":"LineString","coordinates":[[-70,12.58],[-70.06,12.54],[-69.88,12.42],[-69.88,12.46],[-70,12.58]]}},{"type":"Feature","properties":{"iso":"AX"},"geometry":{"type":"MultiLineString","coordinates":[[[20.28,60.14],[20.22,60.14],[20.2,60.08],[20.26,60.08],[20.28,60.14]],[[19.64,60.22],[19.52,60.18],[19.54,60.14],[19.68,60.16],[19.64,60.22]],[[20.42,60.26],[20.38,60.26],[20.4,60.2],[20.44,60.24],[20.42,60.26]],[[20.82,60.24],[20.86,60.26],[20.78,60.26],[20.82,60.24]],[[19.96,60.1],[20.04,60.14],[19.94,60.18],[19.82,60.14],[19.92,60.1],[19.96,60.1]],[[20.98,59.94],[20.94,59.96],[20.94,59.94],[20.98,59.94]],[[20.28,59.98],[20.4,59.98],[20.34,60.02],[20.28,59.98]],[[20.68,60.14],[20.66,60.16],[20.64,60.14],[20.68,60.14]],[[20.04,60.06],[20.12,59.98],[20.2,60.06],[20.04,60.06]],[[21.08,60.48],[21.06,60.46],[21.1,60.46],[21.08,60.48]]]}},{"type":"Feature","properties":{"iso":"AZ"},"geometry":{"type":"MultiLineString","coordinates":[[[45,41.3],[45.38,41.02],[45.44,40.94],[45.48,40.74],[45.38,40.66],[45.52,40.44],[45.82,40.3],[45.88,40.26],[45.88,40],[45.58,39.98],[45.8,39.86],[45.88,39.8],[46.48,39.46],[46.6,39.22],[46.48,39.12],[46.52,38.88],[46.86,39.16],[47.02,39.18],[47.26,39.36],[47.62,39.58],[47.78,39.66],[47.96,39.7],[48.32,39.38],[48.12,39.3],[48.3,39.02],[48.06,38.94],[48.22,38.72],[48.54,38.46],[48.62,38.4],[48.88,38.44],[48.86,38.6],[48.86,38.74],[48.84,38.78],[48.9,38.9],[48.92,38.92],[48.96,39.18],[49.24,39.16],[49.4,39.38],[49.28,39.5],[49.36,39.66],[49.58,40.22],[49.9,40.36],[50.22,40.34],[50.06,40.58],[49.7,40.58],[49.54,40.66],[49.38,40.88],[49.18,41.14],[49.08,41.36],[48.58,41.84],[48.46,41.72],[48.38,41.58],[48.06,41.46],[47.82,41.2],[47.7,41.2],[47.36,41.26],[47.18,41.5],[47.02,41.56],[46.7,41.84],[46.44,41.9],[46.28,41.58],[46.62,41.34],[46.62,41.1],[46.5,41.04],[46.08,41.18],[45.78,41.24],[45.72,41.34],[45.34,41.44],[45.1,41.34],[45,41.3]],[[45.08,39.74],[44.96,39.74],[44.78,39.7],[44.8,39.64],[44.82,39.64],[45.06,39.38],[45.12,39.3],[45.5,38.98],[45.54,38.96],[45.76,38.94],[46.14,38.86],[45.9,39.3],[45.76,39.36],[45.7,39.56],[45.42,39.5],[45.26,39.6],[45.16,39.56],[45.08,39.74]]]}},{"type":"Feature","properties":{"iso":"BA"},"geometry":{"type":"LineString","coordinates":[[17.66,42.9],[18.36,42.58],[18.44,42.56],[18.5,42.6],[18.54,42.62],[18.46,43],[18.62,43.12],[18.66,43.24],[18.98,43.28],[19.02,43.3],[18.92,43.5],[19.2,43.54],[19.46,43.76],[19.24,43.96],[19.52,44.1],[19.1,44.38],[19.18,44.54],[19.36,44.9],[19.02,44.86],[18.98,44.86],[18.84,44.88],[18.54,45.08],[18.48,45.06],[18.46,45.08],[18.14,45.1],[17.76,45.12],[17.12,45.16],[16.48,45.2],[16.34,45.02],[16,45.22],[15.8,45.2],[15.74,44.94],[15.72,44.78],[16.12,44.52],[16.2,44.36],[16.22,44.2],[16.52,43.96],[17.06,43.52],[17.46,43.14],[17.6,43.08],[17.58,42.94],[17.66,42.9]]}},{"type":"Feature","properties":{"iso":"BB"},"geometry":{"type":"LineString","coordinates":[[-59.52,13.22],[-59.54,13.24],[-59.56,13.28],[-59.58,13.3],[-59.64,13.34],[-59.66,13.28],[-59.66,13.24],[-59.64,13.14],[-59.6,13.08],[-59.48,13.08],[-59.46,13.18],[-59.52,13.22]]}},{"type":"Feature","properties":{"iso":"BD"},"geometry":{"type":"LineString","coordinates":[[92.64,21.3],[92.6,21.5],[92.58,21.98],[92.5,22.7],[92.38,22.9],[92.36,23.28],[92.26,23.7],[92,23.64],[91.74,23.28],[91.8,23.08],[91.54,22.98],[91.46,23.18],[91.3,23.14],[91.14,23.62],[91.3,24],[91.6,24.1],[92.1,24.4],[92.14,24.54],[92.26,24.9],[92.38,25],[92,25.18],[91.48,25.14],[91.24,25.2],[90.94,25.16],[90.36,25.14],[89.9,25.3],[89.8,25.4],[89.8,25.44],[89.84,25.9],[89.66,26.18],[89.6,26.06],[89.36,26],[89.14,26.14],[89.04,26.38],[88.8,26.24],[88.66,26.42],[88.5,26.38],[88.16,26.14],[88.08,25.9],[88.42,25.66],[88.54,25.5],[88.78,25.5],[88.98,25.3],[88.9,25.16],[88.44,25.18],[88.32,24.88],[88.2,24.94],[88.02,24.64],[88.14,24.5],[88.74,24.18],[88.72,23.92],[88.54,23.64],[88.72,23.46],[88.68,23.3],[88.96,23.18],[88.84,22.96],[89.06,22.12],[89.1,21.82],[89.46,21.78],[89.82,21.84],[89.84,22.26],[89.98,22.48],[89.88,22.28],[89.94,22],[90.18,21.8],[90.34,22.04],[90.62,22.32],[90.48,22.72],[90.46,23.04],[90.6,23.12],[90.56,23.4],[90.6,23.5],[90.7,23.56],[90.6,23.44],[90.66,23.26],[90.62,23.08],[90.78,22.78],[90.96,22.58],[91.2,22.54],[91.24,22.7],[91.46,22.78],[91.68,22.54],[91.86,22.1],[91.9,21.78],[92.02,21.6],[91.96,21.42],[92.06,21.16],[92.26,21.06],[92.18,21.32],[92.32,21.46],[92.64,21.3]]}},{"type":"Feature","properties":{"iso":"BE"},"geometry":{"type":"LineString","coordinates":[[2.52,51.08],[2.62,50.82],[2.86,50.7],[3.02,50.76],[3.16,50.74],[3.28,50.52],[3.76,50.34],[4.02,50.34],[4.22,50.06],[4.14,49.98],[4.22,49.96],[4.42,49.94],[4.78,49.98],[4.96,49.8],[5.4,49.6],[5.48,49.5],[5.8,49.54],[5.86,49.7],[5.72,49.88],[6.02,50.16],[6.12,50.12],[6.38,50.32],[6.24,50.58],[6,50.74],[5.9,50.76],[5.74,50.76],[5.66,50.8],[5.84,51.14],[5.56,51.22],[5.24,51.26],[4.74,51.48],[4.28,51.36],[4.26,51.36],[4.3,51.26],[4.22,51.36],[3.92,51.2],[3.4,51.24],[3.34,51.38],[2.52,51.08]]}},{"type":"Feature","properties":{"iso":"BF"},"geometry":{"type":"LineString","coordinates":[[2.4,11.9],[2.08,12.3],[2.24,12.42],[2.1,12.7],[1.82,12.6],[1.54,12.64],[1.3,12.84],[0.98,13.08],[0.96,13.58],[0.62,13.68],[0.5,13.86],[0.34,14.12],[0.38,14.26],[0.2,14.44],[0.16,14.54],[0.22,14.92],[-0.24,15.06],[-0.5,15.08],[-0.78,15.06],[-1.04,14.82],[-1.36,14.72],[-1.7,14.5],[-1.96,14.48],[-2.08,14.16],[-2.46,14.28],[-2.68,14.14],[-2.84,14.04],[-2.94,13.64],[-3.26,13.66],[-3.24,13.3],[-3.48,13.16],[-3.6,13.2],[-3.96,13.48],[-4.36,13.12],[-4.22,12.94],[-4.24,12.72],[-4.46,12.72],[-4.38,12.54],[-4.4,12.3],[-4.66,12.08],[-4.74,12.04],[-5.16,11.94],[-5.3,11.62],[-5.22,11.42],[-5.32,11.14],[-5.5,11.04],[-5.44,10.84],[-5.52,10.42],[-5.4,10.3],[-5.12,10.3],[-4.96,9.9],[-4.32,9.6],[-4.28,9.74],[-3.9,9.9],[-3.66,9.94],[-3.2,9.9],[-2.98,9.7],[-2.76,9.4],[-2.68,9.48],[-2.74,9.66],[-2.78,10.1],[-2.76,10.26],[-2.92,10.72],[-2.72,10.98],[-1.6,11],[-1.42,11.02],[-0.7,11],[-0.16,11.14],[-0.12,11.12],[0.38,11.02],[0.48,10.94],[0.9,11],[1.14,11.24],[1.26,11.24],[1.42,11.46],[1.6,11.38],[2.02,11.44],[2.3,11.68],[2.4,11.9]]}},{"type":"Feature","properties":{"iso":"BG"},"geometry":{"type":"LineString","coordinates":[[27.04,42.08],[27.28,42.1],[27.54,41.9],[28.02,41.98],[27.52,42.56],[27.88,42.84],[27.94,43.16],[28.08,43.36],[28.46,43.38],[28.6,43.54],[28.58,43.74],[28.22,43.76],[27.94,43.96],[27.68,43.98],[27.26,44.12],[27.02,44.18],[26.42,44.06],[26.34,44.06],[26.16,44.02],[25.74,43.72],[25.48,43.66],[25.28,43.7],[24.66,43.76],[24.34,43.76],[24.14,43.76],[23.62,43.84],[23.32,43.88],[23.06,43.84],[22.86,43.9],[23,44.1],[22.7,44.22],[22.46,44.02],[22.34,43.8],[22.52,43.48],[22.66,43.4],[22.72,43.38],[22.98,43.18],[22.74,42.9],[22.54,42.88],[22.44,42.82],[22.44,42.64],[22.5,42.4],[22.34,42.32],[22.5,42.14],[22.62,42.08],[22.84,42],[22.88,41.88],[22.98,41.68],[22.94,41.52],[22.92,41.34],[23.28,41.4],[23.62,41.38],[24.2,41.54],[24.54,41.54],[24.6,41.42],[25.16,41.3],[25.88,41.3],[26.18,41.44],[26.06,41.64],[26.34,41.72],[26.56,41.88],[26.84,41.98],[27.04,42.08]]}},{"type":"Feature","properties":{"iso":"BH"},"geometry":{"type":"MultiLineString","coordinates":[[[50.56,26.2],[50.58,26.24],[50.5,26.24],[50.5,26.04],[50.62,26.1],[50.56,26.2]],[[50.6,26.28],[50.62,26.24],[50.64,26.24],[50.66,26.28],[50.6,26.28]]]}},{"type":"Feature","properties":{"iso":"BI"},"geometry":{"type":"LineString","coordinates":[[30.56,-2.4],[30.34,-2.32],[30.14,-2.44],[29.96,-2.32],[29.9,-2.64],[29.64,-2.8],[29.44,-2.8],[29.3,-2.7],[29.12,-2.6],[29.02,-2.72],[29.24,-3.1],[29.24,-3.28],[29.22,-3.4],[29.22,-3.58],[29.22,-3.7],[29.22,-3.9],[29.36,-4.18],[29.4,-4.44],[29.72,-4.46],[30,-4.28],[30.18,-4.04],[30.38,-3.7],[30.62,-3.38],[30.8,-3.28],[30.82,-3],[30.48,-2.94],[30.42,-2.64],[30.56,-2.4]]}},{"type":"Feature","properties":{"iso":"BJ"},"geometry":{"type":"LineString","coordinates":[[3.6,11.7],[2.84,12.4],[2.36,12.22],[2.4,11.9],[2.3,11.68],[2.02,11.44],[1.6,11.38],[1.42,11.46],[1.26,11.24],[1.14,11.24],[0.9,11],[0.78,10.7],[0.76,10.36],[1,10.22],[1.34,9.96],[1.36,9.6],[1.42,9.3],[1.6,9.04],[1.6,8.58],[1.6,8.36],[1.62,7.62],[1.62,7.54],[1.62,7],[1.56,6.9],[1.58,6.72],[1.78,6.28],[1.62,6.22],[1.98,6.28],[2.36,6.34],[2.48,6.34],[2.7,6.36],[2.72,6.48],[2.72,6.5],[2.78,6.7],[2.72,7.66],[2.68,7.9],[2.74,8.52],[2.72,8.78],[2.76,9.06],[3.1,9.12],[3.12,9.42],[3.52,9.84],[3.66,10.12],[3.58,10.28],[3.76,10.4],[3.84,10.64],[3.74,10.82],[3.7,11.12],[3.48,11.4],[3.6,11.7]]}},{"type":"Feature","properties":{"iso":"BL"},"geometry":{"type":"LineString","coordinates":[[-62.84,17.88],[-62.8,17.92],[-62.86,17.92],[-62.84,17.88]]}},{"type":"Feature","properties":{"iso":"BM"},"geometry":{"type":"MultiLineString","coordinates":[[[-64.7,32.34],[-64.7,32.36],[-64.66,32.36],[-64.68,32.38],[-64.72,32.36],[-64.7,32.34]],[[-64.7,32.34],[-64.7,32.32],[-64.74,32.3],[-64.76,32.28],[-64.78,32.26],[-64.82,32.26],[-64.84,32.26],[-64.8,32.28],[-64.82,32.3],[-64.78,32.3],[-64.74,32.32],[-64.72,32.32],[-64.7,32.34]],[[-64.88,32.26],[-64.86,32.26],[-64.88,32.28],[-64.88,32.26]]]}},{"type":"Feature","properties":{"iso":"BN"},"geometry":{"type":"MultiLineString","coordinates":[[[115.14,4.9],[115.02,4.82],[115.12,4.38],[115.32,4.32],[115.28,4.64],[115.14,4.9]],[[114.98,4.88],[114.76,4.9],[114.5,4.68],[114.26,4.6],[114,4.6],[114.24,4.48],[114.58,4.02],[114.76,4.14],[114.8,4.3],[114.74,4.74],[114.98,4.88]]]}},{"type":"Feature","properties":{"iso":"BO"},"geometry":{"type":"LineString","coordinates":[[-69.52,-17.5],[-69.34,-17.8],[-69.3,-17.98],[-69.08,-18.04],[-69.16,-18.14],[-68.96,-18.86],[-68.98,-18.94],[-68.66,-19.28],[-68.5,-19.38],[-68.58,-19.56],[-68.7,-19.74],[-68.56,-19.86],[-68.58,-20.06],[-68.78,-20.08],[-68.68,-20.52],[-68.54,-20.92],[-68.42,-20.96],[-68.2,-21.28],[-68.2,-21.58],[-68.1,-21.96],[-68,-22.06],[-67.86,-22.56],[-67.88,-22.84],[-67.54,-22.9],[-67.2,-22.82],[-67.04,-22.52],[-66.8,-22.44],[-66.74,-22.22],[-66.38,-22.12],[-66.24,-21.8],[-66.1,-21.84],[-65.74,-22.12],[-65.2,-22.1],[-65.02,-22.1],[-64.58,-22.22],[-64.58,-22.34],[-64.3,-22.7],[-63.94,-22],[-62.8,-22],[-62.66,-22.24],[-62.28,-21],[-62.28,-20.58],[-62.22,-20.48],[-61.92,-20.06],[-61.76,-19.66],[-60,-19.3],[-59.08,-19.28],[-58.18,-19.82],[-58.16,-20.16],[-57.86,-19.98],[-58.12,-19.72],[-57.78,-19.06],[-57.78,-18.92],[-57.56,-18.18],[-57.74,-17.84],[-57.72,-17.74],[-57.8,-17.56],[-58.02,-17.5],[-58.38,-17.26],[-58.48,-16.68],[-58.36,-16.5],[-58.46,-16.34],[-60.12,-16.28],[-60.18,-16.22],[-60.24,-15.5],[-60.52,-15.14],[-60.28,-15.1],[-60.3,-14.64],[-60.48,-14.12],[-60.38,-13.98],[-60.46,-13.82],[-60.72,-13.66],[-60.9,-13.56],[-61.34,-13.5],[-61.6,-13.5],[-61.86,-13.46],[-62.22,-13.12],[-62.8,-12.98],[-62.98,-12.86],[-63.08,-12.66],[-63.24,-12.7],[-63.5,-12.56],[-63.8,-12.46],[-63.92,-12.54],[-64.4,-12.46],[-64.46,-12.26],[-65,-12],[-65.06,-11.76],[-65.36,-11.4],[-65.3,-11],[-65.4,-10.8],[-65.44,-10.46],[-65.4,-10.4],[-65.28,-10.22],[-65.3,-9.82],[-65.46,-9.68],[-65.58,-9.84],[-65.78,-9.74],[-66.64,-9.92],[-67.06,-10.26],[-67.34,-10.32],[-67.58,-10.5],[-67.76,-10.72],[-68.1,-10.7],[-68.3,-10.98],[-68.62,-11.12],[-68.88,-11.02],[-69.4,-10.94],[-69.58,-10.96],[-68.68,-12.5],[-68.98,-12.86],[-68.98,-13.04],[-68.98,-13.98],[-68.88,-14.22],[-69,-14.38],[-69.24,-14.6],[-69.4,-14.96],[-69.14,-15.24],[-69.3,-15.36],[-69.42,-15.66],[-69.22,-16.16],[-68.84,-16.3],[-69,-16.42],[-69.04,-16.68],[-69.2,-16.74],[-69.42,-17.08],[-69.66,-17.28],[-69.52,-17.5]]}},{"type":"Feature","properties":{"iso":"BR"},"geometry":{"type":"MultiLineString","coordinates":[[[-57.6,-30.2],[-57.54,-30.28],[-57.22,-30.28],[-57.1,-30.12],[-56.84,-30.1],[-56.02,-30.8],[-56.02,-31.08],[-56,-31.08],[-55.86,-31.08],[-55.6,-30.84],[-55.26,-31.22],[-54.82,-31.44],[-54.6,-31.48],[-54.46,-31.66],[-54.14,-31.9],[-53.78,-32.04],[-53.64,-32.34],[-53.42,-32.56],[-53.18,-32.64],[-53.18,-32.8],[-53.52,-33.12],[-53.54,-33.64],[-53.38,-33.74],[-52.82,-33.32],[-52.62,-33.1],[-52.38,-32.5],[-52.12,-32.18],[-52.26,-32.06],[-52.24,-31.84],[-52,-31.56],[-51.92,-31.3],[-51.66,-31.26],[-51.44,-31.08],[-51.12,-30.26],[-50.54,-30.32],[-50.74,-30.8],[-50.94,-30.9],[-51.18,-31.14],[-51.16,-31.48],[-50.72,-31.04],[-50.32,-30.46],[-50.04,-29.82],[-49.72,-29.32],[-49.34,-28.92],[-48.82,-28.62],[-48.56,-27.86],[-48.64,-27.64],[-48.58,-27.02],[-48.68,-26.72],[-48.58,-25.98],[-48.44,-25.62],[-48.08,-25.3],[-47.96,-25.2],[-47.82,-24.9],[-47.18,-24.54],[-46.96,-24.3],[-46.4,-24],[-46.24,-23.98],[-46.08,-23.82],[-45.86,-23.76],[-45.5,-23.84],[-45.44,-23.66],[-45.08,-23.5],[-44.92,-23.34],[-44.72,-23.36],[-44.68,-23.06],[-44.44,-23],[-44.2,-23.04],[-43.86,-22.9],[-43.54,-23.04],[-43.22,-23],[-43.28,-22.74],[-43.08,-22.66],[-43.04,-22.98],[-42.62,-22.94],[-42.06,-22.96],[-41.96,-22.54],[-41.66,-22.28],[-41.24,-22.14],[-40.96,-21.94],[-41.08,-21.52],[-40.96,-21.28],[-40.74,-20.84],[-40.58,-20.8],[-40.34,-20.5],[-40.02,-19.76],[-39.84,-19.66],[-39.7,-19.42],[-39.74,-18.68],[-39.68,-18.32],[-39.5,-18],[-39.28,-17.86],[-39.18,-17.6],[-39.2,-17.16],[-39.06,-16.44],[-38.86,-15.84],[-38.92,-15.72],[-39.06,-14.68],[-38.92,-14],[-39.06,-13.4],[-38.84,-13.16],[-38.74,-12.74],[-38.5,-12.72],[-38.5,-13.02],[-38.32,-12.94],[-38.06,-12.64],[-37.66,-12.04],[-37.44,-11.56],[-37.48,-11.52],[-37.32,-11.4],[-36.9,-10.78],[-36.58,-10.56],[-36.4,-10.5],[-36.26,-10.24],[-36.04,-10.06],[-35.86,-9.74],[-35.58,-9.54],[-35.3,-9.2],[-35.14,-8.92],[-34.94,-8.36],[-34.82,-7.9],[-34.9,-7.54],[-34.8,-7.16],[-34.86,-7.08],[-34.96,-6.5],[-35.1,-6.18],[-35.26,-5.48],[-35.52,-5.14],[-36,-5.04],[-36.14,-5.1],[-36.58,-5.1],[-36.9,-4.94],[-37.14,-4.94],[-37.24,-4.82],[-37.32,-4.7],[-37.6,-4.6],[-37.76,-4.4],[-38.1,-4.16],[-38.46,-3.72],[-38.66,-3.68],[-39.36,-3.18],[-39.98,-2.84],[-40.5,-2.78],[-41.14,-2.88],[-41.24,-3.02],[-41.34,-2.92],[-41.68,-2.88],[-41.84,-2.76],[-42.22,-2.82],[-42.46,-2.76],[-42.7,-2.56],[-43.32,-2.34],[-43.48,-2.54],[-43.74,-2.52],[-44.02,-2.64],[-44.08,-2.4],[-44.36,-2.54],[-44.44,-2.96],[-44.7,-3],[-44.64,-2.76],[-44.48,-2.4],[-44.52,-1.84],[-45.1,-1.46],[-45.34,-1.58],[-45.4,-1.44],[-45.7,-1.16],[-46.08,-1.22],[-46.22,-1.02],[-46.48,-1.02],[-46.62,-0.82],[-47.08,-0.76],[-47.3,-0.6],[-47.58,-0.58],[-48.16,-0.78],[-48.16,-0.96],[-48.34,-1.32],[-48.64,-1.38],[-48.82,-1.62],[-48.96,-1.6],[-49.24,-1.94],[-49.34,-2.2],[-49.44,-2.18],[-49.38,-1.9],[-49.48,-1.76],[-49.68,-1.9],[-49.98,-1.82],[-50.38,-1.98],[-50.56,-1.9],[-50.82,-1.44],[-50.82,-1.04],[-51.04,-1.04],[-51.26,-1.22],[-51.66,-1.4],[-51.92,-1.58],[-52.12,-1.62],[-52.4,-1.42],[-51.92,-1.32],[-51.9,-1.16],[-51.72,-1.04],[-51.7,-0.74],[-51.44,-0.48],[-51.2,-0.04],[-50.92,0.16],[-50.8,0.16],[-50.6,0.38],[-50.32,0.82],[-49.98,1.08],[-49.88,1.36],[-49.92,1.66],[-50.18,1.82],[-50.46,1.82],[-50.72,2.24],[-50.94,2.82],[-51.1,3.38],[-51.08,3.88],[-51.22,4.16],[-51.52,4.44],[-51.68,4.04],[-51.98,3.7],[-52.36,3.06],[-52.7,2.36],[-52.96,2.18],[-53.34,2.34],[-53.54,2.24],[-53.86,2.3],[-54.14,2.12],[-54.48,2.22],[-54.62,2.32],[-54.78,2.46],[-55.02,2.6],[-55.4,2.44],[-55.72,2.4],[-55.98,2.52],[-56.12,2.34],[-55.92,2.06],[-56.02,1.84],[-56.48,1.94],[-56.8,1.88],[-57.1,2.02],[-57.42,1.9],[-57.56,1.7],[-58,1.66],[-58.02,1.52],[-58.34,1.6],[-58.5,1.46],[-58.52,1.26],[-58.78,1.2],[-58.98,1.32],[-59.24,1.38],[-59.76,1.92],[-59.74,2.26],[-59.9,2.36],[-60,2.7],[-59.96,3.06],[-59.82,3.38],[-59.84,3.6],[-59.68,3.7],[-59.52,3.94],[-59.74,4.2],[-59.68,4.38],[-60.08,4.6],[-59.98,5.08],[-60.08,5.16],[-60.22,5.26],[-60.46,5.18],[-60.74,5.2],[-60.62,4.9],[-60.9,4.7],[-61.02,4.52],[-61.3,4.52],[-61.54,4.26],[-62.2,4.1],[-62.38,4.18],[-62.56,4.04],[-62.76,4.02],[-62.74,3.66],[-63,3.6],[-63.28,3.92],[-63.42,3.96],[-64.06,3.92],[-64.12,4.08],[-64.64,4.2],[-64.66,4],[-64.2,3.6],[-64.22,3.12],[-64,2.7],[-64.04,2.48],[-63.38,2.42],[-63.38,2.24],[-63.76,1.98],[-64,1.96],[-64.08,1.64],[-64.3,1.44],[-64.4,1.5],[-64.74,1.24],[-64.84,1.28],[-65.14,1.12],[-65.46,0.7],[-65.58,0.98],[-65.74,0.98],[-66.16,0.74],[-66.34,0.76],[-66.88,1.22],[-67.1,1.26],[-67.12,1.7],[-67.34,2.1],[-67.6,2.06],[-67.8,1.82],[-68.16,1.72],[-69.36,1.72],[-69.58,1.78],[-69.84,1.7],[-69.86,1.06],[-69.38,1.06],[-69.2,0.94],[-69.14,0.66],[-69.62,0.66],[-70.06,0.58],[-70.08,-0.12],[-69.94,-0.3],[-69.64,-0.5],[-69.62,-0.74],[-69.44,-1],[-69.42,-1.24],[-69.56,-2.1],[-69.78,-3.24],[-69.96,-4.24],[-70.24,-4.3],[-70.42,-4.14],[-70.84,-4.18],[-70.96,-4.38],[-71.78,-4.48],[-72.08,-4.6],[-72.62,-5.02],[-72.92,-5.14],[-72.9,-5.28],[-73,-5.7],[-73.24,-6.08],[-73.14,-6.44],[-73.76,-6.9],[-73.8,-7.12],[-73.76,-7.34],[-73.98,-7.38],[-73.98,-7.52],[-73.72,-7.78],[-73.52,-8.38],[-73.18,-8.72],[-72.96,-9.08],[-73.22,-9.4],[-72.82,-9.42],[-72.44,-9.48],[-72.26,-9.66],[-72.2,-10],[-71.4,-10],[-71.2,-9.94],[-70.68,-9.52],[-70.54,-9.72],[-70.64,-9.96],[-70.64,-11.02],[-70.54,-10.94],[-70.28,-11.06],[-69.96,-10.92],[-69.58,-10.96],[-69.4,-10.94],[-68.88,-11.02],[-68.62,-11.12],[-68.3,-10.98],[-68.1,-10.7],[-67.76,-10.72],[-67.58,-10.5],[-67.34,-10.32],[-67.06,-10.26],[-66.64,-9.92],[-65.78,-9.74],[-65.58,-9.84],[-65.46,-9.68],[-65.3,-9.82],[-65.28,-10.22],[-65.4,-10.4],[-65.44,-10.46],[-65.4,-10.8],[-65.3,-11],[-65.36,-11.4],[-65.06,-11.76],[-65,-12],[-64.46,-12.26],[-64.4,-12.46],[-63.92,-12.54],[-63.8,-12.46],[-63.5,-12.56],[-63.24,-12.7],[-63.08,-12.66],[-62.98,-12.86],[-62.8,-12.98],[-62.22,-13.12],[-61.86,-13.46],[-61.6,-13.5],[-61.34,-13.5],[-60.9,-13.56],[-60.72,-13.66],[-60.46,-13.82],[-60.38,-13.98],[-60.48,-14.12],[-60.3,-14.64],[-60.28,-15.1],[-60.52,-15.14],[-60.24,-15.5],[-60.18,-16.22],[-60.12,-16.28],[-58.46,-16.34],[-58.36,-16.5],[-58.48,-16.68],[-58.38,-17.26],[-58.02,-17.5],[-57.8,-17.56],[-57.72,-17.74],[-57.74,-17.84],[-57.56,-18.18],[-57.78,-18.92],[-57.78,-19.06],[-58.12,-19.72],[-57.86,-19.98],[-58.16,-20.16],[-57.98,-20.44],[-58,-20.62],[-57.86,-20.74],[-57.86,-21.34],[-57.98,-22.08],[-57.38,-22.22],[-57.22,-22.18],[-56.84,-22.28],[-56.42,-22.08],[-56.2,-22.28],[-55.9,-22.3],[-55.64,-22.62],[-55.64,-23],[-55.54,-23.22],[-55.54,-23.54],[-55.4,-23.98],[-54.94,-23.96],[-54.62,-23.82],[-54.24,-24.06],[-54.26,-24.32],[-54.36,-24.74],[-54.42,-25.14],[-54.6,-25.44],[-54.6,-25.58],[-54.46,-25.64],[-54.22,-25.54],[-53.9,-25.62],[-53.82,-25.98],[-53.66,-26.26],[-53.72,-26.38],[-53.72,-26.88],[-53.84,-27.16],[-54.18,-27.26],[-54.28,-27.42],[-54.46,-27.42],[-54.82,-27.54],[-55.02,-27.84],[-55.32,-27.92],[-55.62,-28.14],[-55.78,-28.24],[-55.9,-28.46],[-56.18,-28.74],[-56.42,-29.06],[-56.62,-29.16],[-56.68,-29.32],[-57.1,-29.76],[-57.3,-29.84],[-57.32,-29.98],[-57.62,-30.18],[-57.6,-30.2]],[[-51.18,-0.62],[-51.3,-0.52],[-51.5,-0.6],[-51.68,-0.84],[-51.72,-1.12],[-51.88,-1.24],[-51.78,-1.44],[-51.28,-1.02],[-51.18,-0.62]],[[-48.46,-0.58],[-48.42,-0.26],[-48.9,-0.22],[-49.22,-0.14],[-49.66,-0.24],[-50.36,-0.1],[-50.58,-0.2],[-50.7,-0.36],[-50.78,-0.66],[-50.8,-1.42],[-50.4,-1.84],[-50.06,-1.7],[-49.82,-1.82],[-49.56,-1.64],[-49.22,-1.62],[-48.84,-1.44],[-48.84,-1.22],[-48.64,-1.08],[-48.54,-0.9],[-48.46,-0.58]],[[-50.98,-0.3],[-50.62,-0.08],[-50.76,0.04],[-50.94,-0.02],[-50.98,-0.3]],[[-49.84,-0.1],[-49.44,-0.12],[-49.42,0.08],[-49.62,0.06],[-49.84,-0.1]],[[-50.04,0.3],[-50.36,0.22],[-50.3,0.02],[-49.82,0.02],[-49.66,0.38],[-50.04,0.3]]]}},{"type":"Feature","properties":{"iso":"BS"},"geometry":{"type":"MultiLineString","coordinates":[[[-73.64,21.06],[-73.5,20.92],[-73.12,21],[-73.4,21.22],[-73.64,21.06]],[[-73.14,22.36],[-72.76,22.34],[-73.06,22.44],[-73.14,22.36]],[[-74,22.66],[-73.92,22.6],[-73.84,22.72],[-73.96,22.72],[-74,22.66]],[[-74.28,22.74],[-74.1,22.66],[-74.22,22.82],[-74.28,22.74]],[[-75.8,23.54],[-75.98,23.68],[-75.98,23.6],[-75.88,23.52],[-75.8,23.54]],[[-74.86,22.98],[-74.84,23],[-74.94,23.1],[-75.04,23.12],[-75.08,23.18],[-75.1,23.3],[-75.18,23.44],[-75.2,23.52],[-75.26,23.5],[-75.2,23.42],[-75.14,23.36],[-75.12,23.28],[-75.14,23.18],[-75.08,23.12],[-75,23.08],[-74.92,23.02],[-74.86,22.98]],[[-74.9,23.7],[-74.9,23.66],[-74.8,23.68],[-74.82,23.72],[-74.9,23.7]],[[-76.32,23.98],[-76.38,24.1],[-76.38,24.04],[-76.32,23.98]],[[-74.46,24.02],[-74.42,24.08],[-74.46,24.14],[-74.52,24.1],[-74.46,24.02]],[[-78.14,24.5],[-78.06,24.32],[-77.72,24.5],[-77.74,24.64],[-77.98,25.02],[-78.16,25],[-78.34,24.68],[-78.14,24.5]],[[-77.74,24.04],[-77.84,24.2],[-77.94,24.1],[-77.82,23.98],[-77.64,23.76],[-77.52,23.86],[-77.54,24.12],[-77.74,24.04]],[[-75.32,24.22],[-75.48,24.38],[-75.62,24.56],[-75.62,24.64],[-75.7,24.7],[-75.76,24.66],[-75.66,24.58],[-75.58,24.48],[-75.54,24.38],[-75.34,24.16],[-75.32,24.22]],[[-77.48,25],[-77.38,25],[-77.32,25.08],[-77.46,25.08],[-77.48,25]],[[-76.34,25.28],[-76.16,25.12],[-76.18,24.98],[-76.22,24.9],[-76.14,24.9],[-76.16,24.98],[-76.12,25.12],[-76.32,25.3],[-76.36,25.34],[-76.46,25.36],[-76.62,25.46],[-76.72,25.56],[-76.72,25.44],[-76.6,25.42],[-76.48,25.36],[-76.38,25.32],[-76.34,25.28]],[[-77.82,25.7],[-77.86,25.78],[-77.88,25.78],[-77.84,25.7],[-77.82,25.7]],[[-77.54,26.3],[-77.58,26.34],[-77.58,26.32],[-77.56,26.3],[-77.54,26.3]],[[-78.64,26.5],[-78.6,26.54],[-78.42,26.6],[-77.9,26.68],[-77.98,26.72],[-78.28,26.68],[-78.48,26.72],[-78.58,26.7],[-78.64,26.6],[-78.64,26.5]],[[-77.04,26.36],[-77.06,26.52],[-77.32,26.7],[-77.52,26.86],[-77.78,26.92],[-77.76,26.88],[-77.52,26.86],[-77.38,26.7],[-77.24,26.44],[-77.24,26.28],[-77.34,26.08],[-77.2,25.92],[-77.16,26.24],[-77.04,26.36]],[[-79.26,25.78],[-79.28,25.76],[-79.26,25.74],[-79.24,25.74],[-79.26,25.78]],[[-75.72,22.2],[-75.74,22.2],[-75.74,22.18],[-75.72,22.18],[-75.72,22.2]],[[-76.78,25.56],[-76.78,25.54],[-76.74,25.54],[-76.78,25.56]],[[-76.82,25.54],[-76.86,25.52],[-76.84,25.52],[-76.82,25.52],[-76.82,25.54]]]}},{"type":"Feature","properties":{"iso":"BT"},"geometry":{"type":"LineString","coordinates":[[91.72,27.46],[91.6,27.54],[91.62,27.86],[91.44,27.98],[91.26,28.08],[91.1,27.98],[90.76,28.06],[90.48,28.08],[90.58,28.24],[90.26,28.34],[89.86,28.3],[89.42,27.98],[89.2,27.74],[89.12,27.62],[88.9,27.32],[88.88,27.28],[88.74,27.14],[88.96,26.92],[89.18,26.82],[89.36,26.84],[89.76,26.7],[89.86,26.72],[90.08,26.74],[90.38,26.9],[90.58,26.78],[90.94,26.78],[91.02,26.78],[91.52,26.8],[92.08,26.92],[92,27.18],[92.08,27.3],[91.98,27.48],[91.72,27.46]]}},{"type":"Feature","properties":{"iso":"BW"},"geometry":{"type":"LineString","coordinates":[[25.26,-17.8],[24.96,-17.8],[24.72,-17.9],[24.58,-18.04],[24.42,-17.96],[24.18,-18.02],[23.64,-18.46],[23.32,-18],[22.98,-18.02],[21.48,-18.3],[21,-18.32],[20.98,-19.18],[20.98,-20.36],[20.98,-21],[20.98,-22],[19.98,-22],[19.98,-23.3],[19.98,-23.86],[19.98,-24.76],[20.36,-25.04],[20.8,-25.9],[20.84,-26.14],[20.62,-26.42],[20.6,-26.68],[21.12,-26.86],[21.68,-26.86],[21.76,-26.7],[22.06,-26.62],[22.26,-26.34],[22.62,-26.12],[22.72,-25.98],[22.84,-25.48],[23,-25.32],[23.46,-25.28],[23.92,-25.62],[24.22,-25.64],[24.5,-25.76],[24.8,-25.82],[25.06,-25.74],[25.38,-25.74],[25.58,-25.62],[25.66,-25.46],[25.88,-24.88],[25.86,-24.74],[26.16,-24.66],[26.4,-24.64],[26.54,-24.46],[26.84,-24.24],[26.96,-23.74],[27.12,-23.52],[27.54,-23.36],[27.6,-23.22],[27.9,-23.08],[27.94,-22.96],[28.34,-22.58],[28.62,-22.56],[28.92,-22.46],[29.04,-22.22],[29.36,-22.18],[29.02,-21.98],[29.04,-21.8],[28.62,-21.66],[28.46,-21.66],[28,-21.56],[27.88,-21.32],[27.68,-21.1],[27.7,-20.5],[27.26,-20.5],[27.22,-20.12],[26.68,-19.88],[26.14,-19.5],[25.96,-19.12],[25.96,-19],[25.76,-18.64],[25.5,-18.4],[25.22,-17.94],[25.26,-17.8]]}},{"type":"Feature","properties":{"iso":"BY"},"geometry":{"type":"LineString","coordinates":[[30.56,51.24],[30.54,51.56],[30.66,51.82],[30.94,52.02],[31.48,52.12],[31.76,52.1],[31.6,52.38],[31.5,52.84],[31.24,53.02],[31.36,53.12],[31.74,53.2],[32.2,53.1],[32.72,53.44],[32.48,53.66],[32.08,53.8],[31.76,53.82],[31.74,54.08],[31.32,54.22],[31.18,54.46],[31.16,54.62],[30.78,54.78],[31,55.04],[30.8,55.28],[30.9,55.58],[30.22,55.86],[29.86,55.84],[29.46,55.68],[29.38,55.96],[28.14,56.14],[28.06,56.14],[27.76,55.98],[27.6,55.8],[26.98,55.82],[26.6,55.66],[26.44,55.34],[26.74,55.24],[26.3,55.14],[26.18,55],[25.78,54.86],[25.52,54.34],[24.86,54.14],[24.82,54.02],[24.38,53.88],[24.2,53.96],[23.48,53.94],[23.6,53.62],[23.9,53.16],[23.92,52.78],[23.74,52.62],[23.4,52.5],[23.18,52.28],[23.64,52.08],[23.56,51.76],[23.6,51.52],[23.98,51.58],[24.4,51.88],[25.18,51.94],[25.54,51.92],[26.08,51.9],[26.86,51.74],[27.18,51.74],[27.52,51.62],[27.66,51.5],[27.82,51.6],[28.34,51.52],[28.8,51.54],[29.04,51.62],[29.36,51.38],[29.62,51.48],[30.14,51.48],[30.56,51.24]]}},{"type":"Feature","properties":{"iso":"BZ"},"geometry":{"type":"LineString","coordinates":[[-89.16,17.32],[-89.2,16.4],[-89.24,15.9],[-88.92,15.9],[-88.92,15.98],[-88.54,16.28],[-88.4,16.5],[-88.3,16.66],[-88.28,17.14],[-88.24,17.5],[-88.28,17.58],[-88.16,17.96],[-88.1,18.12],[-88.3,18.48],[-88.48,18.48],[-88.62,18.24],[-88.88,17.88],[-89.14,17.96],[-89.16,17.82],[-89.16,17.32]]}},{"type":"Feature","properties":{"iso":"CA"},"geometry":{"type":"MultiLineString","coordinates":[[[-117.04,49],[-116.04,49],[-114.06,49],[-111.44,49],[-110,49],[-108.36,49],[-106.6,49],[-104.04,49],[-101.36,49],[-99.8,49],[-97.22,49],[-95.18,49],[-95.16,49.36],[-94.82,49.3],[-94.6,48.72],[-93.88,48.64],[-93.76,48.52],[-93.26,48.64],[-92.64,48.54],[-92.3,48.32],[-92.04,48.34],[-91.7,48.1],[-91.42,48.04],[-90.92,48.22],[-90.78,48.1],[-90.18,48.12],[-89.98,48.02],[-89.5,48],[-89.34,47.98],[-88.64,48.26],[-88.34,48.3],[-86.64,47.62],[-84.88,46.9],[-84.78,46.64],[-84.58,46.48],[-84.16,46.44],[-83.94,46.06],[-83.62,46.12],[-83.46,46],[-83.48,45.78],[-82.58,45.38],[-82.54,45.3],[-82.16,43.54],[-82.42,43.06],[-82.52,42.64],[-83.12,42.24],[-83.14,41.94],[-82.72,41.68],[-82.42,41.68],[-81.28,42.2],[-80.52,42.32],[-80.24,42.36],[-79.76,42.54],[-79.02,42.8],[-79.06,43.26],[-79.18,43.46],[-78.68,43.64],[-76.84,43.62],[-76.46,44.08],[-75.28,44.86],[-74.72,45],[-74.34,45.22],[-73.76,45.68],[-73.5,45.72],[-73,46.22],[-72.6,46.3],[-72.22,46.56],[-71.88,46.7],[-71.36,46.74],[-70.96,47.02],[-70.72,47.12],[-70.5,47.42],[-70.24,47.5],[-69.94,47.78],[-69.74,48.12],[-69.44,48.3],[-69.06,48.76],[-68.12,49.28],[-67.38,49.34],[-67.24,49.46],[-67.14,49.84],[-66.54,50.22],[-66.16,50.2],[-65.26,50.32],[-64.88,50.28],[-64.48,50.32],[-64.24,50.28],[-63.72,50.3],[-63.44,50.22],[-62.86,50.3],[-61.84,50.22],[-61.72,50.1],[-60.84,50.26],[-60.06,50.26],[-59.8,50.44],[-59.58,50.48],[-59.4,50.66],[-59,50.8],[-58.94,51.04],[-58.72,51.1],[-58.46,51.32],[-58.24,51.28],[-57.24,51.5],[-57.1,51.42],[-56.96,51.42],[-56.34,51.78],[-55.94,51.92],[-55.68,52.12],[-56,52.52],[-56.06,52.76],[-55.82,52.84],[-55.96,53.02],[-55.74,53.14],[-56.04,53.58],[-57.16,53.74],[-57.36,54.14],[-58.02,54.24],[-58.22,54.06],[-58.86,53.94],[-59.08,53.68],[-59.52,53.56],[-60.04,53.48],[-60.1,53.76],[-59.54,53.82],[-58.98,53.98],[-58.18,54.36],[-57.68,54.38],[-57.4,54.5],[-57.84,54.74],[-58.68,54.82],[-59.02,55.02],[-59,55.16],[-59.86,55.14],[-60.28,55.24],[-60.36,55.58],[-60.78,55.86],[-61.34,55.96],[-61.84,56.38],[-61.8,56.78],[-61.38,57.12],[-61.86,57.18],[-61.82,57.38],[-62.28,57.52],[-61.88,57.62],[-62.3,58.04],[-62.66,58.18],[-62.58,58.5],[-62.92,58.82],[-63.44,59.12],[-63.72,59.5],[-64.14,59.68],[-64.22,60.04],[-64.46,60.06],[-64.54,60.3],[-64.84,60.36],[-65.14,59.9],[-65.54,59.74],[-65.4,59.42],[-65.74,59.26],[-65.64,59.08],[-66.1,58.78],[-66.4,58.86],[-66.62,58.6],[-67.06,58.4],[-67.64,58.26],[-68.36,58.62],[-68.36,58.78],[-68.78,58.92],[-69.26,58.9],[-69.84,58.6],[-70.04,58.82],[-69.46,58.9],[-69.52,59.18],[-69.26,59.32],[-69.68,59.46],[-69.58,59.88],[-69.76,59.98],[-69.6,60.22],[-69.76,60.34],[-69.72,60.68],[-69.38,60.8],[-69.54,61.08],[-69.92,60.82],[-70.12,61.06],[-70.6,61.04],[-71.4,61.14],[-71.86,61.42],[-71.66,61.64],[-72.24,61.88],[-72.6,61.94],[-72.62,62.1],[-73.06,62.18],[-73.68,62.48],[-74.42,62.26],[-75.82,62.32],[-76.76,62.52],[-77.5,62.58],[-78.16,62.3],[-78.08,61.88],[-77.7,61.62],[-77.82,61.08],[-78.16,60.86],[-77.6,60.76],[-77.82,60.64],[-77.74,60.42],[-77.28,60.02],[-77.46,59.68],[-77.88,59.48],[-77.82,59.3],[-78.1,59.2],[-78.48,58.72],[-78.04,58.38],[-77.6,58.28],[-77.08,57.96],[-76.8,57.68],[-76.58,57.28],[-76.5,56.78],[-76.54,56.3],[-76.66,56.08],[-77.12,55.68],[-77.78,55.28],[-78.4,55.02],[-78.96,54.86],[-79.68,54.7],[-79.46,54.32],[-79.12,54.1],[-79.02,53.84],[-79.06,53.62],[-78.9,53.2],[-78.98,53.08],[-78.78,52.88],[-78.78,52.66],[-78.52,52.48],[-78.6,52.1],[-78.84,51.84],[-78.88,51.4],[-79.34,51.66],[-79.52,51.46],[-79.74,51.2],[-79.52,50.96],[-79.52,50.94],[-80.1,51.3],[-80.42,51.36],[-80.6,51.72],[-80.98,52],[-81.4,52.12],[-81.56,52.46],[-82.3,52.96],[-82.12,53.28],[-82.22,53.6],[-82.12,53.82],[-82.44,54.22],[-82.2,54.84],[-82.46,55.14],[-82.82,55.14],[-83.92,55.32],[-84.62,55.24],[-85.12,55.3],[-85.68,55.58],[-86.28,55.72],[-86.88,55.92],[-87.32,55.96],[-87.62,56.1],[-87.98,56.44],[-88.32,56.54],[-88.94,56.86],[-89.82,56.98],[-90.58,57.22],[-91.04,57.26],[-92.22,57.02],[-92.66,57],[-92.46,57.22],[-92.46,57.44],[-92.76,57.86],[-92.8,58.08],[-93.12,58.52],[-93.18,58.76],[-93.72,58.8],[-94.4,58.72],[-94.8,59.02],[-94.72,59.36],[-94.82,59.66],[-94.8,60],[-94.72,60.26],[-94.36,60.86],[-94,61.24],[-93.98,61.46],[-93.3,61.76],[-93.5,61.86],[-92.6,62.24],[-92.72,62.46],[-92.26,62.56],[-92.46,62.8],[-91.98,62.84],[-91.44,62.78],[-90.64,63.06],[-90.7,63.28],[-91.02,63.48],[-91.58,63.58],[-91.38,63.7],[-90.98,63.58],[-90.16,63.66],[-89.82,63.96],[-89.18,64.04],[-88.74,63.98],[-88.04,64.18],[-86.94,65.14],[-87.04,65.24],[-89.04,65.32],[-89.84,65.84],[-89.68,65.94],[-88.98,65.7],[-88.58,65.64],[-88.2,65.4],[-87.38,65.32],[-86.48,65.74],[-86.42,65.9],[-85.86,66.16],[-86.62,66.32],[-86.62,66.5],[-85.42,66.56],[-85.26,66.28],[-84.38,66.2],[-83.7,66.2],[-82.64,66.56],[-81.96,66.98],[-81.52,67],[-81.24,67.46],[-82.08,67.9],[-82.36,68.36],[-81.26,68.64],[-81.36,68.86],[-81.7,68.9],[-81.34,69.18],[-82.24,69.24],[-82.58,69.68],[-83.76,69.72],[-84.34,69.86],[-85.34,69.8],[-85.54,69.46],[-85.22,69.14],[-84.76,69.08],[-85.22,68.72],[-85.66,68.72],[-85.9,68.06],[-86.52,67.68],[-86.5,67.38],[-87.32,67.18],[-87.48,67.36],[-88.16,67.68],[-88.38,67.98],[-88.28,68.12],[-87.8,68.34],[-88.02,68.8],[-89.34,69.24],[-89.68,69.04],[-89.68,68.82],[-90,68.38],[-90.6,68.44],[-90.44,68.88],[-91.04,69.22],[-91.1,69.52],[-91.8,69.52],[-92.48,69.7],[-91.94,70.02],[-91.54,70.14],[-92,70.32],[-92.24,70.62],[-92.9,70.9],[-93,71.36],[-94.06,71.78],[-94.54,71.78],[-94.54,72],[-95.22,71.94],[-95.5,71.72],[-95.66,71.3],[-96.22,71.38],[-96.56,71.12],[-96.62,70.82],[-96.2,70.62],[-96.56,70.32],[-96.48,70.1],[-95.98,69.78],[-95.66,69.78],[-94.32,69.46],[-93.44,69.36],[-94.14,69.14],[-94.64,68.76],[-94.1,68.76],[-93.74,68.62],[-94.34,68.24],[-94.86,68.04],[-95.24,68.06],[-95.58,67.9],[-95.26,67.26],[-95.74,67.38],[-96.08,67.22],[-96.46,67.54],[-96.22,67.78],[-96,68.26],[-96.4,68.18],[-97.26,68.46],[-98.2,68.3],[-98.44,68.08],[-98.18,67.88],[-97.64,68],[-97.06,67.68],[-97.6,67.6],[-98.36,67.82],[-98.92,67.72],[-99.42,67.8],[-100.72,67.84],[-101.52,67.68],[-102.76,67.82],[-103.36,68.02],[-104.48,68.04],[-104.6,68.24],[-105.1,68.26],[-105.54,68.44],[-105.46,68.72],[-106.2,68.94],[-107.3,68.7],[-108.28,68.62],[-108.82,68.28],[-108.34,68.16],[-107.72,68.2],[-106.58,68.42],[-106.52,68.52],[-105.88,68.64],[-105.7,68.48],[-106.28,68.38],[-106.5,68.24],[-107.42,68.04],[-107.94,67.86],[-107.98,67.7],[-107.58,67.5],[-107.52,67.22],[-107.24,67.08],[-107.66,66.7],[-108.22,67.02],[-108,67.28],[-108.44,67.44],[-108.6,67.62],[-109.7,67.82],[-109.98,67.96],[-110.42,67.94],[-111.02,67.76],[-111.3,67.82],[-112.42,67.68],[-113.86,67.7],[-115.54,67.94],[-114.84,68.26],[-114.06,68.3],[-114.2,68.58],[-114.98,68.86],[-115.58,68.98],[-116.16,68.98],[-116.2,68.84],[-118.04,69.02],[-118.66,69.22],[-120.28,69.4],[-120.68,69.56],[-121.42,69.76],[-122.96,69.84],[-123.18,69.5],[-123.54,69.38],[-124.44,69.36],[-124.08,69.66],[-124.5,69.74],[-124.38,70.14],[-124.98,70.04],[-125.04,69.74],[-125.42,69.6],[-125.16,69.46],[-125.44,69.32],[-125.94,69.42],[-126.7,69.76],[-127.14,70.26],[-127.92,70.56],[-128.32,69.98],[-129,69.68],[-129.18,69.84],[-130.34,69.7],[-130.76,69.46],[-131.08,69.64],[-129.6,70],[-130.32,70.14],[-130.94,70.08],[-132.14,69.68],[-132.88,69.66],[-133.2,69.42],[-133.64,69.4],[-134.42,69.66],[-134.64,69.48],[-135.16,69.48],[-135.84,69.3],[-136,69.02],[-136.44,68.9],[-137.2,68.94],[-138.64,69.28],[-139.14,69.52],[-139.92,69.62],[-141,69.66],[-141,68.48],[-141,66.88],[-141,65.56],[-141,64.54],[-141,62.66],[-141,61.34],[-141,60.32],[-140.54,60.22],[-140.02,60.18],[-139.62,60.34],[-139.1,60.34],[-139.06,60],[-137.62,59.24],[-137.42,58.9],[-136.46,59.28],[-136.26,59.62],[-135.48,59.8],[-135.02,59.54],[-135.1,59.42],[-134.4,59.06],[-134.22,58.84],[-133.88,58.74],[-133.46,58.46],[-132.56,57.5],[-132.04,57.02],[-132.1,56.86],[-131.1,56.4],[-130.08,56.08],[-130.02,55.9],[-130.14,55.74],[-129.96,55.28],[-130.2,54.72],[-130.38,54.66],[-130.46,54.34],[-130.12,54.16],[-130.1,53.94],[-129.34,53.4],[-129.22,53.64],[-128.86,53.84],[-128.78,53.56],[-128.88,53.3],[-128.54,53.14],[-128.48,52.86],[-128.12,52.76],[-128.24,52.56],[-127.8,52.26],[-127.22,52.46],[-127.28,52.24],[-127.84,51.92],[-127.88,51.68],[-127.66,51.4],[-127.78,51.16],[-127.42,50.94],[-127.02,50.82],[-126.86,50.94],[-126.48,50.82],[-126.18,50.86],[-126.24,50.5],[-125.7,50.44],[-125.4,50.5],[-125.06,50.32],[-124.6,50.24],[-124.74,49.96],[-124.4,49.76],[-124.18,49.78],[-123.96,49.52],[-123.56,49.38],[-123.24,49.6],[-123.22,49.12],[-123.1,49],[-123.04,49],[-122.76,49],[-121.34,49],[-119.36,49],[-117.04,49]],[[-131.12,52.18],[-131.42,52.46],[-131.66,52.54],[-131.86,52.86],[-131.62,53.06],[-131.9,53.24],[-132.5,53.04],[-131.38,52.2],[-131.12,52.18]],[[-128.8,52.7],[-128.6,52.62],[-128.54,53.02],[-128.64,53.16],[-129.08,53.3],[-129.18,53.02],[-129.06,52.74],[-128.8,52.7]],[[-129.74,53.24],[-129.98,53.46],[-130.32,53.4],[-129.94,53.16],[-129.74,53.24]],[[-130.26,53.9],[-130.2,53.74],[-129.94,53.6],[-129.56,53.22],[-129.34,53.36],[-129.84,53.74],[-130.26,53.9]],[[-132.58,53.2],[-132.4,53.14],[-132,53.26],[-131.88,53.78],[-131.7,54],[-132.3,54.12],[-133.04,54.16],[-133.14,53.9],[-132.9,53.62],[-132.52,53.42],[-132.58,53.2]],[[-123.32,48.5],[-123.54,48.64],[-123.82,49.12],[-124.16,49.32],[-124.8,49.48],[-124.88,49.72],[-125.18,49.92],[-125.44,50.32],[-126.12,50.46],[-126.46,50.48],[-127.2,50.62],[-127.5,50.78],[-128.08,50.88],[-128.4,50.78],[-128.32,50.6],[-127.92,50.46],[-127.78,50.24],[-127.48,50.14],[-127.14,49.86],[-126.64,49.9],[-126.58,49.42],[-126.08,49.38],[-125.74,49.06],[-125.36,48.98],[-125.18,48.8],[-124.66,48.58],[-123.9,48.36],[-123.56,48.32],[-123.32,48.5]],[[-74.72,45],[-74.04,45.24],[-73.68,45.44],[-73.56,45.42],[-73.42,45.76],[-73.14,46.06],[-72.74,46.18],[-72.5,46.36],[-71.84,46.66],[-71.72,46.64],[-71.3,46.74],[-71.16,46.84],[-70.54,47.02],[-69.06,48.24],[-68.2,48.64],[-66.62,49.12],[-66.22,49.2],[-65.56,49.26],[-64.96,49.22],[-64.62,49.12],[-64.22,48.9],[-64.16,48.62],[-64.32,48.42],[-64.7,48.32],[-64.78,48.2],[-65.28,48.02],[-65.78,48.12],[-66.52,48.1],[-66.84,48],[-66.38,48.08],[-65.82,47.9],[-65.62,47.68],[-65.2,47.82],[-64.82,47.82],[-64.96,47.3],[-65.34,47.1],[-64.82,47.08],[-64.9,46.88],[-64.52,46.24],[-63.82,46.14],[-64.04,46],[-63.8,45.88],[-63.18,45.74],[-62.74,45.76],[-62.48,45.62],[-61.92,45.88],[-61.9,45.7],[-61.48,45.68],[-61.08,45.22],[-61.34,45.24],[-61.64,45.08],[-62.56,44.86],[-63.28,44.64],[-63.72,44.46],[-63.94,44.62],[-64.36,44.46],[-64.34,44.34],[-64.56,44.08],[-64.82,43.96],[-65.04,43.72],[-65.46,43.52],[-66.12,43.74],[-66.22,44.1],[-66.12,44.34],[-65.78,44.7],[-64.86,45.14],[-64.52,45.22],[-64.22,45.1],[-64.06,45.42],[-64.38,45.36],[-64.64,45.56],[-64.28,45.84],[-64.58,45.82],[-64.76,45.62],[-65.32,45.46],[-65.9,45.22],[-66.5,45.16],[-66.74,45.06],[-67.18,45.18],[-67.48,45.28],[-67.44,45.62],[-67.8,45.7],[-67.78,45.82],[-67.8,47.04],[-68.2,47.34],[-68.9,47.2],[-69.06,47.3],[-69.26,47.44],[-70,46.7],[-70.08,46.42],[-70.32,46.08],[-70.26,45.92],[-70.72,45.48],[-71.08,45.3],[-71.4,45.24],[-71.5,45.02],[-73.36,45],[-74.72,45]],[[-64.32,49.8],[-63.92,49.68],[-63.58,49.38],[-63.1,49.24],[-62.24,49.06],[-61.82,49.06],[-61.66,49.16],[-61.88,49.36],[-62.2,49.42],[-62.54,49.6],[-63.38,49.82],[-64.14,49.96],[-64.32,49.8]],[[-95.22,68.86],[-95.84,68.9],[-96.22,69.32],[-96.9,69.5],[-97.22,69.68],[-97.92,69.9],[-98.22,69.8],[-98.42,69.36],[-98.72,69.2],[-99.3,69.16],[-99.42,68.9],[-97.76,68.66],[-97.56,68.56],[-96.3,68.48],[-95.8,68.72],[-95.22,68.86]],[[-110,72.72],[-110,72.62],[-110,72.52],[-110,72.5],[-110,72.46],[-110.72,72.58],[-112.08,72.9],[-113.02,73.02],[-113.6,72.78],[-114.02,72.8],[-113.96,73.12],[-114.58,73.38],[-115.58,73.2],[-117.36,72.92],[-118.6,72.42],[-118.12,72.22],[-118.68,72.14],[-119.06,71.94],[-119.06,71.62],[-118.08,71.66],[-118.3,71.44],[-117.56,71.38],[-116.18,71.5],[-115.9,71.4],[-118.38,71.02],[-118.18,70.84],[-117.58,70.6],[-116.24,70.64],[-115.58,70.58],[-113.98,70.72],[-112.14,70.5],[-111.8,70.36],[-112.58,70.2],[-114.18,70.32],[-116.04,70.22],[-116.96,70.12],[-117.44,69.98],[-117.26,69.76],[-116.86,69.64],[-116.64,69.46],[-115.98,69.3],[-115.18,69.24],[-114.4,69.28],[-113.58,69.2],[-113.66,68.8],[-113.36,68.6],[-112.58,68.5],[-111.26,68.52],[-110.6,68.62],[-109.62,68.64],[-108.96,68.74],[-108.54,68.94],[-107.94,68.94],[-107.34,69.02],[-106.58,69.5],[-105.88,69.18],[-103.38,68.78],[-101.96,68.96],[-101.76,69.12],[-102.06,69.48],[-103.04,69.36],[-103.04,69.52],[-102.5,69.56],[-102.58,69.74],[-102.02,69.8],[-101.7,69.7],[-100.96,69.66],[-101,70.18],[-101.58,70.14],[-102.4,70.42],[-103.54,70.6],[-104.6,71.08],[-104.28,71.36],[-104.38,71.6],[-105.04,72.12],[-105.34,72.76],[-105.82,73.06],[-106.24,73.08],[-106.82,73.3],[-107.66,73.32],[-108.3,73.14],[-107.72,72.3],[-107.78,72.14],[-107.26,71.9],[-107.66,71.7],[-108.28,71.8],[-108.18,71.94],[-108.66,72.36],[-108.64,72.56],[-110,72.98],[-110,72.76],[-110,72.72]],[[-72.94,66.74],[-74.34,66.22],[-74.42,66.08],[-73.72,65.78],[-73.5,65.5],[-74.18,65.52],[-74.5,65.34],[-74.88,65.4],[-75.22,65.26],[-75.76,65.22],[-76.68,65.42],[-77.44,65.46],[-77.32,65.2],[-77.96,65.06],[-78.18,64.58],[-77.76,64.34],[-76.72,64.3],[-75.86,64.38],[-75.7,64.58],[-74.72,64.38],[-74.56,64.64],[-73.9,64.56],[-73.46,64.6],[-73.38,64.28],[-73.14,64.3],[-72.32,63.68],[-71.56,63.7],[-71.76,63.28],[-71.38,63.04],[-71.02,63.08],[-70.82,62.9],[-70.24,62.76],[-69.62,62.8],[-69.44,62.56],[-68.56,62.24],[-67.4,62.14],[-66.28,61.86],[-65.94,62.2],[-66.56,62.56],[-66.98,62.7],[-67.2,62.88],[-68.14,63.16],[-68.76,63.56],[-68.5,63.74],[-67.86,63.46],[-67.5,63.44],[-66.52,63.08],[-65.66,62.92],[-65.16,62.56],[-64.96,62.66],[-64.76,63.06],[-64.48,63.28],[-64.68,63.74],[-65.3,64.2],[-65.08,64.48],[-65.72,64.52],[-65.58,64.76],[-65.82,64.88],[-66.64,64.96],[-67.16,65.26],[-67.06,65.46],[-67.92,65.62],[-67.82,65.88],[-67.18,65.94],[-67.3,66.28],[-66.96,66.54],[-66.48,66.34],[-65.9,65.96],[-65.5,65.76],[-64.9,65.28],[-64.18,65.18],[-63.66,64.92],[-63.4,65.04],[-63.5,65.38],[-63.16,65.64],[-62.6,65.66],[-61.96,66.02],[-62.54,66.22],[-61.5,66.36],[-61.28,66.6],[-61.6,66.88],[-62,67.04],[-62.28,66.94],[-62.9,66.98],[-63.26,67.14],[-63.88,67.24],[-64.28,67.72],[-64.72,67.98],[-66.22,68],[-66.76,68.24],[-67.06,68.48],[-67.94,68.52],[-68.54,68.76],[-68.14,68.84],[-67.68,69.18],[-66.66,69.18],[-67.22,69.46],[-68,69.46],[-68.58,69.6],[-68.02,69.78],[-67.12,69.72],[-67.24,69.96],[-67.8,70.26],[-68.34,70.06],[-69.48,70.24],[-68.46,70.38],[-68.36,70.58],[-70.52,70.94],[-70.78,71.12],[-71.32,70.88],[-71.96,70.8],[-72.36,70.88],[-72.04,71.08],[-71.44,71.08],[-71.12,71.28],[-71.58,71.52],[-72.48,71.64],[-73.26,71.34],[-73.68,71.6],[-73.6,71.76],[-74.26,71.82],[-74.24,72.08],[-75.06,72.12],[-75.2,72.5],[-77.6,72.76],[-78.54,72.52],[-79.28,72.4],[-80.04,72.4],[-80.56,72.62],[-80.26,72.72],[-80.64,72.92],[-80.64,73.16],[-81.14,73.24],[-81.22,73.54],[-81.52,73.72],[-82.84,73.74],[-84.84,73.38],[-85.46,73.12],[-85.7,72.64],[-85.04,72.26],[-85.5,72.22],[-85.74,71.94],[-85.26,71.66],[-85.5,71.52],[-86.12,71.8],[-86.46,72.2],[-86.26,72.4],[-86.68,72.64],[-86.7,72.82],[-86.04,73.3],[-84.96,73.66],[-85.1,73.82],[-86.72,73.84],[-87.76,73.72],[-89.06,73.26],[-89.32,72.88],[-89.76,72.62],[-89.96,72.26],[-89.76,72.12],[-90.1,71.92],[-89.82,71.32],[-88.06,71.22],[-87.36,70.94],[-88.32,70.96],[-89.12,71.04],[-89.44,70.9],[-88.7,70.46],[-88.14,70.4],[-87.86,70.24],[-87.04,70.46],[-86.26,70.12],[-85.78,70],[-84.96,70.06],[-83.68,69.94],[-83.06,70.02],[-82.12,69.82],[-81.08,70.1],[-79.84,69.96],[-79.68,69.84],[-78.88,69.9],[-78.76,70.2],[-79.56,70.4],[-78.74,70.46],[-78.38,70.22],[-77.68,70.18],[-77.5,69.86],[-76.88,69.82],[-77.04,69.6],[-75.68,69.28],[-75.58,69.16],[-75.98,69.02],[-76.42,69.06],[-76.68,68.76],[-76.32,68.7],[-75.5,68.94],[-74.88,68.82],[-74.38,68.54],[-73.88,68.56],[-73.72,68.32],[-72.98,68.18],[-72.86,67.86],[-72.44,67.54],[-72.36,67.12],[-72.8,67.04],[-72.94,66.74]],[[-67.88,60.5],[-68.24,60.58],[-68.44,60.26],[-67.96,60.34],[-67.88,60.5]],[[-64.84,61.36],[-64.72,61.66],[-65.04,61.7],[-65.48,61.6],[-64.84,61.36]],[[-79.28,62.26],[-79.84,62.42],[-80.22,62.14],[-80.18,61.78],[-79.76,61.58],[-79.26,62.14],[-79.28,62.26]],[[-82.2,62.98],[-83.52,62.82],[-83.9,62.5],[-83.68,62.14],[-83.14,62.18],[-82.74,62.32],[-81.96,62.7],[-81.86,62.92],[-82.2,62.98]],[[-77.54,63.28],[-77.7,63.44],[-78.18,63.5],[-78.54,63.4],[-77.94,63.08],[-77.54,63.28]],[[-76.68,63.48],[-77.12,63.68],[-77.42,63.6],[-76.98,63.4],[-76.68,63.48]],[[-80.18,63.76],[-80.88,64.12],[-81.06,64.02],[-81.62,64.12],[-81.78,64.52],[-82.36,64.76],[-82.72,64.78],[-83.2,64.94],[-83.4,65.14],[-84.1,65.2],[-84.58,65.48],[-85.08,65.46],[-85.2,65.8],[-85.6,65.92],[-86.02,65.66],[-86.18,65.28],[-86.16,64.94],[-86.4,64.44],[-86.2,64.1],[-86.9,63.94],[-87.22,63.66],[-85.62,63.68],[-85.64,63.24],[-85.28,63.12],[-84.6,63.32],[-84.4,63.56],[-83.64,63.78],[-83.68,64.02],[-82.54,63.98],[-82.08,63.7],[-81.02,63.46],[-80.46,63.72],[-80.18,63.76]],[[-84.48,66.1],[-83.86,65.78],[-83.7,65.92],[-84.48,66.1]],[[-73.36,67.84],[-73.42,67.96],[-74.28,68.08],[-74.76,68.06],[-74.4,67.78],[-73.36,67.84]],[[-86.58,68.3],[-86.98,68.06],[-86.84,67.8],[-86.42,67.84],[-86.4,68.2],[-86.58,68.3]],[[-75.04,68.18],[-75.92,68.34],[-76.68,68.26],[-77.32,67.7],[-76.98,67.24],[-75.88,67.26],[-75.4,67.36],[-75.06,67.56],[-75.16,67.96],[-75.04,68.18]],[[-76.7,69.42],[-77.36,69.38],[-77,69.14],[-76.7,69.42]],[[-104.68,73.62],[-105.16,73.76],[-106.6,73.72],[-107.04,73.48],[-106.12,73.3],[-105.48,72.96],[-105.2,72.94],[-104.58,73.34],[-104.68,73.62]],[[-80.9,73.6],[-80.8,73.28],[-80.16,73.24],[-79.94,72.84],[-79.18,72.76],[-78.18,72.9],[-76.32,72.82],[-76.28,73.1],[-77.22,73.52],[-78.14,73.66],[-79.46,73.64],[-80.56,73.78],[-80.9,73.6]],[[-96.32,72.46],[-96.94,72.68],[-97.66,73.04],[-97.82,73.28],[-97.66,73.48],[-96.96,73.74],[-97.58,73.9],[-99.22,73.74],[-100,73.96],[-100.88,73.84],[-101.56,73.46],[-100.46,73.2],[-100.12,73.04],[-100.44,72.74],[-101.3,72.72],[-101.76,73.02],[-102.48,73.04],[-102.76,72.82],[-102.62,72.66],[-101.96,72.5],[-101.84,72.32],[-100.64,72.18],[-99.86,71.86],[-99.24,71.34],[-98.54,71.3],[-97.96,71.66],[-97.46,71.62],[-96.56,71.84],[-96.48,72.12],[-96.72,72.3],[-96.32,72.46]],[[-90.3,73.92],[-91,74],[-92.12,73.98],[-93.28,74.18],[-94.38,74.14],[-95.24,74],[-95.62,73.6],[-95.6,72.7],[-95.14,72.46],[-95.14,71.96],[-94.08,72.06],[-93.46,72.46],[-93.8,72.7],[-93.4,72.8],[-92.38,72.7],[-91.86,72.84],[-91.18,73.36],[-90.52,73.7],[-90.3,73.92]],[[-103.64,75.2],[-104.4,75.44],[-104.9,75.12],[-104.22,75.02],[-103.64,75.2]],[[-93.44,74.94],[-93.5,75.26],[-94.4,75.6],[-94.9,75.64],[-95.8,75.5],[-96.6,75.06],[-95.9,74.82],[-95.3,74.8],[-94.72,74.64],[-93.6,74.66],[-93.44,74.94]],[[-103.82,76.04],[-102.84,76.08],[-102.72,76.32],[-104.32,76.22],[-103.82,76.04]],[[-104.4,76.46],[-104.38,76.32],[-103.34,76.34],[-103.88,76.58],[-104.4,76.46]],[[-97.42,75.52],[-97.66,76.48],[-98.5,76.64],[-100.26,76.64],[-100.96,76.48],[-102.04,76.42],[-102.1,76.22],[-101.58,75.92],[-102.26,75.86],[-102.78,75.54],[-102.06,75.54],[-100.22,75.66],[-100.68,75.34],[-100.26,75.26],[-100.34,75.02],[-99.64,74.98],[-98.04,75.02],[-97.68,75.18],[-98.12,75.3],[-97.92,75.52],[-97.42,75.52]],[[-110,75.92],[-110,75.88],[-109.1,75.76],[-108.9,75.5],[-110,75.54],[-111.28,75.52],[-111.36,75.72],[-112.44,76.18],[-113,76.28],[-113.96,76.2],[-114.2,76.48],[-115.52,76.46],[-115.84,76.18],[-116.52,76.16],[-116.7,75.9],[-117.68,75.3],[-117.52,75.2],[-115.72,74.98],[-111.02,75.18],[-111.56,75.02],[-112.8,74.98],[-114.44,74.68],[-113.7,74.44],[-112.44,74.42],[-111,74.62],[-110,74.86],[-109.58,74.86],[-108.82,75.08],[-108.42,74.92],[-107.68,74.98],[-107,74.92],[-106,75.06],[-105.4,75.66],[-105.76,76],[-106.6,76.06],[-107.04,75.88],[-107.86,76.06],[-108.08,76.28],[-108.62,76.42],[-108.46,76.74],[-109.18,76.82],[-110,76.48],[-110,76.22],[-109.44,76],[-110,75.92]],[[-79.56,75],[-79.5,75.4],[-81.12,75.78],[-82.34,75.84],[-83.08,75.74],[-83.92,75.82],[-86.2,75.42],[-87.12,75.6],[-88.24,75.48],[-88.58,75.66],[-90.18,76.06],[-89.3,76.3],[-90.44,76.42],[-90.58,76.56],[-91.44,76.7],[-92.7,76.6],[-93.7,76.92],[-95.78,77.08],[-96.86,76.92],[-95.82,76.4],[-94.84,76.26],[-93.12,76.38],[-92.18,75.9],[-92,75.6],[-92.5,75.22],[-91.62,74.72],[-90.9,74.76],[-89.94,74.54],[-89.14,74.6],[-87.64,74.46],[-84.26,74.5],[-83.5,74.58],[-81.78,74.46],[-81.32,74.56],[-80.54,74.56],[-80.24,74.76],[-79.4,74.88],[-79.56,75]],[[-89.66,77.36],[-90.3,77.62],[-91.16,77.62],[-91.2,77.4],[-90.1,77.2],[-89.66,77.36]],[[-104.4,77.2],[-104.42,77.3],[-105.5,77.72],[-105.76,77.46],[-105.54,77.3],[-104.4,77.2]],[[-93.26,77.64],[-93.6,77.78],[-95.5,77.82],[-96.24,77.7],[-95.98,77.48],[-93.48,77.48],[-93.26,77.64]],[[-110,78.32],[-109.34,78.54],[-110,78.68],[-110.42,78.76],[-113.22,78.4],[-111.78,78.28],[-110,78.32]],[[-96.92,77.8],[-96.64,77.88],[-95.06,77.98],[-95.36,78.24],[-94.82,78.36],[-97.46,78.8],[-98.36,78.78],[-98.36,78.46],[-97.76,78.24],[-97.74,78.04],[-96.92,77.8]],[[-105.6,79.1],[-103.38,78.78],[-103.5,78.5],[-104.64,78.58],[-104.82,78.36],[-103.94,78.24],[-102.74,78.38],[-101.04,78.2],[-100.62,77.86],[-99.94,77.78],[-99.02,77.9],[-99.04,78.08],[-99.8,78.3],[-99.56,78.6],[-101.64,79.08],[-102.6,79.08],[-103.72,79.36],[-105.44,79.26],[-105.6,79.1]],[[-100.16,80],[-99.3,79.76],[-98.66,79.8],[-98.88,80.08],[-100.16,80]],[[-96.62,80.04],[-96.54,79.84],[-95.62,79.56],[-95.64,79.4],[-92.58,79.38],[-92.62,79.24],[-94.28,78.96],[-92.96,78.44],[-92.12,78.22],[-90.88,78.14],[-89.72,78.22],[-88.78,78.18],[-88.56,78.44],[-87.86,78.7],[-84.92,79.3],[-85.56,79.58],[-87.18,79.62],[-86.98,79.88],[-87.7,80.42],[-90.64,80.56],[-92.24,81.26],[-95.24,81.02],[-95.5,80.8],[-94.38,80.62],[-96.02,80.58],[-96.62,80.04]],[[-61.08,82.34],[-61.58,82.48],[-63.06,82.54],[-63.44,82.82],[-65.86,82.84],[-69.48,83.04],[-72.6,83.1],[-74.2,83],[-76.14,83.06],[-78.42,82.88],[-79.34,82.98],[-81.58,82.8],[-82.72,82.38],[-85.76,82.46],[-85.36,82.3],[-86.84,82.22],[-86.96,82.06],[-88.68,82.06],[-91.7,81.74],[-89.82,81.02],[-86.52,81.12],[-86.7,81],[-88.42,81],[-89.38,80.88],[-88.1,80.68],[-86.12,80.54],[-84.4,80.5],[-81.22,80.62],[-80.36,80.48],[-83.16,80.34],[-83.78,80.26],[-86.44,80.32],[-86.64,80.16],[-86.44,79.76],[-85.32,79.68],[-84.48,79.42],[-84.32,79.2],[-85.76,78.84],[-86.6,78.8],[-87.48,78.46],[-87.48,78.12],[-86.22,78.06],[-85.18,77.8],[-85.4,77.4],[-86.22,77.8],[-87.2,77.9],[-88.18,77.8],[-88.18,77.64],[-87.48,77.12],[-88.3,77.14],[-89.54,76.86],[-89.66,76.56],[-89.18,76.42],[-87.62,76.34],[-86.22,76.38],[-85.24,76.32],[-84.24,76.44],[-82.8,76.38],[-81.94,76.5],[-80.78,76.42],[-80.66,76.16],[-78.14,76.52],[-77.72,76.82],[-78.1,77.02],[-78.86,76.92],[-79.44,77.24],[-78.28,77.38],[-77.74,77.6],[-77.98,77.82],[-76.88,77.9],[-75.58,78.12],[-75.1,78.38],[-74.78,78.84],[-75.74,78.9],[-74.46,79.22],[-75.02,79.38],[-73.12,79.56],[-71.14,79.78],[-70.22,80.18],[-68.28,80.76],[-64.7,81.4],[-64.38,81.72],[-62.26,82.02],[-61.08,82.34]],[[-80.76,52.92],[-81.12,53.2],[-81.88,53.18],[-82.06,53.02],[-81.02,52.76],[-80.76,52.92]],[[-52.62,47.52],[-52.7,47.76],[-53.12,47.44],[-53.24,47.6],[-53.06,47.94],[-53.28,48.02],[-53.6,47.54],[-53.84,47.7],[-53.62,48],[-53.64,48.16],[-53.06,48.44],[-52.98,48.6],[-53.42,48.62],[-53.78,48.56],[-53.92,48.92],[-53.6,49.04],[-53.46,49.24],[-54.04,49.48],[-54.74,49.32],[-55.22,49.26],[-55.16,49.54],[-55.58,49.48],[-55.94,49.6],[-55.72,49.94],[-56.14,50.16],[-56.72,49.7],[-56.74,50.02],[-55.88,50.92],[-55.5,51.38],[-55.52,51.6],[-56.1,51.52],[-56.72,51.32],[-56.98,50.88],[-57.46,50.48],[-57.62,50.16],[-58.18,49.44],[-58.14,49.1],[-58.44,49.06],[-58.7,48.56],[-58.54,48.46],[-59.4,47.88],[-59.3,47.62],[-59.12,47.56],[-58.1,47.7],[-57.32,47.64],[-56.78,47.54],[-56.68,47.62],[-56.24,47.64],[-55.96,47.76],[-55.78,47.46],[-55.44,47.48],[-55.38,47.68],[-55.08,47.6],[-55.3,47.26],[-55.48,47.14],[-55.86,47.08],[-55.86,46.88],[-55.26,46.92],[-54.86,47.38],[-54.46,47.5],[-54.14,47.84],[-54.02,47.8],[-53.92,47.38],[-54.16,47],[-54.06,46.8],[-53.58,47.16],[-53.62,46.66],[-53.38,46.74],[-53.22,46.64],[-52.94,46.8],[-52.78,47.32],[-52.62,47.52]],[[-60.08,45.8],[-59.86,45.94],[-59.88,46.18],[-60.36,46.32],[-60.62,46.1],[-60.74,45.72],[-60.98,45.82],[-60.42,46.28],[-60.5,46.36],[-60.36,46.62],[-60.32,46.86],[-60.6,47.04],[-60.86,46.8],[-61.1,46.46],[-61.54,46.04],[-61.46,45.7],[-61.34,45.56],[-60.72,45.56],[-60.08,45.8]],[[-115.32,73.5],[-116.86,74.08],[-118.06,74.28],[-118.72,74.22],[-120.16,74.28],[-121.58,74.56],[-122.62,74.46],[-124.76,74.34],[-124.14,73.86],[-123.78,73.76],[-124.44,73.42],[-124.86,73.1],[-124.5,72.92],[-124.94,72.7],[-125.76,72.14],[-125.8,71.94],[-125.24,71.94],[-124.06,71.7],[-123.1,71.08],[-120.64,71.5],[-120.38,71.7],[-120.44,71.96],[-120.2,72.22],[-119.34,72.34],[-119.16,72.62],[-115.76,73.36],[-115.32,73.5]],[[-117.78,75.9],[-118.62,75.92],[-119.4,75.6],[-118.62,75.5],[-117.78,75.9]],[[-119.32,76.2],[-118,76.4],[-117.36,76.26],[-117.08,76.52],[-115.9,76.7],[-115.84,76.98],[-116.24,77.2],[-115.4,77.32],[-116.4,77.56],[-117.24,77.28],[-117.86,77.4],[-118.82,77.36],[-120.1,77],[-120.36,76.82],[-121.2,76.68],[-121.56,76.44],[-122.38,76.4],[-122.86,76.18],[-121.44,75.94],[-120.72,76.02],[-120.48,75.84],[-119.86,75.86],[-119.32,76.2]],[[-113.68,77.86],[-114.12,78],[-115.12,77.96],[-114.3,77.72],[-113.68,77.86]],[[-110,77.94],[-110,78.1],[-112.28,78.02],[-113.24,77.9],[-113.2,77.52],[-112.1,77.32],[-110.24,77.5],[-110,77.94]],[[-62,46.46],[-62.52,46.48],[-63.2,46.44],[-63.84,46.62],[-64.24,46.9],[-64.42,46.68],[-64.1,46.54],[-63.62,46.22],[-63.24,46.14],[-63,46.18],[-62.78,45.96],[-62.54,45.98],[-62.58,46.24],[-62,46.46]]]}},{"type":"Feature","properties":{"iso":"CD"},"geometry":{"type":"LineString","coordinates":[[17.54,-0.76],[17.3,-1.02],[17.02,-1.1],[16.84,-1.26],[16.66,-1.6],[16.52,-1.86],[16.24,-2.12],[16.18,-2.28],[16.22,-2.64],[16.18,-2.94],[16.22,-3.28],[15.96,-3.82],[15.88,-3.94],[15.56,-4.04],[15.46,-4.22],[15.16,-4.42],[15.08,-4.52],[14.84,-4.82],[14.64,-4.9],[14.4,-4.86],[14.34,-4.56],[14.46,-4.44],[14.36,-4.28],[13.9,-4.5],[13.72,-4.46],[13.7,-4.7],[13.58,-4.78],[13.36,-4.8],[13.08,-4.64],[12.84,-4.72],[12.68,-4.92],[12.44,-5.06],[12.54,-5.16],[12.5,-5.72],[12.22,-5.76],[12.44,-6.06],[12.72,-5.98],[12.82,-5.82],[13.18,-5.86],[14.02,-5.88],[14.58,-5.9],[14.76,-5.88],[16.1,-5.86],[16.6,-5.92],[16.72,-6.18],[16.74,-6.56],[16.92,-6.88],[17,-7.3],[17.1,-7.38],[17.54,-8.08],[17.9,-8.04],[18.1,-8.1],[18.18,-8],[19.36,-8],[19.52,-7],[19.96,-7],[20.3,-7],[20.62,-6.92],[20.52,-7.28],[21.78,-7.28],[21.82,-7.64],[21.76,-8.02],[21.92,-8.34],[21.94,-8.5],[21.86,-8.84],[21.86,-9.62],[22.16,-9.94],[22.32,-10.36],[22.3,-10.62],[22.16,-10.86],[22.28,-11.24],[22.54,-11.04],[23.02,-11.1],[23.5,-10.96],[23.84,-11.02],[23.96,-10.88],[24.12,-11.04],[24.38,-11.12],[24.32,-11.4],[24.56,-11.44],[24.68,-11.34],[25.28,-11.2],[25.36,-11.64],[25.86,-11.8],[26,-11.9],[26.42,-11.92],[26.64,-11.98],[26.96,-11.88],[27.02,-11.6],[27.18,-11.56],[27.24,-11.8],[27.42,-11.92],[27.58,-12.24],[27.84,-12.26],[27.96,-12.36],[28.34,-12.46],[28.58,-12.88],[28.66,-12.84],[29.06,-13.38],[29.16,-13.44],[29.58,-13.22],[29.6,-13.38],[29.8,-13.42],[29.8,-12.16],[29.48,-12.24],[29.44,-12.34],[29.04,-12.38],[28.84,-12.1],[28.5,-11.86],[28.36,-11.44],[28.44,-11.34],[28.56,-10.82],[28.7,-10.64],[28.64,-10.52],[28.62,-9.96],[28.66,-9.82],[28.52,-9.38],[28.38,-9.24],[28.76,-8.94],[28.94,-8.68],[28.92,-8.48],[29.58,-8.38],[30.76,-8.2],[30.66,-7.92],[30.44,-7.6],[30.3,-7.14],[29.96,-6.8],[29.74,-6.66],[29.52,-6.28],[29.48,-6],[29.6,-5.78],[29.6,-5.62],[29.34,-5],[29.32,-4.84],[29.4,-4.44],[29.36,-4.18],[29.22,-3.9],[29.22,-3.7],[29.22,-3.58],[29.22,-3.4],[29.24,-3.28],[29.24,-3.1],[29.02,-2.72],[28.9,-2.66],[28.86,-2.42],[29.16,-2.16],[29.18,-1.74],[29.44,-1.5],[29.58,-1.38],[29.56,-1],[29.62,-0.86],[29.62,-0.44],[29.64,-0.36],[29.68,-0.14],[29.72,0.1],[29.84,0.34],[29.9,0.44],[29.98,0.84],[30.18,0.96],[30.24,1.14],[30.56,1.34],[30.68,1.5],[31.08,1.84],[31.28,2.16],[31.18,2.3],[30.96,2.4],[30.72,2.44],[30.78,2.68],[30.86,2.9],[30.76,3.12],[30.9,3.38],[30.84,3.5],[30.54,3.84],[30.2,3.96],[30.12,4.1],[29.78,4.4],[29.78,4.54],[29.5,4.66],[29.3,4.38],[29.18,4.34],[28.98,4.5],[28.76,4.56],[28.4,4.28],[28.18,4.34],[28,4.5],[27.78,4.6],[27.76,4.74],[27.44,5.08],[27.12,5.2],[26.76,5.08],[26.46,5.06],[26.12,5.26],[26.02,5.18],[25.74,5.26],[25.58,5.38],[25.36,5.32],[25.3,5.04],[24.66,4.92],[24.48,5.1],[24.16,4.9],[23.56,4.72],[23.38,4.58],[23.16,4.74],[22.9,4.82],[22.46,4.14],[22.3,4.12],[22.04,4.22],[21.72,4.3],[21.54,4.24],[20.88,4.46],[20.6,4.4],[20.46,4.52],[20.34,4.78],[19.86,5.06],[19.72,5.14],[19.4,5.14],[19.1,4.94],[18.72,4.38],[18.6,4.38],[18.54,4.3],[18.62,4.16],[18.62,3.86],[18.62,3.48],[18.62,3.12],[18.52,3.06],[18.4,2.72],[18.24,2.52],[18.08,2.16],[18.08,1.56],[17.86,1.02],[17.94,0.36],[17.86,0.24],[17.72,-0.2],[17.74,-0.52],[17.54,-0.76]]}},{"type":"Feature","properties":{"iso":"CF"},"geometry":{"type":"LineString","coordinates":[[22.86,10.92],[22.46,11],[22.36,10.96],[22.18,10.82],[21.72,10.64],[21.76,10.42],[21.66,10.24],[21.26,9.98],[20.82,9.42],[20.5,9.28],[20.36,9.12],[20.06,9.14],[19.94,9.06],[19.36,9],[19.1,9.02],[18.9,8.9],[19.08,8.64],[18.82,8.28],[18.58,8.04],[18.18,8.02],[17.68,7.98],[17.24,7.82],[17.1,7.68],[16.82,7.54],[16.62,7.66],[16.54,7.88],[16.38,7.68],[15.8,7.46],[15.48,7.52],[15.24,7.26],[15.04,6.8],[14.92,6.68],[14.72,6.26],[14.44,6.08],[14.58,5.92],[14.64,5.74],[14.6,5.42],[14.66,5.02],[14.72,4.62],[15,4.4],[15.1,4.12],[15.08,3.88],[15.26,3.66],[15.78,3.1],[15.92,3.1],[16.1,2.86],[16.1,2.52],[16.2,2.24],[16.42,2.72],[16.56,3.46],[16.96,3.54],[17.42,3.68],[17.8,3.6],[17.86,3.54],[18.52,3.6],[18.62,3.48],[18.62,3.86],[18.62,4.16],[18.54,4.3],[18.6,4.38],[18.72,4.38],[19.1,4.94],[19.4,5.14],[19.72,5.14],[19.86,5.06],[20.34,4.78],[20.46,4.52],[20.6,4.4],[20.88,4.46],[21.54,4.24],[21.72,4.3],[22.04,4.22],[22.3,4.12],[22.46,4.14],[22.9,4.82],[23.16,4.74],[23.38,4.58],[23.56,4.72],[24.16,4.9],[24.48,5.1],[24.66,4.92],[25.3,5.04],[25.36,5.32],[25.58,5.38],[25.74,5.26],[26.02,5.18],[26.12,5.26],[26.46,5.06],[26.76,5.08],[27.12,5.2],[27.44,5.08],[27.3,5.2],[27.18,5.72],[26.7,6],[26.52,6.04],[26.46,6.28],[26.28,6.38],[26.38,6.64],[26.08,6.84],[26.02,7],[25.36,7.34],[25.2,7.5],[25.28,7.66],[25.22,7.86],[25.08,7.88],[24.84,8.16],[24.26,8.26],[24.12,8.38],[24.24,8.58],[24.18,8.68],[23.72,8.7],[23.48,8.78],[23.46,9.16],[23.64,9.28],[23.6,9.54],[23.68,9.7],[23.62,9.9],[23.3,10.44],[23,10.68],[22.86,10.92]]}},{"type":"Feature","properties":{"iso":"CG"},"geometry":{"type":"LineString","coordinates":[[18.62,3.48],[18.52,3.6],[17.86,3.54],[17.8,3.6],[17.42,3.68],[16.96,3.54],[16.56,3.46],[16.42,2.72],[16.2,2.24],[16.06,1.98],[16.16,1.74],[15.88,1.8],[15.76,1.9],[15.24,2.04],[15.1,1.98],[14.56,2.2],[14.42,2.14],[13.66,2.16],[13.3,2.16],[13.2,2],[13.12,1.6],[13.24,1.42],[13.18,1.22],[13.54,1.28],[13.8,1.44],[14.22,1.36],[14.28,1.16],[14.46,0.92],[14.24,0.54],[14.08,0.54],[13.88,0.2],[13.88,-0.1],[13.84,-0.2],[14.12,-0.3],[14.5,-0.64],[14.4,-1.02],[14.44,-1.18],[14.48,-1.38],[14.38,-1.6],[14.36,-1.92],[14.26,-1.96],[14.22,-2.32],[14.1,-2.48],[13.88,-2.48],[13.78,-2.12],[13.44,-2.42],[13,-2.36],[12.8,-1.92],[12.74,-1.9],[12.46,-1.9],[12.46,-2.32],[12.06,-2.42],[11.94,-2.32],[11.76,-2.42],[11.56,-2.34],[11.62,-2.68],[11.54,-2.8],[11.76,-2.98],[11.68,-3.18],[11.94,-3.3],[11.82,-3.54],[11.84,-3.7],[11.64,-3.68],[11.56,-3.54],[11.22,-3.7],[11.12,-3.94],[11.8,-4.58],[11.84,-4.74],[11.88,-4.86],[12,-5.02],[12.38,-4.62],[12.6,-4.56],[12.78,-4.4],[13.08,-4.64],[13.36,-4.8],[13.58,-4.78],[13.7,-4.7],[13.72,-4.46],[13.9,-4.5],[14.36,-4.28],[14.46,-4.44],[14.34,-4.56],[14.4,-4.86],[14.64,-4.9],[14.84,-4.82],[15.08,-4.52],[15.16,-4.42],[15.46,-4.22],[15.56,-4.04],[15.88,-3.94],[15.96,-3.82],[16.22,-3.28],[16.18,-2.94],[16.22,-2.64],[16.18,-2.28],[16.24,-2.12],[16.52,-1.86],[16.66,-1.6],[16.84,-1.26],[17.02,-1.1],[17.3,-1.02],[17.54,-0.76],[17.74,-0.52],[17.72,-0.2],[17.86,0.24],[17.94,0.36],[17.86,1.02],[18.08,1.56],[18.08,2.16],[18.24,2.52],[18.4,2.72],[18.52,3.06],[18.62,3.12],[18.62,3.48]]}},{"type":"Feature","properties":{"iso":"CH"},"geometry":{"type":"LineString","coordinates":[[7.84,45.94],[8.12,46.12],[8.08,46.26],[8.38,46.46],[8.42,46.26],[8.72,46.1],[8.9,45.82],[9.16,46.18],[9.22,46.24],[9.26,46.48],[9.68,46.3],[10.14,46.42],[10.1,46.6],[10.46,46.54],[10.46,46.86],[10.12,46.84],[9.58,47.06],[9.54,47.06],[9.48,47.06],[9.5,47.1],[9.52,47.12],[9.5,47.16],[9.48,47.2],[9.5,47.22],[9.52,47.26],[9.64,47.4],[9.56,47.52],[9.54,47.54],[9.28,47.66],[8.86,47.68],[8.6,47.66],[8.58,47.6],[8.56,47.6],[8.42,47.58],[7.72,47.56],[7.64,47.56],[7.58,47.58],[7.52,47.56],[7.48,47.5],[7.44,47.48],[7.42,47.46],[7.38,47.44],[7.34,47.44],[7.14,47.48],[6.94,47.42],[6.84,47.16],[6.44,46.86],[6.14,46.56],[6.06,46.42],[6.12,46.34],[5.96,46.14],[6.22,46.3],[6.62,46.46],[6.78,46.4],[6.86,46.12],[7.02,45.92],[7.18,45.88],[7.54,45.98],[7.84,45.94]]}},{"type":"Feature","properties":{"iso":"CI"},"geometry":{"type":"LineString","coordinates":[[-8.16,9.94],[-8.16,9.58],[-8.08,9.4],[-7.86,9.4],[-7.92,9.18],[-7.74,9.08],[-7.92,9.02],[-7.96,8.78],[-7.7,8.6],[-7.78,8.38],[-7.98,8.5],[-8.2,8.5],[-8.26,8.24],[-7.96,8.02],[-8.06,8.02],[-8.12,7.72],[-8.22,7.54],[-8.48,7.56],[-8.28,7.02],[-8.44,6.66],[-8.62,6.5],[-8.18,6.28],[-7.94,6.28],[-7.8,5.98],[-7.56,5.84],[-7.42,5.62],[-7.4,5.52],[-7.4,5.36],[-7.58,5.06],[-7.6,4.82],[-7.54,4.36],[-7.46,4.34],[-6.92,4.66],[-5.86,5.02],[-5.42,5.1],[-5.32,5.2],[-5.24,5.22],[-4.96,5.14],[-4.62,5.18],[-4.48,5.3],[-4.12,5.3],[-3.84,5.2],[-3.54,5.16],[-3.32,5.12],[-2.84,5.14],[-2.74,5.36],[-2.78,5.58],[-2.96,5.62],[-3.18,6.24],[-3.26,6.62],[-3.22,6.84],[-3.1,7.06],[-2.98,7.2],[-2.94,7.58],[-2.84,7.82],[-2.5,8.2],[-2.6,8.78],[-2.66,9.02],[-2.68,9.48],[-2.76,9.4],[-2.98,9.7],[-3.2,9.9],[-3.66,9.94],[-3.9,9.9],[-4.28,9.74],[-4.32,9.6],[-4.96,9.9],[-5.12,10.3],[-5.4,10.3],[-5.52,10.42],[-5.8,10.42],[-6.02,10.18],[-6.18,10.22],[-6.2,10.64],[-6.28,10.72],[-6.52,10.56],[-6.66,10.36],[-6.98,10.34],[-6.96,10.18],[-7.34,10.24],[-7.46,10.42],[-7.7,10.4],[-7.82,10.22],[-7.98,10.16],[-8.16,9.94]]}},{"type":"Feature","properties":{"iso":"CK"},"geometry":{"type":"MultiLineString","coordinates":[[[-157.94,-21.88],[-157.96,-21.94],[-157.88,-21.92],[-157.94,-21.88]],[[-157.7,-19.76],[-157.74,-19.82],[-157.7,-19.84],[-157.7,-19.76]],[[-157.94,-8.98],[-158,-8.94],[-157.98,-8.98],[-157.94,-8.98]],[[-159.8,-21.18],[-159.84,-21.24],[-159.74,-21.26],[-159.74,-21.2],[-159.8,-21.18]],[[-157.32,-20.16],[-157.34,-20.14],[-157.34,-20.18],[-157.32,-20.16]],[[-158.08,-20],[-158.12,-19.98],[-158.12,-20.02],[-158.08,-20]],[[-158.94,-19.26],[-158.94,-19.24],[-158.96,-19.24],[-158.96,-19.26],[-158.94,-19.26]],[[-159.78,-18.84],[-159.8,-18.86],[-159.78,-18.88],[-159.78,-18.84]]]}},{"type":"Feature","properties":{"iso":"CL"},"geometry":{"type":"MultiLineString","coordinates":[[[-69.52,-17.5],[-69.86,-17.74],[-69.78,-17.98],[-69.98,-18.26],[-70.4,-18.34],[-70.3,-18.44],[-70.36,-18.78],[-70.28,-19.18],[-70.12,-20.08],[-70.2,-20.36],[-70.2,-20.74],[-70.06,-21.44],[-70.16,-21.66],[-70.3,-22.92],[-70.56,-23.06],[-70.58,-23.42],[-70.42,-23.52],[-70.5,-23.78],[-70.5,-24.1],[-70.58,-24.52],[-70.48,-24.98],[-70.44,-25.34],[-70.66,-25.54],[-70.72,-25.84],[-70.64,-26.02],[-70.64,-26.32],[-70.78,-27],[-70.96,-27.16],[-70.92,-27.62],[-71.04,-27.66],[-71.14,-27.94],[-71.18,-28.36],[-71.3,-28.68],[-71.52,-28.94],[-71.48,-29.22],[-71.3,-29.42],[-71.28,-29.92],[-71.38,-30.14],[-71.64,-30.26],[-71.72,-30.62],[-71.66,-31.16],[-71.52,-31.78],[-71.54,-32.2],[-71.42,-32.36],[-71.56,-33],[-71.72,-33.16],[-71.64,-33.5],[-71.68,-33.72],[-71.88,-33.94],[-72.02,-34.16],[-72.1,-34.76],[-72.24,-35.12],[-72.64,-35.56],[-72.6,-35.82],[-72.8,-36.06],[-72.9,-36.44],[-73,-36.72],[-73.16,-36.74],[-73.18,-37.08],[-73.28,-37.22],[-73.68,-37.36],[-73.66,-37.72],[-73.46,-38.1],[-73.52,-38.48],[-73.28,-39.08],[-73.24,-39.38],[-73.4,-39.8],[-73.68,-39.94],[-73.74,-40.28],[-73.72,-40.54],[-73.94,-40.98],[-73.8,-41.56],[-73.66,-41.76],[-73.2,-41.78],[-72.96,-41.48],[-72.76,-41.54],[-72.64,-41.72],[-72.86,-41.9],[-72.48,-42.06],[-72.8,-42.24],[-72.84,-42.84],[-72.76,-43],[-73.12,-43.46],[-73.04,-43.72],[-73.28,-44.12],[-72.68,-44.48],[-72.72,-44.76],[-73.12,-44.94],[-73.46,-45.26],[-73.56,-45.88],[-73.76,-46.24],[-74.18,-45.8],[-74.7,-45.84],[-74.72,-45.98],[-75.7,-46.64],[-75.56,-46.94],[-75.36,-46.9],[-75.44,-46.64],[-75.08,-46.64],[-74.66,-46.78],[-74.26,-46.78],[-73.96,-47.06],[-74.32,-47.22],[-74.74,-47.7],[-74.62,-47.76],[-73.7,-47.78],[-73.6,-48.14],[-73.9,-48.02],[-74.42,-47.98],[-74.2,-48.48],[-74.4,-48.6],[-74.06,-48.74],[-74.38,-48.72],[-74.42,-49.38],[-74.26,-50.08],[-74.58,-50.1],[-74.12,-50.76],[-74.26,-50.94],[-74.12,-51.18],[-73.78,-51.22],[-73.94,-51.4],[-73.9,-51.62],[-73.68,-51.76],[-73.54,-52.06],[-73.54,-52.46],[-73.68,-52.6],[-73.26,-52.68],[-73.32,-53.08],[-72.96,-53.02],[-73,-52.84],[-72.8,-52.76],[-72.66,-52.52],[-71.58,-52.56],[-71.86,-52.7],[-72.16,-52.66],[-72.56,-52.84],[-72.96,-52.82],[-72.9,-53.06],[-73.2,-53.24],[-72.52,-53.54],[-72.46,-53.28],[-71.54,-52.86],[-71.26,-53.02],[-71.84,-53.26],[-72.28,-53.24],[-72.46,-53.4],[-72.06,-53.7],[-71.22,-53.88],[-70.98,-53.76],[-71,-53.38],[-70.82,-52.82],[-70.58,-52.68],[-69.84,-52.48],[-69.68,-52.54],[-69.48,-52.3],[-69.24,-52.2],[-68.44,-52.34],[-69.22,-52.14],[-69.96,-52],[-71.92,-52],[-72.28,-51.7],[-72.38,-51.16],[-72.26,-50.84],[-72.3,-50.64],[-72.78,-50.62],[-73.1,-50.78],[-73.26,-50.56],[-73.32,-50.26],[-73.54,-50.14],[-73.46,-49.76],[-73.58,-49.52],[-73.46,-49.3],[-73.1,-49.28],[-73.18,-49.26],[-73,-49],[-72.6,-48.8],[-72.58,-48.46],[-72.32,-48.28],[-72.34,-48.08],[-72.54,-47.92],[-72,-47.2],[-71.94,-46.8],[-71.68,-46.7],[-71.78,-46.12],[-71.64,-46],[-71.8,-45.74],[-71.76,-45.58],[-71.52,-45.52],[-71.32,-45.3],[-71.58,-44.98],[-71.86,-44.8],[-71.34,-44.8],[-71.12,-44.54],[-71.2,-44.42],[-71.82,-44.4],[-71.86,-44.1],[-71.74,-44.04],[-71.66,-43.92],[-71.82,-43.76],[-71.72,-43.6],[-71.94,-43.46],[-71.74,-43.2],[-72.14,-43],[-72.14,-42.6],[-72.04,-42.5],[-72.12,-42.26],[-71.74,-42.08],[-71.76,-42],[-71.92,-41.62],[-71.86,-41.02],[-71.96,-40.72],[-71.86,-40.56],[-71.68,-40.34],[-71.82,-40.22],[-71.62,-39.94],[-71.64,-39.6],[-71.46,-39.44],[-71.42,-38.94],[-70.88,-38.7],[-71.02,-38.14],[-71.18,-37.7],[-71.12,-37.44],[-71.2,-37.3],[-71.08,-37.1],[-71.2,-36.84],[-71.02,-36.48],[-70.72,-36.42],[-70.7,-36.26],[-70.44,-36.12],[-70.4,-35.5],[-70.54,-35.2],[-70.38,-35.02],[-70.22,-34.58],[-70.04,-34.28],[-69.84,-34.24],[-69.9,-33.96],[-69.9,-33.66],[-69.78,-33.38],[-70.1,-33.06],[-70,-32.88],[-70.14,-32.76],[-70.26,-32.32],[-70.34,-32.2],[-70.42,-31.88],[-70.6,-31.54],[-70.48,-31.1],[-70.34,-31.04],[-70.22,-30.52],[-69.9,-30.32],[-69.98,-30.06],[-69.92,-29.72],[-70.04,-29.36],[-69.8,-29.1],[-69.74,-28.64],[-69.66,-28.4],[-69.42,-28.22],[-69.14,-27.78],[-68.8,-27.12],[-68.58,-27.16],[-68.34,-27.04],[-68.32,-26.88],[-68.58,-26.56],[-68.58,-26.3],[-68.42,-26.18],[-68.5,-25.76],[-68.6,-25.44],[-68.56,-25.3],[-68.5,-25.16],[-68.38,-25.14],[-68.58,-24.76],[-68.5,-24.62],[-68.24,-24.38],[-67.36,-24.04],[-67.26,-23.74],[-67.02,-23],[-67.2,-22.82],[-67.54,-22.9],[-67.88,-22.84],[-67.86,-22.56],[-68,-22.06],[-68.1,-21.96],[-68.2,-21.58],[-68.2,-21.28],[-68.42,-20.96],[-68.54,-20.92],[-68.68,-20.52],[-68.78,-20.08],[-68.58,-20.06],[-68.56,-19.86],[-68.7,-19.74],[-68.58,-19.56],[-68.5,-19.38],[-68.66,-19.28],[-68.98,-18.94],[-68.96,-18.86],[-69.16,-18.14],[-69.08,-18.04],[-69.3,-17.98],[-69.34,-17.8],[-69.52,-17.5]],[[-74.34,-43.28],[-73.88,-43.42],[-73.68,-43.38],[-73.72,-43.14],[-73.5,-43.1],[-73.64,-42.88],[-73.52,-42.78],[-73.8,-42.6],[-73.48,-42.14],[-73.54,-41.84],[-73.7,-41.8],[-74.06,-41.94],[-74.18,-42.44],[-74.12,-42.68],[-74.34,-43.28]],[[-74.5,-48.58],[-74.66,-48.26],[-75.04,-48.5],[-74.62,-48.7],[-74.5,-48.58]],[[-75.16,-48.3],[-74.84,-48.34],[-74.82,-48.14],[-75.26,-48.06],[-75.16,-48.3]],[[-75.14,-48.66],[-75.08,-48.6],[-75.38,-48],[-75.58,-48.08],[-75.56,-48.38],[-75.28,-48.42],[-75.14,-48.66]],[[-74.76,-45.8],[-75.12,-45.88],[-75.08,-46.1],[-74.76,-45.98],[-74.76,-45.8]],[[-73.74,-45.22],[-73.92,-45],[-74.2,-45.04],[-74,-45.24],[-73.74,-45.22]],[[-73.92,-44.62],[-74.4,-44.62],[-74.28,-44.8],[-73.92,-44.62]],[[-73.38,-44.58],[-73.4,-44.82],[-73.14,-44.92],[-72.84,-44.72],[-72.72,-44.52],[-73,-44.36],[-73.38,-44.58]],[[-68.64,-54.8],[-68.64,-54.78],[-68.64,-53.72],[-68.62,-52.64],[-68.74,-52.56],[-69.14,-52.68],[-69.38,-52.48],[-69.58,-52.5],[-69.74,-52.78],[-70,-52.84],[-70.48,-53.3],[-70.26,-53.46],[-69.68,-53.36],[-69.36,-53.52],[-70.14,-53.74],[-70.08,-54.24],[-70.32,-54.32],[-70.94,-54.12],[-70.86,-54.32],[-71.02,-54.44],[-71.72,-54.4],[-71.94,-54.52],[-71.28,-54.68],[-70.24,-54.86],[-69.8,-54.78],[-69.06,-54.94],[-68.66,-54.88],[-68.64,-54.8]],[[-68,-55.62],[-68.24,-55.3],[-68.54,-55.1],[-68.44,-54.94],[-69.32,-55],[-69.88,-55.06],[-70.04,-55.16],[-69.6,-55.36],[-69.28,-55.22],[-68.86,-55.26],[-68.96,-55.42],[-68.26,-55.52],[-68,-55.62]],[[-67.88,-55.24],[-67.42,-55.22],[-67.06,-55.08],[-67.3,-54.92],[-67.94,-54.9],[-68.18,-54.98],[-68.16,-55.2],[-67.88,-55.24]],[[-71.64,-54.08],[-71.12,-54.38],[-71,-54.26],[-71.46,-53.94],[-71.64,-54.08]],[[-72.02,-54.2],[-71.72,-54.14],[-71.72,-53.9],[-72.26,-53.94],[-72.02,-54.2]],[[-70.46,-53.62],[-70.88,-53.84],[-70.82,-54.12],[-70.54,-54.22],[-70.34,-54],[-70.46,-53.62]],[[-72.52,-54.08],[-72.18,-53.78],[-72.66,-53.54],[-73.14,-53.48],[-73.58,-53.58],[-73.06,-53.84],[-72.74,-53.9],[-72.52,-54.08]],[[-73.84,-52.7],[-73.68,-52.48],[-73.9,-52.4],[-74.12,-52.66],[-73.84,-52.7]],[[-74.38,-50.98],[-74.88,-50.88],[-74.9,-51.04],[-74.38,-50.98]],[[-75.04,-50.28],[-75.14,-50.08],[-75.4,-50.18],[-75.46,-50.36],[-75.04,-50.28]],[[-75.2,-49.78],[-74.96,-49.78],[-74.86,-50.02],[-74.48,-49.96],[-74.42,-49.68],[-74.54,-49.5],[-74.44,-49.32],[-74.52,-48.72],[-74.76,-48.68],[-75.06,-48.86],[-74.8,-49.1],[-74.94,-49.32],[-75.46,-49.34],[-75.2,-49.78]]]}},{"type":"Feature","properties":{"iso":"CM"},"geometry":{"type":"LineString","coordinates":[[11.32,2.16],[11.36,2.3],[12.2,2.28],[12.34,2.3],[12.74,2.24],[13.24,2.28],[13.3,2.16],[13.66,2.16],[14.42,2.14],[14.56,2.2],[15.1,1.98],[15.24,2.04],[15.76,1.9],[15.88,1.8],[16.16,1.74],[16.06,1.98],[16.2,2.24],[16.1,2.52],[16.1,2.86],[15.92,3.1],[15.78,3.1],[15.26,3.66],[15.08,3.88],[15.1,4.12],[15,4.4],[14.72,4.62],[14.66,5.02],[14.6,5.42],[14.64,5.74],[14.58,5.92],[14.44,6.08],[14.72,6.26],[14.92,6.68],[15.04,6.8],[15.24,7.26],[15.48,7.52],[15.56,7.8],[15.44,7.84],[15.22,8.42],[15.04,8.66],[14.34,9.16],[13.94,9.64],[14.2,9.98],[14.44,10],[14.74,9.92],[15.22,9.98],[15.38,9.94],[15.54,10.08],[15.3,10.32],[15.06,10.8],[15.02,11.08],[15.06,11.7],[15.04,12.06],[15.02,12.1],[14.9,12.24],[14.84,12.62],[14.6,12.76],[14.48,13],[14.42,13.08],[14.06,13.08],[14.18,12.38],[14.52,12.32],[14.66,12.16],[14.54,11.72],[14.6,11.5],[14.16,11.24],[13.98,11.28],[13.74,10.94],[13.56,10.68],[13.4,10.12],[13.24,10.08],[13.26,9.8],[13.2,9.54],[12.86,9.38],[12.8,8.84],[12.66,8.66],[12.38,8.6],[12.22,8.38],[12.24,8.18],[12.2,7.98],[11.9,7.46],[11.78,7.3],[11.88,7.1],[11.62,6.94],[11.5,6.62],[11.38,6.48],[11.2,6.44],[11.06,6.7],[10.84,6.94],[10.6,7.06],[10.5,6.88],[10.24,6.88],[10.12,7],[9.76,6.78],[9.7,6.54],[9.64,6.52],[9.48,6.42],[8.98,5.94],[8.86,5.84],[8.9,5.62],[8.8,5.16],[8.6,4.82],[8.5,4.56],[8.7,4.5],[8.88,4.6],[8.98,4.1],[9.34,3.92],[9.46,4.08],[9.5,4.1],[9.64,4],[9.64,3.54],[9.92,3.26],[9.96,3.08],[9.88,2.88],[9.8,2.34],[10,2.16],[10.18,2.16],[10.4,2.16],[11.32,2.16]]}},{"type":"Feature","properties":{"iso":"CN"},"geometry":{"type":"MultiLineString","coordinates":[[[77.8,35.5],[78.06,35.46],[78,35.26],[78.28,34.66],[78.6,34.54],[78.96,34.34],[78.98,34.22],[78.74,34.08],[78.82,33.46],[79.1,33.28],[79.46,33.26],[79.42,32.98],[79.62,32.72],[79.44,32.54],[79.12,32.48],[78.94,32.34],[78.64,32.58],[78.38,32.52],[78.46,32.22],[78.74,31.96],[78.68,31.78],[78.82,31.6],[78.74,31.34],[78.9,31.28],[79.08,31.46],[79.24,31.32],[79.4,31.04],[79.52,30.96],[79.84,30.96],[80.26,30.56],[80.72,30.4],[81,30.2],[81.08,30.02],[81.26,30.08],[81.6,30.42],[82.08,30.34],[82.14,30.06],[82.54,29.92],[82.84,29.66],[83.16,29.62],[83.32,29.48],[83.52,29.2],[83.66,29.16],[83.94,29.3],[84.1,29.24],[84.22,28.92],[84.68,28.6],[84.92,28.54],[85.16,28.58],[85.08,28.34],[85.26,28.26],[85.68,28.3],[86.06,27.88],[86.2,28],[86.52,27.98],[86.66,28.1],[86.98,27.96],[87.16,27.82],[87.68,27.82],[87.82,27.9],[88.12,27.86],[88.62,28.1],[88.82,28],[88.86,27.84],[88.74,27.54],[88.9,27.32],[89.12,27.62],[89.2,27.74],[89.42,27.98],[89.86,28.3],[90.26,28.34],[90.58,28.24],[90.48,28.08],[90.76,28.06],[91.1,27.98],[91.26,28.08],[91.44,27.98],[91.62,27.86],[92.06,27.76],[92.24,27.86],[92.58,27.84],[92.66,28.1],[93.18,28.44],[93.44,28.68],[93.86,28.7],[94,28.84],[94.26,28.94],[94.28,29.1],[94.64,29.32],[94.78,29.16],[95.22,29.06],[95.48,29.06],[95.52,29.2],[95.74,29.34],[96.14,29.36],[96.46,29],[96.6,28.7],[96.34,28.48],[96.72,28.44],[96.94,28.34],[97.12,28.36],[97.32,28.22],[97.52,28.52],[97.7,28.48],[98.12,28.14],[98.1,27.98],[98.3,27.54],[98.4,27.68],[98.68,27.58],[98.68,27.18],[98.74,26.78],[98.7,26.18],[98.54,26.1],[98.7,25.88],[98.46,25.8],[98.34,25.56],[98.16,25.62],[98.1,25.38],[97.74,25.1],[97.66,24.82],[97.54,24.74],[97.7,24.12],[97.64,23.86],[97.88,24.02],[98.18,24.12],[98.5,24.12],[98.66,23.96],[98.86,23.6],[98.92,23.3],[99.22,23.06],[99.36,23.12],[99.54,22.94],[99.3,22.72],[99.36,22.5],[99.16,22.2],[99.94,22.04],[99.96,21.72],[100.08,21.68],[100.18,21.42],[100.32,21.52],[100.62,21.46],[101.06,21.76],[101.16,21.56],[101.2,21.24],[101.5,21.24],[101.76,21.16],[101.82,21.22],[101.72,21.3],[101.76,21.8],[101.6,21.96],[101.52,22.22],[101.66,22.44],[102.12,22.4],[102.32,22.56],[102.44,22.76],[102.84,22.58],[102.98,22.44],[103.14,22.54],[103.3,22.78],[103.54,22.64],[103.64,22.8],[103.86,22.58],[104.22,22.82],[104.36,22.7],[104.56,22.84],[104.72,22.84],[104.8,23.08],[105.34,23.32],[105.52,23.16],[105.54,23.1],[105.86,22.9],[106,22.98],[106.32,22.86],[106.66,22.86],[106.74,22.7],[106.56,22.58],[106.54,22.4],[106.72,22],[107.02,21.9],[107.34,21.62],[107.74,21.66],[108,21.48],[108.44,21.66],[108.58,21.82],[108.76,21.66],[109.14,21.6],[109.22,21.42],[109.74,21.58],[109.78,21.22],[109.66,20.92],[109.78,20.82],[109.74,20.62],[110.02,20.42],[110.12,20.24],[110.4,20.3],[110.54,20.48],[110.34,20.72],[110.16,20.84],[110.16,20.98],[110.48,21.22],[110.64,21.24],[111.2,21.54],[111.64,21.52],[112,21.76],[112.24,21.7],[112.44,21.82],[112.6,21.78],[112.82,21.96],[113.24,22.04],[113.3,22.18],[113.58,22.24],[113.6,22.58],[113.36,22.88],[113.62,23],[113.9,22.46],[114.08,22.52],[114.22,22.56],[114.72,22.8],[114.86,22.6],[115.06,22.8],[115.24,22.84],[115.38,22.7],[115.58,22.88],[115.8,22.8],[116.5,22.94],[116.54,23.1],[116.74,23.26],[116.92,23.64],[117.18,23.62],[117.3,23.76],[117.9,24.02],[117.98,24.4],[118.14,24.62],[118.58,24.56],[118.74,24.72],[118.72,24.84],[119.1,25.4],[119.56,25.56],[119.62,25.9],[119.56,26.06],[119.68,26.28],[119.68,26.62],[119.58,26.8],[120.08,26.64],[120.12,26.92],[120.42,27.2],[120.68,27.5],[120.66,27.62],[120.84,27.96],[121.24,28.3],[121.66,28.34],[121.52,28.66],[121.66,28.82],[121.68,29.02],[121.84,29.16],[121.98,29.82],[121.68,30],[121.38,30.32],[121.14,30.32],[120.9,30.16],[120.74,30.24],[120.98,30.54],[121.28,30.7],[121.64,30.84],[121.98,30.92],[121.72,31.28],[121.34,31.5],[121.12,31.8],[121.28,31.9],[121.68,31.72],[121.92,31.76],[121.82,31.96],[121.44,32.12],[121.36,32.42],[120.92,32.64],[120.9,33.02],[120.74,33.2],[120.4,33.86],[120.26,34.32],[119.64,34.56],[119.34,34.78],[119.28,35.08],[119.64,35.58],[119.82,35.64],[120.24,35.98],[120.1,36.2],[120.7,36.14],[120.76,36.46],[121.4,36.76],[121.56,36.76],[122.04,36.98],[122.32,36.82],[122.52,36.94],[122.44,37.14],[122.54,37.32],[122.12,37.48],[121.48,37.46],[121.2,37.58],[121.14,37.7],[120.74,37.84],[120.46,37.74],[120.06,37.44],[119.86,37.36],[119.78,37.16],[119.44,37.12],[118.98,37.28],[118.98,37.62],[119.24,37.76],[118.84,38.16],[118.54,38.06],[118.08,38.14],[117.84,38.28],[117.54,38.62],[117.72,39.1],[118,39.22],[118.34,39.04],[118.62,39.16],[118.94,39.14],[119.3,39.44],[119.34,39.72],[119.54,39.9],[119.86,39.98],[120.44,40.2],[120.62,40.48],[120.94,40.7],[121,40.84],[121.36,40.94],[121.58,40.84],[122.04,40.74],[122.3,40.5],[121.78,39.92],[121.54,39.86],[121.44,39.5],[121.68,39.08],[121.1,38.9],[121.16,38.72],[121.66,38.86],[122.12,39.14],[122.4,39.42],[123,39.68],[123.18,39.66],[123.62,39.88],[123.98,39.82],[124.2,39.88],[124.36,40.1],[124.9,40.48],[125.42,40.66],[125.7,40.86],[126,40.9],[126.5,41.44],[126.62,41.66],[127,41.76],[127.26,41.5],[127.64,41.42],[127.94,41.48],[128.18,41.4],[128.3,41.58],[128.04,41.88],[128.04,42],[128.88,42.04],[129.22,42.22],[129.24,42.38],[129.7,42.44],[129.88,43],[130.24,42.9],[130.24,42.74],[130.46,42.54],[130.54,42.54],[130.4,42.74],[130.76,42.86],[131,42.84],[131.28,43.38],[131.26,43.46],[131.18,43.78],[131.26,44.06],[131.06,44.68],[130.94,44.84],[131.42,44.96],[131.82,45.34],[131.96,45.24],[132.96,45.02],[133.12,45.12],[133.2,45.52],[133.42,45.58],[133.68,46.14],[133.9,46.26],[133.84,46.48],[134,46.64],[134.16,47.26],[134.48,47.44],[134.78,47.72],[134.56,48.04],[134.7,48.26],[134.38,48.38],[133.72,48.24],[133.46,48.08],[133.1,48.1],[132.66,47.86],[132.52,47.7],[131.58,47.66],[131.42,47.74],[131.02,47.68],[130.66,48.12],[130.82,48.28],[130.54,48.64],[130.62,48.88],[130.24,48.86],[129.92,49.04],[129.72,49.28],[129.06,49.38],[128.66,49.6],[128.1,49.54],[127.84,49.6],[127.5,49.82],[127.58,50.22],[127.34,50.32],[127.28,50.76],[126.94,51.06],[126.96,51.32],[126.44,51.98],[126.54,52.16],[126.04,52.72],[125.62,53.06],[125.12,53.2],[124.72,53.14],[124.24,53.38],[123.64,53.56],[123.26,53.56],[122.86,53.48],[122.34,53.5],[122.02,53.42],[121.42,53.32],[120.88,53.28],[120.28,52.86],[120.04,52.76],[120.06,52.6],[120.42,52.64],[120.72,52.54],[120.62,52.34],[120.78,52.12],[120.64,51.92],[120.1,51.66],[119.74,51.08],[119.3,50.6],[119.32,50.1],[119.1,49.98],[118.64,49.96],[118.16,49.68],[117.76,49.52],[117.06,49.68],[116.68,49.82],[115.8,48.54],[115.8,48.28],[115.52,48.12],[115.56,47.94],[115.86,47.7],[116.24,47.86],[116.86,47.88],[117.32,47.66],[117.74,47.98],[118.18,48.02],[118.54,47.96],[118.76,47.76],[119.08,47.66],[119.16,47.52],[119.7,47.16],[119.9,46.84],[119.68,46.6],[119.32,46.62],[118.82,46.76],[118.72,46.68],[118.24,46.72],[117.7,46.52],[117.4,46.58],[117.3,46.36],[116.8,46.38],[116.58,46.3],[116.02,45.68],[115.64,45.44],[114.94,45.38],[114.54,45.38],[114.42,45.2],[114.06,44.94],[113.64,44.74],[113.1,44.8],[112.62,44.9],[112.44,45.06],[111.98,45.08],[111.74,44.96],[111.4,44.42],[111.52,44.18],[111.84,43.94],[111.94,43.7],[111.6,43.52],[110.94,43.28],[110.4,42.76],[109.66,42.54],[109.48,42.44],[108.8,42.4],[108.04,42.44],[106.76,42.28],[105.86,42],[105.28,41.76],[105.02,41.6],[104.5,41.66],[104.5,41.88],[103.72,41.76],[103.08,42],[102.04,42.18],[101.64,42.52],[101.22,42.52],[100.02,42.68],[99.62,42.6],[99.48,42.56],[97.84,42.72],[97.2,42.78],[96.36,42.72],[96.3,42.94],[95.9,43.22],[95.52,43.98],[95.32,44],[95.38,44.28],[95.04,44.26],[94.7,44.34],[93.98,44.66],[93.52,44.96],[93.08,45],[92.48,45],[92,45.08],[91.66,45.06],[91.14,45.2],[90.9,45.18],[90.66,45.5],[90.72,45.76],[91,46.02],[90.9,46.3],[91.02,46.68],[90.94,46.88],[90.72,47.02],[90.46,47.3],[90.44,47.5],[90.08,47.76],[89.76,47.82],[89.54,48.04],[89.04,48],[88.58,48.22],[88.56,48.34],[87.94,48.6],[87.8,48.8],[87.82,49.16],[87.32,49.08],[86.88,49.1],[86.72,49],[86.74,48.7],[86.56,48.52],[86.2,48.42],[85.78,48.4],[85.52,47.92],[85.68,47.38],[85.5,47.06],[85.2,47.04],[84.92,46.86],[84.66,46.98],[83.9,46.98],[83.16,47.22],[82.84,46.74],[82.48,45.9],[82.3,45.56],[82.62,45.44],[82.58,45.18],[82.3,45.22],[81.96,45.14],[81.74,45.34],[80.86,45.12],[80.06,45.02],[80.38,44.68],[80.34,44.1],[80.72,43.46],[80.78,43.12],[80.36,43.02],[80.48,42.86],[80.22,42.8],[80.14,42.62],[80.22,42.18],[80.18,42.02],[79.84,42],[79.74,41.88],[79.3,41.78],[78.36,41.38],[78.24,41.18],[78.08,41.04],[77.86,41.06],[77.48,40.98],[76.86,41.02],[76.44,40.42],[76.24,40.44],[75.92,40.3],[75.68,40.3],[75.56,40.64],[75.2,40.44],[74.84,40.5],[74.7,40.34],[74.36,40.1],[74,40.06],[73.82,39.8],[73.92,39.6],[73.64,39.44],[73.6,39.24],[73.82,39],[73.68,38.86],[73.8,38.6],[74.34,38.66],[74.78,38.52],[74.8,38.08],[74.96,37.76],[74.9,37.6],[75.16,37.4],[74.9,37.24],[74.48,37.22],[74.54,37.02],[75.36,36.92],[75.42,36.74],[75.8,36.68],[75.98,36.46],[76.02,36.24],[75.9,36.1],[76.16,35.8],[76.56,35.86],[76.78,35.64],[77.42,35.46],[77.8,35.5]],[[111.02,19.68],[110.94,20],[110.64,20.1],[110.08,19.98],[109.72,20.02],[109.3,19.92],[109.16,19.64],[108.64,19.28],[108.62,19.1],[108.7,18.5],[109,18.36],[109.44,18.28],[109.56,18.2],[109.74,18.4],[110.06,18.4],[110.1,18.54],[110.42,18.68],[110.46,18.88],[110.7,19.42],[111.02,19.68]],[[121.84,31.6],[121.26,31.84],[121.32,31.66],[121.86,31.44],[121.84,31.6]]]}},{"type":"Feature","properties":{"iso":"CO"},"geometry":{"type":"MultiLineString","coordinates":[[[-78.82,1.44],[-78.48,1.18],[-78.12,0.92],[-77.72,0.84],[-77.52,0.66],[-77.42,0.4],[-77.1,0.36],[-76.9,0.24],[-76.4,0.26],[-76.32,0.46],[-76.06,0.36],[-75.78,0.08],[-75.64,0.08],[-75.28,-0.1],[-75.14,-0.04],[-74.94,-0.2],[-74.82,-0.18],[-74.42,-0.56],[-74.28,-0.94],[-73.64,-1.26],[-73.5,-1.48],[-73.54,-1.68],[-73.18,-1.8],[-73.12,-2.08],[-73.2,-2.18],[-72.94,-2.42],[-72.64,-2.34],[-72.4,-2.44],[-71.96,-2.32],[-71.76,-2.14],[-71.22,-2.34],[-71,-2.2],[-70.88,-2.22],[-70.06,-2.72],[-70.74,-3.78],[-70.54,-3.86],[-70.32,-3.82],[-70.18,-4.02],[-69.96,-4.24],[-69.78,-3.24],[-69.56,-2.1],[-69.42,-1.24],[-69.44,-1],[-69.62,-0.74],[-69.64,-0.5],[-69.94,-0.3],[-70.08,-0.12],[-70.06,0.58],[-69.62,0.66],[-69.14,0.66],[-69.2,0.94],[-69.38,1.06],[-69.86,1.06],[-69.84,1.7],[-69.58,1.78],[-69.36,1.72],[-68.16,1.72],[-67.8,1.82],[-67.6,2.06],[-67.34,2.1],[-67.12,1.7],[-67.1,1.26],[-66.88,1.22],[-67.06,1.9],[-67.32,2.48],[-67.62,2.82],[-67.84,2.88],[-67.3,3.42],[-67.48,3.68],[-67.64,3.76],[-67.72,4.04],[-67.86,4.58],[-67.8,5.06],[-67.84,5.3],[-67.64,5.48],[-67.6,5.82],[-67.42,6.04],[-67.46,6.2],[-67.84,6.3],[-67.92,6.24],[-68.64,6.14],[-69.06,6.22],[-69.24,6.08],[-69.44,6.12],[-70.1,6.94],[-70.32,6.94],[-70.7,7.1],[-71.18,6.96],[-71.66,7.06],[-71.96,7],[-72,7.02],[-72.16,7.2],[-72.2,7.38],[-72.4,7.4],[-72.48,7.5],[-72.48,7.94],[-72.34,8.1],[-72.42,8.38],[-72.68,8.66],[-72.78,9.06],[-72.94,9.1],[-73,9.3],[-73.36,9.16],[-72.98,9.84],[-72.92,10.42],[-72.48,11.14],[-72.26,11.16],[-71.98,11.66],[-71.32,11.84],[-71.12,12.1],[-71.24,12.32],[-71.66,12.46],[-71.9,12.2],[-72.14,12.1],[-72.26,11.88],[-72.76,11.7],[-73.3,11.3],[-73.56,11.28],[-73.82,11.28],[-74,11.36],[-74.18,11.32],[-74.22,11.08],[-74.36,10.78],[-74.5,10.98],[-74.84,11.08],[-75.22,10.82],[-75.22,10.76],[-75.26,10.7],[-75.5,10.58],[-75.58,10.1],[-75.7,9.42],[-75.9,9.42],[-76.16,9.24],[-76.26,9],[-76.44,8.86],[-76.68,8.68],[-76.9,8.62],[-76.78,8.4],[-76.76,7.92],[-76.94,7.96],[-76.84,8.14],[-76.94,8.12],[-76.98,8.26],[-77.28,8.5],[-77.38,8.66],[-77.46,8.54],[-77.26,8.16],[-77.2,7.98],[-77.34,7.7],[-77.58,7.52],[-77.82,7.48],[-77.9,7.24],[-77.66,6.98],[-77.54,6.72],[-77.34,6.54],[-77.42,6.24],[-77.24,5.78],[-77.36,5.6],[-77.5,5.6],[-77.36,5.3],[-77.32,4.54],[-77.38,4.34],[-77.26,4.24],[-77.28,4.22],[-77.44,4.16],[-77.42,4],[-77.16,3.8],[-77.46,3.3],[-77.64,3.08],[-77.64,2.9],[-77.9,2.58],[-78.08,2.64],[-78.08,2.52],[-78.44,2.58],[-78.7,2.18],[-78.58,2],[-78.58,1.78],[-78.84,1.82],[-79,1.6],[-78.82,1.44]],[[-81.72,12.52],[-81.68,12.58],[-81.7,12.58],[-81.72,12.54],[-81.72,12.52]],[[-81.62,3.96],[-81.58,3.98],[-81.6,4],[-81.62,3.96]]]}},{"type":"Feature","properties":{"iso":"CR"},"geometry":{"type":"LineString","coordinates":[[-84.16,10.78],[-84.2,10.86],[-84.68,11.08],[-84.88,10.94],[-85.24,11.06],[-85.64,11.2],[-85.7,11.08],[-85.74,10.94],[-85.64,10.62],[-85.86,10.34],[-85.78,10.08],[-85.64,9.9],[-85.34,9.82],[-85.22,9.72],[-85.14,9.62],[-84.86,9.82],[-85.16,10.02],[-85.06,10.16],[-84.64,9.78],[-84.52,9.52],[-84.28,9.48],[-83.92,9.3],[-83.62,9.04],[-83.58,8.84],[-83.74,8.62],[-83.58,8.44],[-83.16,8.36],[-82.96,8.22],[-82.9,8.04],[-82.94,8.24],[-82.84,8.62],[-82.92,8.74],[-82.72,8.92],[-82.94,9.08],[-82.94,9.44],[-82.82,9.6],[-82.58,9.58],[-82.78,9.66],[-83.2,10.12],[-83.46,10.5],[-83.62,10.9],[-83.7,10.94],[-83.76,10.78],[-83.94,10.72],[-84.16,10.78]]}},{"type":"Feature","properties":{"iso":"CU"},"geometry":{"type":"MultiLineString","coordinates":[[[-75.1,19.9],[-74.82,20.04],[-74.26,20.06],[-74.22,20.32],[-74.4,20.3],[-74.72,20.56],[-75,20.7],[-75.78,20.74],[-75.58,21.02],[-75.82,21.14],[-76.12,21.1],[-76.32,21.26],[-76.66,21.3],[-76.94,21.46],[-77.06,21.6],[-77.5,21.86],[-77.66,21.78],[-77.9,21.88],[-78.08,22.08],[-78.38,22.24],[-78.92,22.4],[-79.14,22.38],[-79.42,22.48],[-79.7,22.74],[-80.02,22.94],[-80.28,22.92],[-80.6,23.06],[-81.18,23.06],[-81.68,23.16],[-82.1,23.18],[-82.54,23.08],[-82.94,22.98],[-83.2,23],[-83.36,22.9],[-84.02,22.68],[-84.4,22.36],[-84.42,22.2],[-84.3,21.88],[-84,21.96],[-83.92,22.18],[-83.42,22.18],[-83.28,22.32],[-82.82,22.62],[-82.78,22.7],[-82.4,22.68],[-81.88,22.68],[-81.66,22.58],[-81.68,22.46],[-82.12,22.44],[-81.82,22.18],[-81.4,22.18],[-81.2,22.22],[-81,22.06],[-80.6,22.06],[-80.44,22.04],[-80.1,21.82],[-79.46,21.6],[-79.16,21.56],[-78.96,21.6],[-78.76,21.64],[-78.64,21.54],[-78.5,21.04],[-78.06,20.72],[-77.84,20.72],[-77.5,20.68],[-77.34,20.72],[-77.12,20.52],[-77.18,20.3],[-77.4,20.2],[-77.74,19.86],[-77.04,19.88],[-76.86,19.94],[-76.24,20],[-75.72,19.96],[-75.38,19.88],[-75.24,19.9],[-75.16,19.98],[-75.14,19.98],[-75.1,19.9]],[[-82.56,21.64],[-82.7,21.88],[-82.98,21.94],[-83.08,21.76],[-82.84,21.44],[-82.56,21.64]]]}},{"type":"Feature","properties":{"iso":"CV"},"geometry":{"type":"MultiLineString","coordinates":[[[-24.7,14.9],[-24.74,14.88],[-24.74,14.82],[-24.68,14.82],[-24.7,14.9]],[[-24.3,14.9],[-24.3,14.96],[-24.42,15.02],[-24.44,14.84],[-24.3,14.9]],[[-23.66,15.22],[-23.78,15.18],[-23.72,14.96],[-23.54,14.9],[-23.48,14.98],[-23.48,15.06],[-23.6,15.18],[-23.66,15.22]],[[-23.12,15.32],[-23.24,15.28],[-23.26,15.18],[-23.12,15.2],[-23.12,15.32]],[[-22.68,16.12],[-22.92,16.22],[-22.94,16.02],[-22.68,16.12]],[[-24.32,16.48],[-24.24,16.6],[-24.38,16.68],[-24.32,16.48]],[[-22.92,16.6],[-22.9,16.82],[-23,16.82],[-22.92,16.6]],[[-24.92,16.9],[-24.98,16.92],[-25.08,16.84],[-25,16.78],[-24.92,16.9]],[[-25.02,17.14],[-25.24,17.14],[-25.18,16.92],[-24.98,17.08],[-25.02,17.14]]]}},{"type":"Feature","properties":{"iso":"CW"},"geometry":{"type":"LineString","coordinates":[[-68.78,12.1],[-68.84,12.18],[-69.04,12.26],[-69.08,12.34],[-69.16,12.3],[-69.08,12.2],[-68.94,12.1],[-68.78,12.1]]}},{"type":"Feature","properties":{"iso":"CY"},"geometry":{"type":"MultiLineString","coordinates":[[[33.68,35.04],[33.5,35.04],[33.4,35.2],[32.86,35.08],[32.72,35.18],[32.64,35.18],[32.6,35.18],[32.56,35.18],[32.38,35.04],[32.42,34.76],[32.64,34.66],[32.76,34.66],[32.84,34.7],[33.02,34.64],[33.28,34.7],[33.6,34.82],[33.7,34.98],[33.68,35.04]],[[33.9,35.06],[33.82,35],[33.9,34.96],[34.02,35.06],[33.9,35.06]]]}},{"type":"Feature","properties":{"iso":"CZ"},"geometry":{"type":"LineString","coordinates":[[14.6,50.86],[14.58,50.98],[13.84,50.72],[13.24,50.58],[12.96,50.4],[12.52,50.38],[12.34,50.26],[12.1,50.32],[12.24,50.04],[12.52,49.9],[12.38,49.74],[12.8,49.32],[13.52,48.96],[13.82,48.76],[14.08,48.6],[14.7,48.58],[14.92,48.76],[14.98,49],[15.54,48.9],[16.04,48.76],[16.44,48.8],[16.88,48.72],[16.94,48.6],[17.16,48.86],[17.42,48.84],[17.64,48.84],[18.1,49.1],[18.36,49.34],[18.38,49.38],[18.84,49.52],[18.48,49.9],[18.02,50.04],[17.84,49.98],[17.38,50.28],[16.94,50.42],[16.86,50.18],[16.58,50.12],[16.34,50.38],[16.34,50.64],[15.84,50.68],[15.52,50.78],[15.22,50.98],[15,51],[14.82,50.86],[14.6,50.86]]}},{"type":"Feature","properties":{"iso":"DE"},"geometry":{"type":"MultiLineString","coordinates":[[[12.96,50.4],[13.24,50.58],[13.84,50.72],[14.58,50.98],[14.6,50.86],[14.82,50.86],[15.02,51.28],[14.96,51.4],[14.7,51.54],[14.58,51.8],[14.76,52.08],[14.54,52.42],[14.6,52.6],[14.22,52.82],[14.4,53.34],[14.26,53.7],[13.98,53.78],[13.68,54.16],[13.48,54.12],[12.5,54.48],[12.1,54.18],[11.66,54.14],[11.46,53.92],[11.18,54.02],[10.9,53.96],[11.06,54.18],[10.02,54.54],[9.98,54.76],[9.44,54.82],[8.66,54.9],[8.68,54.74],[9.02,54.5],[8.62,54.38],[8.66,54.28],[9.02,54.1],[9,53.9],[9.22,53.9],[9.4,53.84],[9.74,53.58],[9.76,53.54],[9.56,53.6],[9.28,53.86],[8.86,53.84],[8.58,53.86],[8.52,53.62],[8.56,53.52],[8.16,53.56],[7.96,53.72],[7.22,53.66],[7.02,53.46],[7.2,53.24],[7.08,52.84],[7.04,52.64],[6.72,52.62],[6.7,52.48],[7.04,52.36],[7.02,52.24],[6.78,52.1],[6.72,51.9],[6.22,51.86],[5.94,51.74],[6.2,51.5],[6.18,51.34],[5.98,51.08],[6,50.74],[6.24,50.58],[6.38,50.32],[6.12,50.12],[6.3,49.84],[6.5,49.8],[6.34,49.52],[6.34,49.46],[6.84,49.22],[7.38,49.16],[7.64,49.04],[8.2,48.96],[7.82,48.62],[7.76,48.36],[7.58,48.12],[7.52,47.78],[7.58,47.58],[7.64,47.56],[7.72,47.56],[8.42,47.58],[8.56,47.6],[8.58,47.6],[8.6,47.66],[8.86,47.68],[9.28,47.66],[9.54,47.54],[9.56,47.54],[9.94,47.52],[10.18,47.28],[10.6,47.56],[11.08,47.38],[11.62,47.58],[12.56,47.64],[13.04,47.5],[13.08,47.64],[12.84,47.98],[12.74,48.12],[13.72,48.52],[13.82,48.76],[13.52,48.96],[12.8,49.32],[12.38,49.74],[12.52,49.9],[12.24,50.04],[12.1,50.32],[12.34,50.26],[12.52,50.38],[12.96,50.4]],[[13.7,54.4],[13.16,54.54],[13.34,54.24],[13.7,54.4]]]}},{"type":"Feature","properties":{"iso":"DJ"},"geometry":{"type":"LineString","coordinates":[[42.6,11.08],[42.92,11],[43.18,11.4],[43.24,11.48],[43.18,11.54],[42.9,11.58],[42.54,11.54],[42.76,11.7],[43.08,11.84],[43.38,12],[43.42,12.24],[43.32,12.48],[43.12,12.7],[42.86,12.62],[42.7,12.38],[42.38,12.46],[41.98,11.88],[41.8,11.74],[41.74,11.54],[41.76,10.98],[41.96,10.94],[42.4,11],[42.6,11.08]]}},{"type":"Feature","properties":{"iso":"DK"},"geometry":{"type":"MultiLineString","coordinates":[[[8.66,54.9],[9.44,54.82],[9.74,54.98],[9.5,55.16],[9.72,55.24],[9.58,55.42],[9.68,55.7],[9.98,55.7],[10.24,55.92],[10.38,56.2],[10.76,56.22],[10.96,56.44],[10.36,56.56],[10.2,56.7],[10.54,57.24],[10.44,57.58],[9.96,57.6],[9.42,57.16],[8.58,57.1],[8.28,56.84],[9.12,57.04],[9.32,56.66],[8.88,56.76],[8.6,56.5],[8.12,56.56],[8.1,56.12],[8.38,55.92],[8.18,55.8],[8.3,55.58],[8.62,55.44],[8.66,54.9]],[[10.66,55.06],[10.82,55.3],[10.3,55.62],[9.88,55.5],[9.88,55.26],[10.32,55.06],[10.66,55.06]],[[11.84,54.74],[11.72,54.88],[11.02,54.9],[11.04,54.76],[11.46,54.62],[11.84,54.74]],[[12.08,55.78],[11.98,55.72],[11.86,55.74],[11.64,55.94],[11.08,55.68],[11.24,55.22],[12.04,55.14],[12.4,55.26],[12.2,55.48],[12.36,55.6],[12.6,55.7],[12.52,55.92],[12.24,56.12],[12.02,55.94],[12.08,55.78]],[[15.16,55.14],[14.76,55.3],[14.7,55.08],[15.16,55.14]]]}},{"type":"Feature","properties":{"iso":"DM"},"geometry":{"type":"LineString","coordinates":[[-61.34,15.22],[-61.26,15.34],[-61.26,15.5],[-61.44,15.64],[-61.48,15.52],[-61.46,15.46],[-61.42,15.4],[-61.4,15.32],[-61.38,15.26],[-61.38,15.24],[-61.34,15.22]]}},{"type":"Feature","properties":{"iso":"DO"},"geometry":{"type":"LineString","coordinates":[[-71.22,19.84],[-71.64,19.9],[-71.76,19.72],[-71.74,19.64],[-71.74,19.28],[-71.66,19.22],[-71.78,19],[-71.78,18.68],[-71.8,18.68],[-72,18.58],[-71.72,18.3],[-71.78,18.04],[-71.42,17.6],[-71.28,17.86],[-70.96,18.26],[-70.7,18.44],[-70.58,18.28],[-70.18,18.24],[-70,18.42],[-69.98,18.42],[-69.88,18.48],[-69.52,18.42],[-69.24,18.46],[-69.08,18.4],[-68.9,18.4],[-68.74,18.2],[-68.44,18.42],[-68.36,18.66],[-68.78,18.98],[-69.22,19.02],[-69.62,19.1],[-69.54,19.34],[-69.78,19.3],[-69.9,19.64],[-70.1,19.64],[-70.38,19.72],[-70.62,19.76],[-71,19.94],[-71.22,19.84]]}},{"type":"Feature","properties":{"iso":"DZ"},"geometry":{"type":"LineString","coordinates":[[-4.82,25],[-3.44,24.1],[-2.52,23.5],[-0.96,22.48],[0,21.84],[1.14,21.1],[1.14,20.8],[1.64,20.52],[1.78,20.3],[2.06,20.22],[2.18,20.28],[2.4,20.06],[2.94,19.94],[3.22,19.8],[3.26,19.42],[3.1,19.16],[3.36,18.98],[3.8,19.06],[4.22,19.14],[5.74,19.44],[5.84,19.48],[6.6,20.14],[7.48,20.88],[8.64,21.56],[9.72,22.2],[11.08,23],[11.96,23.52],[11.72,24],[11.46,24.32],[10.72,24.56],[10.46,24.48],[10.26,24.58],[10.04,24.86],[9.96,25.4],[9.4,26.12],[9.48,26.36],[9.84,26.5],[9.92,26.84],[9.82,26.92],[9.72,27.3],[9.94,27.82],[9.78,28.26],[9.82,28.62],[9.82,29.12],[9.66,29.6],[9.36,30.02],[9.52,30.22],[9.06,32],[9.02,32.1],[8.34,32.52],[8.28,32.84],[8.08,33.1],[7.76,33.2],[7.7,33.42],[7.48,33.9],[7.54,34.12],[7.78,34.26],[7.84,34.42],[8.1,34.54],[8.26,34.74],[8.32,35.1],[8.44,35.24],[8.3,35.4],[8.32,35.62],[8.26,35.96],[8.36,36.36],[8.16,36.5],[8.4,36.64],[8.6,36.94],[8.24,36.96],[7.9,36.84],[7.78,36.88],[7.5,37.06],[7.26,37.08],[7.24,36.98],[6.9,36.9],[6.46,37.1],[6.24,36.94],[5.76,36.84],[5.42,36.66],[4.78,36.9],[4.6,36.9],[4.04,36.9],[3.82,36.92],[3.46,36.78],[3.18,36.74],[2.98,36.82],[2.64,36.6],[2.3,36.64],[1.7,36.54],[1.04,36.48],[0.74,36.34],[0.12,36.06],[-0.12,35.78],[-0.34,35.9],[-0.68,35.72],[-0.82,35.76],[-1.1,35.62],[-1.36,35.32],[-1.76,35.12],[-2.22,35.08],[-2.2,35],[-1.78,34.76],[-1.88,34.6],[-1.68,34.1],[-1.72,33.9],[-1.62,33.52],[-1.68,33.24],[-1.5,33.06],[-1.56,32.94],[-1.42,32.74],[-1.04,32.52],[-1.28,32.22],[-1.24,32.08],[-2.52,32.14],[-2.94,32.04],[-2.82,31.8],[-3.16,31.74],[-3.66,31.64],[-3.68,31.38],[-3.82,31.22],[-3.56,30.96],[-3.64,30.72],[-3.84,30.62],[-4.38,30.5],[-4.78,30.22],[-5.18,29.98],[-5.54,29.52],[-5.76,29.62],[-6,29.58],[-6.34,29.58],[-6.78,29.44],[-7.14,29.5],[-7.34,29.38],[-7.62,29.38],[-8.38,28.9],[-8.68,28.66],[-8.68,27.66],[-8.68,27.28],[-7.3,26.48],[-5.66,25.5],[-4.82,25]]}},{"type":"Feature","properties":{"iso":"EC"},"geometry":{"type":"MultiLineString","coordinates":[[[-78.82,1.44],[-78.96,1.16],[-79.46,1.08],[-80.08,0.82],[-80,0.34],[-80.06,0.06],[-80.5,-0.38],[-80.42,-0.6],[-80.62,-0.94],[-80.82,-0.94],[-80.92,-1.06],[-80.74,-1.34],[-80.82,-1.68],[-80.74,-1.9],[-80.74,-2.1],[-80.92,-2.32],[-80.54,-2.52],[-80.32,-2.72],[-80.18,-2.58],[-79.72,-2.56],[-79.9,-3.04],[-79.96,-3.2],[-80.34,-3.4],[-80.16,-3.88],[-80.52,-4.06],[-80.48,-4.4],[-80.4,-4.48],[-80.08,-4.3],[-79.8,-4.48],[-79.5,-4.54],[-79.46,-4.78],[-79.24,-4.96],[-79,-4.96],[-78.86,-4.66],[-78.7,-4.58],[-78.68,-4.32],[-78.5,-3.96],[-78.38,-3.52],[-77.94,-3.06],[-77.82,-2.96],[-76.66,-2.56],[-76.1,-2.12],[-75.58,-1.54],[-75.42,-0.92],[-75.22,-0.96],[-75.26,-0.64],[-75.44,-0.4],[-75.46,-0.16],[-75.28,-0.1],[-75.64,0.08],[-75.78,0.08],[-76.06,0.36],[-76.32,0.46],[-76.4,0.26],[-76.9,0.24],[-77.1,0.36],[-77.42,0.4],[-77.52,0.66],[-77.72,0.84],[-78.12,0.92],[-78.48,1.18],[-78.82,1.44]],[[-80.06,-2.66],[-80.22,-2.72],[-80.26,-3.02],[-80.14,-3.02],[-79.94,-2.7],[-80.06,-2.66]],[[-90.2,-0.54],[-90.48,-0.52],[-90.54,-0.68],[-90.34,-0.78],[-90.2,-0.54]],[[-90.82,-0.74],[-90.96,-0.6],[-90.96,-0.44],[-91.18,-0.22],[-91.2,-0.02],[-91.42,-0.02],[-91.36,-0.3],[-91.1,-0.56],[-91.44,-0.78],[-91.4,-1.02],[-90.92,-0.98],[-90.82,-0.74]]]}},{"type":"Feature","properties":{"iso":"EE"},"geometry":{"type":"MultiLineString","coordinates":[[[25.1,58.06],[25.42,58],[25.56,57.94],[25.7,57.92],[26.36,57.58],[26.44,57.56],[26.8,57.58],[27.36,57.52],[27.56,57.82],[27.68,57.92],[27.52,58.2],[27.42,58.7],[27.44,58.82],[27.7,58.98],[28.02,59.48],[27.88,59.4],[26.94,59.46],[26.78,59.5],[25.84,59.58],[24.4,59.48],[23.72,59.24],[23.42,58.9],[23.58,58.54],[23.74,58.34],[24.12,58.24],[24.52,58.36],[24.3,57.86],[24.58,57.94],[24.82,57.98],[25.04,58.04],[25.1,58.06]],[[23.24,58.5],[22.9,58.62],[22.32,58.58],[21.86,58.26],[22.32,58.2],[22.76,58.24],[23.24,58.5]],[[22.3,58.9],[22.56,58.68],[22.94,58.98],[22.6,59.08],[22.3,58.9]]]}},{"type":"Feature","properties":{"iso":"EG"},"geometry":{"type":"LineString","coordinates":[[34.24,31.22],[34.2,31.32],[33.64,31.12],[33.18,31.06],[32.6,31.06],[32.26,31.28],[32.28,31.18],[32.14,31.08],[32.06,31.12],[31.8,31.28],[31.8,31.34],[31.88,31.4],[31.84,31.5],[31.92,31.52],[32,31.44],[32,31.4],[32.08,31.36],[32.1,31.36],[31.94,31.52],[31.92,31.54],[31.84,31.52],[31.58,31.44],[31.34,31.52],[31.1,31.6],[30.9,31.42],[30.68,31.5],[30.4,31.44],[30.1,31.28],[30.04,31.32],[29.6,31],[29.22,30.84],[29.02,30.82],[28.82,30.96],[28.4,31.08],[27.9,31.12],[27.38,31.26],[27.32,31.38],[25.82,31.62],[25.4,31.5],[25.16,31.66],[24.86,31.38],[24.86,31.14],[25,30.78],[24.9,30.5],[24.68,30.14],[24.82,29.9],[24.88,29.46],[24.98,29.18],[24.98,28.1],[24.98,27.66],[24.98,27.04],[24.98,26.08],[24.98,24.62],[24.98,23.74],[24.98,22],[26.34,22],[28.3,22],[29.46,22],[31.24,22],[31.32,22.1],[31.5,22],[32.52,22],[33.16,22],[34.32,22],[35.48,22],[36.88,22],[36.9,22.06],[36.44,22.36],[36.2,22.66],[35.88,22.74],[35.7,22.94],[35.48,23.5],[35.52,23.98],[35.4,24.28],[35.24,24.4],[34.98,24.9],[34.68,25.42],[34.54,25.72],[34.34,26],[34.02,26.62],[34,26.84],[33.82,27.26],[33.56,27.54],[33.52,27.96],[33.12,28.28],[32.86,28.58],[32.62,28.98],[32.66,29.12],[32.6,29.34],[32.34,29.6],[32.56,29.98],[32.66,29.8],[32.74,29.46],[32.88,29.24],[33.14,29.04],[33.22,28.56],[33.56,28.3],[33.76,28.02],[34.08,27.8],[34.24,27.8],[34.42,27.98],[34.4,28.3],[34.64,28.78],[34.74,29.3],[34.88,29.48],[34.88,29.5],[34.82,29.74],[34.24,31.22]]}},{"type":"Feature","properties":{"iso":"EH"},"geometry":{"type":"LineString","coordinates":[[-8.68,27.66],[-8.82,27.66],[-8.76,27.2],[-9,27.08],[-9.42,27.08],[-9.74,26.86],[-10.04,26.92],[-10.26,26.86],[-10.56,27],[-10.92,27],[-11.4,26.88],[-11.34,26.64],[-11.64,26.3],[-11.72,26.1],[-12.06,26],[-12.32,25.12],[-12.44,24.84],[-12.94,24.5],[-13.06,24.4],[-13.32,23.98],[-13.76,23.8],[-14.02,23.42],[-14.16,22.76],[-14.22,22.3],[-14.62,21.86],[-14.66,21.6],[-14.84,21.46],[-15.46,21.46],[-15.74,21.5],[-16.72,21.46],[-17.02,21.42],[-17.1,20.84],[-17.06,20.76],[-17.08,20.88],[-16.96,21.34],[-15,21.34],[-14.3,21.34],[-13.02,21.34],[-13.04,21.58],[-13.1,22.5],[-13.16,22.76],[-13.02,23.02],[-12.62,23.28],[-12.36,23.32],[-12.02,23.5],[-12.02,24.26],[-12.02,26],[-10.9,26],[-9.7,26],[-8.68,26.02],[-8.68,27.28],[-8.68,27.66]]}},{"type":"Feature","properties":{"iso":"ER"},"geometry":{"type":"LineString","coordinates":[[43.12,12.7],[43.08,12.82],[42.78,12.86],[42.74,13.02],[42.52,13.24],[42.38,13.22],[42.28,13.58],[42.1,13.66],[41.98,13.84],[41.68,13.94],[41.62,14.06],[41.16,14.64],[40.8,14.7],[40.58,14.96],[40.16,14.98],[40.02,15.24],[40.08,15.36],[39.88,15.5],[39.72,15.26],[39.42,15.82],[39.24,16.1],[39.16,16.62],[38.92,17.4],[38.6,18],[38.34,17.66],[38.02,17.54],[37.88,17.44],[37.5,17.32],[37.4,17.02],[36.98,17.06],[36.98,16.76],[36.92,16.44],[36.88,16.18],[36.68,15.72],[36.52,15.24],[36.42,15.12],[36.46,14.8],[36.52,14.26],[36.74,14.34],[37.08,14.28],[37.3,14.46],[37.56,14.12],[37.9,14.88],[38,14.72],[38.24,14.66],[38.42,14.42],[38.86,14.5],[39.08,14.64],[39.2,14.44],[39.48,14.52],[39.72,14.5],[40,14.46],[40.36,14.34],[40.84,14.1],[41.2,13.62],[41.72,13.24],[41.94,12.88],[42.14,12.78],[42.38,12.46],[42.7,12.38],[42.86,12.62],[43.12,12.7]]}},{"type":"Feature","properties":{"iso":"ES"},"geometry":{"type":"MultiLineString","coordinates":[[[-5.34,35.84],[-5.3,35.9],[-5.4,35.92],[-5.34,35.84]],[[-2.94,35.32],[-2.96,35.32],[-2.94,35.26],[-2.92,35.28],[-2.94,35.32]],[[-0.74,42.92],[-1.28,43.04],[-1.4,43.24],[-1.74,43.3],[-1.8,43.38],[-2.1,43.3],[-2.4,43.32],[-2.76,43.46],[-3.16,43.36],[-3.56,43.52],[-4.18,43.4],[-4.52,43.4],[-5.18,43.48],[-5.42,43.56],[-6.22,43.6],[-6.52,43.54],[-7,43.56],[-7.04,43.48],[-7.36,43.68],[-7.7,43.74],[-7.96,43.74],[-8.3,43.54],[-8.5,43.34],[-8.84,43.34],[-9.22,43.16],[-9.08,42.6],[-8.74,42.68],[-8.86,42.42],[-8.9,42.1],[-8.76,41.96],[-8.22,42.16],[-8.1,42.02],[-8.18,41.82],[-8.06,41.82],[-7.72,41.9],[-7.58,41.82],[-7.2,41.88],[-6.98,41.96],[-6.52,41.86],[-6.56,41.68],[-6.2,41.58],[-6.48,41.3],[-6.92,41.04],[-6.82,40.64],[-6.88,40.28],[-6.94,40.26],[-6.88,40],[-7.04,39.68],[-7.56,39.68],[-7.32,39.46],[-7.26,39.28],[-6.98,39.02],[-7.22,38.76],[-7.36,38.44],[-7.12,38.18],[-6.96,38.2],[-7.02,38.02],[-7.26,37.94],[-7.52,37.52],[-7.42,37.2],[-7.02,37.2],[-6.34,36.9],[-6.24,36.9],[-6.44,36.76],[-6.24,36.58],[-6.22,36.4],[-6.04,36.18],[-5.62,36],[-5.36,36.14],[-5.34,36.14],[-5.26,36.3],[-5.18,36.42],[-4.72,36.5],[-4.44,36.72],[-3.78,36.74],[-3.42,36.7],[-3.12,36.74],[-2.76,36.68],[-2.58,36.82],[-2.08,36.78],[-1.9,36.96],[-1.82,37.2],[-1.64,37.38],[-1.32,37.56],[-0.92,37.56],[-0.76,37.84],[-0.6,38.18],[-0.32,38.48],[-0.1,38.54],[0.24,38.76],[-0.04,38.88],[-0.22,39.08],[-0.32,39.52],[-0.2,39.72],[0.52,40.52],[0.88,40.7],[0.72,40.82],[1,41.04],[1.62,41.2],[2.06,41.28],[2.3,41.46],[2.78,41.64],[3.16,41.84],[3.18,42.44],[2.94,42.48],[2.46,42.34],[2.28,42.42],[2.06,42.36],[1.72,42.5],[1.7,42.5],[1.66,42.5],[1.58,42.46],[1.44,42.5],[1.42,42.6],[1.32,42.72],[0.86,42.82],[0.66,42.7],[0.46,42.7],[-0.04,42.68],[-0.3,42.84],[-0.56,42.78],[-0.74,42.92]],[[-16.42,28.14],[-16.5,28.42],[-16.92,28.36],[-16.68,28],[-16.42,28.14]],[[-17.76,28.82],[-18,28.74],[-17.84,28.46],[-17.76,28.82]],[[-15.4,28.04],[-15.42,28.14],[-15.7,28.16],[-15.78,27.84],[-15.58,27.74],[-15.38,27.86],[-15.4,28.04]],[[-13.98,28.74],[-14.14,28.42],[-14.22,28.16],[-13.96,28.22],[-13.84,28.4],[-13.84,28.72],[-13.98,28.74]],[[-13.48,29.24],[-13.76,29.08],[-13.48,29],[-13.48,29.24]],[[3.36,39.78],[2.94,39.92],[2.36,39.62],[2.5,39.48],[3.06,39.26],[3.22,39.36],[3.46,39.74],[3.36,39.78]]]}},{"type":"Feature","properties":{"iso":"ET"},"geometry":{"type":"LineString","coordinates":[[34.96,6],[35.1,5.62],[35.44,5.42],[35.8,5.32],[35.76,5.06],[35.78,4.76],[35.92,4.62],[36.04,4.44],[36.64,4.44],[36.84,4.44],[37.12,4.28],[37.98,3.72],[38.1,3.62],[38.5,3.62],[38.9,3.52],[39.1,3.52],[39.3,3.5],[39.54,3.4],[39.84,3.86],[40.76,4.28],[41.12,3.96],[41.88,3.98],[42.14,4.2],[42.78,4.28],[42.88,4.32],[43.12,4.64],[43.52,4.84],[43.96,4.96],[44.6,4.92],[44.94,4.92],[45.52,5.54],[46.46,6.54],[47.54,7.56],[47.98,8],[46.98,8],[45.52,8.5],[44.02,8.98],[43.62,9.34],[43.42,9.42],[42.84,10.2],[42.7,10.66],[42.92,11],[42.6,11.08],[42.4,11],[41.96,10.94],[41.76,10.98],[41.74,11.54],[41.8,11.74],[41.98,11.88],[42.38,12.46],[42.14,12.78],[41.94,12.88],[41.72,13.24],[41.2,13.62],[40.84,14.1],[40.36,14.34],[40,14.46],[39.72,14.5],[39.48,14.52],[39.2,14.44],[39.08,14.64],[38.86,14.5],[38.42,14.42],[38.24,14.66],[38,14.72],[37.9,14.88],[37.56,14.12],[37.3,14.46],[37.08,14.28],[36.74,14.34],[36.52,14.26],[36.44,14],[36.44,13.78],[36.24,13.36],[36.12,12.94],[36.12,12.72],[35.7,12.66],[35.24,11.96],[35.14,11.88],[35.04,11.78],[35.08,11.54],[34.94,11.28],[34.94,10.84],[34.84,10.72],[34.58,10.88],[34.44,10.8],[34.28,10.56],[34.32,10.26],[34.1,9.68],[34.08,9.46],[34.08,9.2],[34.1,8.6],[33.98,8.44],[33.7,8.38],[33.6,8.46],[33.18,8.4],[33.2,8.24],[33,7.94],[33.06,7.8],[33.46,7.74],[33.72,7.66],[34,7.4],[34.04,7.26],[34.2,7.1],[34.5,6.9],[34.52,6.76],[34.74,6.64],[34.84,6.24],[34.96,6]]}},{"type":"Feature","properties":{"iso":"FI"},"geometry":{"type":"LineString","coordinates":[[28.96,69.02],[28.86,69.22],[29.34,69.46],[29.14,69.68],[28.4,69.8],[27.86,70.08],[27.32,69.92],[26.5,69.92],[26.04,69.7],[25.66,68.88],[25.2,68.82],[25.12,68.64],[23.92,68.82],[23.2,68.62],[22.6,68.72],[21.94,69.06],[21.32,69.3],[20.62,69.04],[22.08,68.48],[23.06,68.3],[23.5,67.88],[23.56,67.58],[23.76,67.42],[23.58,67.16],[24,66.82],[23.64,66.44],[23.72,66.2],[24.16,65.82],[24.68,65.64],[25.1,65.6],[25.36,65.48],[25.28,65.2],[25.44,64.96],[24.78,64.86],[24.34,64.54],[23.7,64.16],[23.6,64.02],[23,63.78],[22.5,63.62],[22.38,63.32],[21.9,63.18],[21.62,63.2],[21.38,62.88],[21.12,62.78],[21.12,62.5],[21.34,62.36],[21.32,61.94],[21.62,61.54],[21.4,61.04],[21.32,60.84],[21.46,60.6],[21.78,60.6],[22.06,60.44],[22.62,60.38],[23.02,60.1],[23.24,59.9],[24.3,60.08],[25.74,60.24],[26.1,60.42],[26.48,60.44],[26.56,60.6],[26.68,60.42],[27.06,60.54],[27.46,60.46],[27.8,60.56],[28,60.66],[29.28,61.3],[30.14,61.86],[30.64,62.18],[31.22,62.5],[31.56,62.9],[31.22,63.2],[30.48,63.46],[30,63.74],[30.5,64],[30.56,64.22],[30.1,64.36],[29.58,65],[29.82,65.1],[29.74,65.5],[30.12,65.72],[29.9,66.1],[29.54,66.44],[29.36,66.62],[29.1,67],[29.92,67.5],[30,67.68],[29.3,68.08],[28.66,68.2],[28.44,68.52],[28.96,69.02]]}},{"type":"Feature","properties":{"iso":"FJ"},"geometry":{"type":"MultiLineString","coordinates":[[[178.44,-18.96],[178.34,-18.92],[178.34,-19.04],[178.5,-19.02],[178.44,-18.96]],[[178.44,-17.56],[178.26,-17.34],[177.84,-17.36],[177.38,-17.64],[177.44,-17.74],[177.26,-17.96],[177.34,-18.1],[177.78,-18.22],[178.16,-18.24],[178.28,-18.14],[178.68,-18.08],[178.6,-17.92],[178.6,-17.64],[178.44,-17.56]],[[180,-16.16],[180,-16.14],[179.76,-16.18],[179.24,-16.4],[178.92,-16.48],[178.6,-16.78],[178.7,-17],[178.88,-16.86],[179.26,-16.68],[179.3,-16.8],[179.9,-16.72],[179.74,-16.46],[180,-16.16]],[[177.12,-12.48],[177.06,-12.48],[177.04,-12.5],[177.12,-12.52],[177.12,-12.48]]]}},{"type":"Feature","properties":{"iso":"FK"},"geometry":{"type":"MultiLineString","coordinates":[[[-59.64,-51.74],[-59.26,-51.38],[-59.74,-51.44],[-60.02,-51.4],[-60.24,-51.62],[-60.62,-51.74],[-60.4,-51.92],[-60.88,-52.04],[-60.54,-52.22],[-60.26,-51.98],[-59.88,-51.94],[-59.64,-51.74]],[[-57.82,-51.7],[-57.9,-51.38],[-58.32,-51.42],[-58.48,-51.3],[-59.08,-51.4],[-59.1,-51.62],[-59.58,-51.92],[-59.38,-52.12],[-59.14,-51.98],[-58.94,-52.06],[-58.6,-52],[-58.14,-51.76],[-57.82,-51.7]]]}},{"type":"Feature","properties":{"iso":"FM"},"geometry":{"type":"MultiLineString","coordinates":[[[163.02,5.34],[163.02,5.38],[162.92,5.32],[163.02,5.28],[163.02,5.34]],[[158.3,6.94],[158.12,6.9],[158.2,6.8],[158.3,6.94]],[[151.58,7.38],[151.64,7.34],[151.66,7.36],[151.62,7.4],[151.58,7.38]],[[138.2,9.58],[138.12,9.56],[138.14,9.52],[138.18,9.5],[138.2,9.58]]]}},{"type":"Feature","properties":{"iso":"FO"},"geometry":{"type":"LineString","coordinates":[[-7.22,62.18],[-7.04,62.12],[-6.86,62],[-6.72,62.04],[-6.86,62.14],[-7.22,62.18]]}},{"type":"Feature","properties":{"iso":"FR"},"geometry":{"type":"MultiLineString","coordinates":[[[-54.32,5.22],[-54.48,4.92],[-54.46,4.48],[-54.36,4.06],[-53.98,3.62],[-54,3.46],[-54.2,3.18],[-54.22,2.78],[-54.36,2.5],[-54.62,2.32],[-54.48,2.22],[-54.14,2.12],[-53.86,2.3],[-53.54,2.24],[-53.34,2.34],[-52.96,2.18],[-52.7,2.36],[-52.36,3.06],[-51.98,3.7],[-51.68,4.04],[-51.66,4.2],[-51.8,4.62],[-51.94,4.6],[-53,5.46],[-53.52,5.58],[-53.94,5.74],[-54.06,5.44],[-54.18,5.34],[-54.32,5.22]],[[2.52,51.08],[2.06,51.02],[1.58,50.86],[1.6,50.38],[1.38,50.06],[1.18,49.96],[0.68,49.88],[0.24,49.72],[0.08,49.54],[0.5,49.5],[0.3,49.44],[-0.22,49.28],[-0.42,49.34],[-1.12,49.34],[-1.4,49.72],[-1.82,49.7],[-1.88,49.54],[-1.62,49.22],[-1.58,48.64],[-1.94,48.54],[-2.32,48.68],[-2.64,48.54],[-3.08,48.82],[-3.52,48.84],[-3.64,48.68],[-3.98,48.74],[-4.56,48.62],[-4.78,48.38],[-4.46,48.24],[-4.44,47.98],[-3.54,47.78],[-3.08,47.58],[-2.46,47.46],[-2,47.04],[-2.12,46.82],[-1.8,46.5],[-1.24,46.28],[-1.12,46.32],[-1.04,46.04],[-1.2,45.72],[-0.84,45.52],[-0.7,45.32],[-1.14,45.5],[-1.26,44.46],[-1.34,44.02],[-1.52,43.54],[-1.8,43.38],[-1.74,43.3],[-1.4,43.24],[-1.28,43.04],[-0.74,42.92],[-0.56,42.78],[-0.3,42.84],[-0.04,42.68],[0.46,42.7],[0.66,42.7],[0.86,42.82],[1.32,42.72],[1.42,42.6],[1.46,42.6],[1.6,42.62],[1.76,42.56],[1.72,42.54],[1.7,42.5],[1.72,42.5],[2.06,42.36],[2.28,42.42],[2.46,42.34],[2.94,42.48],[3.18,42.44],[3.06,42.56],[3.04,42.84],[3.12,43.1],[3.24,43.22],[3.52,43.28],[3.94,43.54],[4.1,43.56],[4.2,43.46],[4.56,43.38],[5.34,43.34],[5.68,43.18],[6.02,43.08],[6.68,43.2],[6.74,43.4],[6.94,43.48],[7.36,43.72],[7.4,43.76],[7.44,43.74],[7.5,43.8],[7.68,44.1],[7.38,44.12],[6.88,44.36],[6.94,44.66],[7.04,44.72],[6.72,44.92],[6.62,45.12],[7.06,45.22],[7.08,45.46],[6.78,45.76],[7.02,45.92],[6.86,46.12],[6.78,46.4],[6.62,46.46],[6.22,46.3],[5.96,46.14],[6.12,46.34],[6.06,46.42],[6.14,46.56],[6.44,46.86],[6.84,47.16],[6.94,47.42],[7.14,47.48],[7.34,47.44],[7.38,47.44],[7.42,47.46],[7.44,47.48],[7.48,47.5],[7.52,47.56],[7.58,47.58],[7.52,47.78],[7.58,48.12],[7.76,48.36],[7.82,48.62],[8.2,48.96],[7.64,49.04],[7.38,49.16],[6.84,49.22],[6.34,49.46],[6.26,49.48],[5.92,49.48],[5.8,49.54],[5.48,49.5],[5.4,49.6],[4.96,49.8],[4.78,49.98],[4.42,49.94],[4.22,49.96],[4.14,49.98],[4.22,50.06],[4.02,50.34],[3.76,50.34],[3.28,50.52],[3.16,50.74],[3.02,50.76],[2.86,50.7],[2.62,50.82],[2.52,51.08]],[[-60.82,14.46],[-61,14.82],[-61.16,14.66],[-61,14.48],[-60.82,14.46]],[[-61.56,16.28],[-61.8,16.26],[-61.7,15.94],[-61.56,16.08],[-61.56,16.28]],[[-61.54,16.28],[-61.5,16.22],[-61.18,16.26],[-61.54,16.44],[-61.54,16.28]],[[55.78,-21.1],[55.58,-20.88],[55.3,-20.9],[55.22,-21.04],[55.36,-21.28],[55.56,-21.36],[55.82,-21.32],[55.78,-21.1]],[[45.2,-12.72],[45.08,-12.76],[45.14,-12.98],[45.22,-12.86],[45.2,-12.72]],[[9.4,41.86],[9.56,42.12],[9.52,42.56],[9.34,42.74],[8.82,42.6],[8.58,42.38],[8.56,42.18],[8.8,41.9],[8.7,41.72],[8.94,41.48],[9.22,41.44],[9.4,41.7],[9.4,41.86]]]}},{"type":"Feature","properties":{"iso":"GA"},"geometry":{"type":"LineString","coordinates":[[13.3,2.16],[13.24,2.28],[12.74,2.24],[12.34,2.3],[12.2,2.28],[11.36,2.3],[11.32,2.16],[11.34,1.74],[11.34,1],[10.96,1],[10.42,1],[10,1],[9.8,1],[9.56,0.96],[9.62,0.8],[9.3,0.62],[9.5,0.3],[9.36,0.02],[9.3,-0.28],[9.1,-0.6],[8.8,-0.74],[9.04,-1.3],[9.28,-1.42],[9.24,-1.78],[9.56,-2.2],[9.6,-2.36],[10.14,-2.52],[9.96,-2.74],[10.64,-3.32],[10.64,-3.46],[10.98,-3.72],[11.12,-3.94],[11.22,-3.7],[11.56,-3.54],[11.64,-3.68],[11.84,-3.7],[11.82,-3.54],[11.94,-3.3],[11.68,-3.18],[11.76,-2.98],[11.54,-2.8],[11.62,-2.68],[11.56,-2.34],[11.76,-2.42],[11.94,-2.32],[12.06,-2.42],[12.46,-2.32],[12.46,-1.9],[12.74,-1.9],[12.8,-1.92],[13,-2.36],[13.44,-2.42],[13.78,-2.12],[13.88,-2.48],[14.1,-2.48],[14.22,-2.32],[14.26,-1.96],[14.36,-1.92],[14.38,-1.6],[14.48,-1.38],[14.44,-1.18],[14.4,-1.02],[14.5,-0.64],[14.12,-0.3],[13.84,-0.2],[13.88,-0.1],[13.88,0.2],[14.08,0.54],[14.24,0.54],[14.46,0.92],[14.28,1.16],[14.22,1.36],[13.8,1.44],[13.54,1.28],[13.18,1.22],[13.24,1.42],[13.12,1.6],[13.2,2],[13.3,2.16]]}},{"type":"Feature","properties":{"iso":"GB"},"geometry":{"type":"MultiLineString","coordinates":[[[-7.14,55.04],[-7.24,55.06],[-7.42,54.94],[-7.7,54.6],[-8.16,54.46],[-7.94,54.3],[-7.84,54.2],[-7.32,54.12],[-7.18,54.34],[-6.88,54.32],[-6.64,54.18],[-6.6,54.04],[-6.26,54.1],[-5.86,54.18],[-5.62,54.26],[-5.64,54.46],[-5.56,54.68],[-5.88,54.62],[-5.92,54.64],[-5.88,54.68],[-5.7,54.78],[-5.98,55.06],[-6.1,55.22],[-6.54,55.22],[-6.84,55.18],[-7.14,55.04]],[[-3.08,53.26],[-3.36,53.36],[-3.52,53.3],[-4,53.24],[-4.6,52.92],[-4.12,52.88],[-3.94,52.56],[-4.2,52.28],[-4.7,52.1],[-5.12,51.86],[-4.94,51.6],[-4.64,51.74],[-4.08,51.68],[-3.88,51.62],[-3.76,51.54],[-3.58,51.42],[-3.18,51.46],[-3.08,51.5],[-2.8,51.56],[-2.66,51.62],[-2.54,51.68],[-2.68,51.54],[-2.72,51.5],[-3,51.32],[-3.06,51.2],[-3.72,51.24],[-4.16,51.22],[-4.24,51.06],[-4.54,50.92],[-4.8,50.6],[-5.44,50.2],[-5.22,49.96],[-5.02,50.2],[-4.76,50.34],[-4.26,50.36],[-4.2,50.46],[-4.18,50.42],[-4.12,50.34],[-3.64,50.22],[-3.52,50.38],[-3.5,50.5],[-3.26,50.68],[-2.94,50.72],[-1.98,50.6],[-2.02,50.72],[-1.9,50.72],[-1.8,50.72],[-1.68,50.74],[-1.44,50.92],[-1.32,50.86],[-1.08,50.84],[-1.06,50.78],[-1,50.84],[-0.92,50.84],[-0.82,50.74],[-0.2,50.84],[0.02,50.78],[0.86,50.92],[1.36,51.14],[1.42,51.4],[0.98,51.34],[0.68,51.4],[0.52,51.48],[0.38,51.46],[0.54,51.52],[0.64,51.54],[0.82,51.54],[1.28,51.86],[1.08,51.96],[1.34,51.94],[1.58,52.08],[1.74,52.54],[1.64,52.78],[1.28,52.92],[0.56,52.96],[0.28,52.8],[0.02,52.92],[0.32,53.08],[0.22,53.42],[0.02,53.52],[-0.2,53.62],[-0.7,53.7],[-0.44,53.72],[-0.3,53.74],[-0.04,53.62],[-0.2,54.16],[-0.56,54.48],[-0.78,54.56],[-1.2,54.62],[-1.24,54.72],[-1.34,54.88],[-1.36,54.92],[-1.42,55],[-1.46,55.06],[-1.64,55.58],[-2.02,55.8],[-2.36,55.96],[-2.8,56.06],[-3.06,55.94],[-3.08,55.94],[-3.44,56],[-3.5,56],[-3.74,56.06],[-3.84,56.1],[-3.74,56.08],[-3.18,56.06],[-2.96,56.2],[-2.58,56.28],[-2.88,56.46],[-3.26,56.36],[-3.06,56.46],[-2.82,56.48],[-2.44,56.74],[-2.06,57.1],[-2.04,57.22],[-1.76,57.48],[-2.1,57.7],[-2.82,57.7],[-3.28,57.72],[-3.76,57.62],[-4.04,57.96],[-3.22,58.3],[-3.08,58.42],[-3.2,58.66],[-4.38,58.52],[-4.98,58.62],[-5.32,58.24],[-5.3,57.98],[-5.8,57.84],[-5.8,57.36],[-5.6,57.28],[-5.84,57],[-5.74,56.9],[-6,56.62],[-5.66,56.5],[-5.3,56.64],[-5.6,56.26],[-5.7,55.92],[-5.32,56.02],[-4.6,55.94],[-4.48,55.92],[-4.62,55.92],[-4.88,55.86],[-4.92,55.7],[-4.66,55.56],[-5.04,55],[-4.86,54.86],[-3.96,54.78],[-3.58,54.96],[-3.06,54.98],[-3.38,54.88],[-3.64,54.52],[-3.24,54.12],[-2.84,54.16],[-3.02,53.94],[-3.02,53.74],[-2.94,53.7],[-3.04,53.48],[-2.88,53.34],[-2.82,53.32],[-2.78,53.3],[-2.92,53.3],[-3.06,53.44],[-3.18,53.38],[-3.1,53.28],[-3.08,53.26]],[[-6.56,57.34],[-6.32,57.16],[-6.02,57.2],[-6.16,57.58],[-6.32,57.7],[-6.7,57.52],[-6.56,57.34]],[[-1.08,50.72],[-1.3,50.78],[-1.5,50.7],[-1.32,50.58],[-1.08,50.72]],[[-4.1,53.3],[-4.28,53.4],[-4.58,53.28],[-4.34,53.14],[-4.1,53.3]],[[-6.96,57.74],[-6.36,58.04],[-6.34,58.46],[-7.12,58.12],[-6.96,57.74]],[[-2.72,58.98],[-3.02,59.02],[-3.08,59.12],[-3.36,59.02],[-3.2,58.92],[-2.72,58.98]],[[-1.1,60.42],[-1.66,60.24],[-1.26,60.12],[-1.1,60.42]],[[-6.3,49.94],[-6.3,49.92],[-6.28,49.92],[-6.3,49.94]]]}},{"type":"Feature","properties":{"iso":"GD"},"geometry":{"type":"MultiLineString","coordinates":[[[-61.76,12.12],[-61.68,12.02],[-61.62,12.06],[-61.6,12.18],[-61.68,12.22],[-61.72,12.18],[-61.76,12.12]],[[-61.42,12.46],[-61.42,12.52],[-61.44,12.52],[-61.46,12.48],[-61.42,12.46]]]}},{"type":"Feature","properties":{"iso":"GE"},"geometry":{"type":"LineString","coordinates":[[40.68,43.52],[40.24,43.58],[39.98,43.38],[40.22,43.32],[40.34,43.14],[40.86,43.06],[41.16,42.8],[41.38,42.76],[41.56,42.4],[41.72,42.06],[41.78,41.9],[41.52,41.52],[41.8,41.42],[41.94,41.5],[42.46,41.44],[42.58,41.58],[42.96,41.44],[43.24,41.18],[43.44,41.1],[43.98,41.16],[44.2,41.24],[44.56,41.18],[44.86,41.22],[45,41.3],[45.1,41.34],[45.34,41.44],[45.72,41.34],[45.78,41.24],[46.08,41.18],[46.5,41.04],[46.62,41.1],[46.62,41.34],[46.28,41.58],[46.44,41.9],[45.94,42.02],[45.62,42.22],[45.74,42.48],[45.3,42.56],[45.08,42.7],[44.64,42.74],[44.18,42.62],[43.9,42.56],[43.8,42.74],[43.38,42.88],[43.18,42.94],[43,43.1],[42.6,43.14],[42.36,43.24],[42.16,43.22],[41.56,43.22],[41.38,43.34],[41.02,43.38],[40.68,43.52]]}},{"type":"Feature","properties":{"iso":"GG"},"geometry":{"type":"LineString","coordinates":[[-2.58,49.5],[-2.66,49.44],[-2.54,49.44],[-2.58,49.5]]}},{"type":"Feature","properties":{"iso":"GH"},"geometry":{"type":"LineString","coordinates":[[-0.16,11.14],[-0.7,11],[-1.42,11.02],[-1.6,11],[-2.72,10.98],[-2.92,10.72],[-2.76,10.26],[-2.78,10.1],[-2.74,9.66],[-2.68,9.48],[-2.66,9.02],[-2.6,8.78],[-2.5,8.2],[-2.84,7.82],[-2.94,7.58],[-2.98,7.2],[-3.1,7.06],[-3.22,6.84],[-3.26,6.62],[-3.18,6.24],[-2.96,5.62],[-2.78,5.58],[-2.74,5.36],[-2.84,5.14],[-3.12,5.1],[-2.36,4.92],[-2.1,4.74],[-1.74,4.88],[-1.56,5.02],[-1.04,5.2],[-0.8,5.22],[-0.36,5.5],[0.04,5.62],[0.32,5.78],[0.68,5.76],[0.92,5.78],[1.18,6.1],[0.76,6.42],[0.72,6.54],[0.52,6.84],[0.64,7.32],[0.5,7.46],[0.62,7.7],[0.6,7.9],[0.58,8.2],[0.7,8.28],[0.62,8.48],[0.36,8.76],[0.48,8.84],[0.44,9.02],[0.54,9.38],[0.36,9.58],[0.32,9.76],[0.4,10.04],[0.36,10.3],[0.18,10.4],[-0.1,10.7],[0.02,11.06],[-0.16,11.14]]}},{"type":"Feature","properties":{"iso":"GI"},"geometry":{"type":"LineString","coordinates":[[-5.36,36.14],[-5.36,36.12],[-5.34,36.12],[-5.34,36.14],[-5.36,36.14]]}},{"type":"Feature","properties":{"iso":"GL"},"geometry":{"type":"MultiLineString","coordinates":[[[-50.72,65.18],[-50.84,65.14],[-50.48,64.72],[-50.78,64.6],[-51.14,64.2],[-51.44,64.08],[-51.54,63.68],[-51.12,63.5],[-51.06,63.18],[-50.6,63.24],[-50.56,62.98],[-50.18,62.76],[-50.3,62.5],[-49.7,62.26],[-49.32,62],[-49.44,61.84],[-49.24,61.6],[-48.62,61.22],[-47.88,61],[-47.94,60.84],[-47.06,60.86],[-46.86,60.8],[-46.38,61.08],[-45.72,60.74],[-45.98,60.58],[-45.4,60.52],[-44.92,60.32],[-45.18,60.22],[-44.98,60.04],[-44,60.2],[-43.14,60.08],[-43.08,60.26],[-43.32,60.44],[-42.82,60.62],[-42.88,60.84],[-42.68,61.02],[-42.7,61.3],[-42.12,62],[-42.38,62.58],[-43.16,62.76],[-42.7,62.7],[-42.42,62.82],[-41.76,62.84],[-41.48,63.22],[-40.62,63.8],[-40.56,64.1],[-41.38,64.18],[-40.56,64.52],[-40.62,64.7],[-41.06,64.88],[-41.08,65.06],[-40.18,65.04],[-39.86,65.24],[-39.88,65.5],[-38.22,65.64],[-37.8,66.04],[-37.22,65.78],[-36.38,66.02],[-36.08,65.94],[-35.22,66.24],[-34.64,66.38],[-34.26,66.58],[-33.76,66.98],[-33.18,67.56],[-32.12,68.06],[-31.42,68.12],[-30.92,68.04],[-30,68.12],[-29,68.34],[-27.32,68.54],[-26.42,68.66],[-26.24,68.8],[-25.66,68.88],[-24.62,69.28],[-23.7,69.72],[-22.38,70.12],[-23.56,70.12],[-25.3,70.42],[-26.32,70.2],[-26.32,70.38],[-26.74,70.48],[-28.24,70.38],[-28.32,70.56],[-27.74,70.94],[-27.92,71.12],[-27.76,71.14],[-27.5,70.94],[-26.42,70.98],[-25.6,71.16],[-25.42,71.36],[-26.18,71.5],[-25.4,71.44],[-24.66,71.28],[-24.26,71.08],[-23.92,70.62],[-23.34,70.44],[-22.66,70.44],[-21.74,70.58],[-21.58,70.96],[-21.78,71.08],[-21.66,71.4],[-22.54,71.46],[-22.3,71.7],[-22.52,71.9],[-24.34,72.34],[-24.84,72.72],[-25.52,72.84],[-24.98,73.02],[-25.72,73.14],[-25.7,73.28],[-25.3,73.48],[-24.38,73.56],[-22.32,73.26],[-21.28,73.46],[-20.54,73.44],[-20.48,73.76],[-20.68,73.88],[-22.22,74.1],[-21.78,74.44],[-21.26,74.48],[-20.36,74.44],[-20.2,74.28],[-19.38,74.26],[-18.98,74.48],[-20.76,74.84],[-20.66,75.3],[-20.16,75.34],[-19.42,75.22],[-19.38,75.54],[-19.74,75.88],[-19.68,76.12],[-21.56,76.38],[-21.94,76.62],[-20.52,76.94],[-18.5,76.74],[-18.32,77.2],[-20.24,77.38],[-20.78,77.62],[-20.02,77.7],[-20.76,77.98],[-21.62,78],[-20.88,78.56],[-20.98,78.76],[-19.92,78.82],[-19.92,79.02],[-18.96,79.14],[-19.56,79.38],[-19.2,79.7],[-20.42,79.84],[-19.48,80.26],[-17.88,80.16],[-16.44,80.22],[-15.78,80.4],[-16.9,80.58],[-15.42,80.64],[-14.3,80.78],[-14.2,80.92],[-11.64,81.38],[-12.02,81.64],[-13.92,81.82],[-16.48,81.74],[-17.14,81.42],[-19.24,81.56],[-21.36,81.2],[-21.02,81.78],[-21.38,82.08],[-23.2,82.02],[-23.3,81.8],[-24.7,81.78],[-24.62,81.98],[-27.76,82.06],[-30.8,81.86],[-31.78,81.96],[-29.86,82.14],[-23.88,82.28],[-22.44,82.34],[-21.32,82.6],[-23.66,82.84],[-25.64,83.3],[-30.64,83.6],[-32.5,83.64],[-38.7,83.42],[-38.86,83.26],[-37.62,83.16],[-39.44,82.96],[-40.7,82.98],[-41.74,83.2],[-45.16,83.16],[-46.44,83.06],[-46.56,82.9],[-43.72,82.4],[-44.7,82.26],[-44.4,82.1],[-46,82.04],[-48.74,82.36],[-49.02,82.46],[-51.1,82.5],[-50.58,82.16],[-49.46,81.94],[-50.9,81.88],[-53.02,82],[-54.44,82.38],[-58.62,82.1],[-61.28,81.82],[-60.78,81.5],[-61.86,81.12],[-62.98,81.22],[-64.76,81],[-65.12,80.78],[-66.76,80.56],[-67.46,80.34],[-67.06,80.06],[-64.92,80.08],[-65.12,79.86],[-64.86,79.5],[-66.12,79.1],[-66.68,79.14],[-69.04,78.98],[-69.44,78.8],[-72.6,78.52],[-72.78,78.1],[-70.26,77.56],[-69.22,77.46],[-67.6,77.52],[-66.62,77.68],[-66.06,77.5],[-66.78,77.36],[-68.36,77.38],[-69.06,77.26],[-70.9,77.2],[-71.34,77],[-70.66,76.8],[-67.98,76.6],[-69.08,76.5],[-69.64,76.38],[-68.44,76.08],[-66.48,75.94],[-66.42,76.08],[-65.36,76.02],[-64.38,76.26],[-63.48,76.38],[-62.4,76.24],[-60.88,76.16],[-59.28,75.88],[-59.04,75.7],[-58.16,75.5],[-58.66,75.38],[-58.14,75.1],[-56.84,74.82],[-56.6,74.24],[-55.94,73.86],[-55.84,73.68],[-55.26,73.38],[-55.46,73.08],[-54.66,72.84],[-54.96,72.52],[-55.66,72.46],[-54.88,72.26],[-55.56,72.04],[-55.38,71.82],[-55.84,71.72],[-55.52,71.44],[-54.62,71.36],[-53.96,71.44],[-53.68,71.74],[-52.66,71.68],[-52.7,71.52],[-52.04,71.24],[-51.92,71.02],[-51.18,70.88],[-51.54,70.44],[-52.46,70.7],[-53.98,70.82],[-54.58,70.68],[-54.02,70.42],[-53.24,70.36],[-52.6,70.22],[-52.32,70.06],[-50.34,69.88],[-50.84,69.62],[-50.88,69.18],[-51.1,68.86],[-50.92,68.68],[-51.56,68.52],[-51.96,68.58],[-52.62,68.52],[-53.08,68.32],[-52.44,68.18],[-51.22,68.28],[-51.22,68.08],[-51.94,68.04],[-52.58,68.2],[-53.14,68.1],[-53.2,67.96],[-53.68,67.82],[-53.58,67.52],[-52.82,67.8],[-51.44,67.74],[-50.56,67.52],[-50.1,67.5],[-50.58,67.48],[-51.26,67.66],[-51.86,67.64],[-52.4,67.76],[-53.04,67.7],[-53.8,67.42],[-53.96,67.1],[-53.64,66.92],[-53.1,66.94],[-52.66,66.7],[-53.42,66.64],[-53.7,66.36],[-53.36,66.12],[-53.46,65.96],[-52.76,65.68],[-52.8,65.54],[-52.28,65.44],[-52.28,65.08],[-51.88,64.84],[-52.02,64.6],[-52.14,64.22],[-51.84,64.22],[-51.26,64.76],[-50.9,64.68],[-50.66,64.82],[-50.84,64.98],[-50.94,65.12],[-50.72,65.18]],[[-25.32,70.74],[-25.7,71.08],[-26.66,70.9],[-27.06,70.9],[-28.06,70.44],[-26.58,70.52],[-25.3,70.66],[-25.32,70.74]],[[-44.52,82.42],[-46.32,82.68],[-47.7,82.64],[-46.88,82.36],[-45.08,82.22],[-44.52,82.42]],[[-21.94,72.42],[-22.72,72.64],[-23.14,72.84],[-24.48,72.82],[-24.36,72.6],[-22.26,72.12],[-21.94,72.42]],[[-21.92,72.74],[-21.9,72.92],[-23.24,73.08],[-24.54,73],[-24.52,72.9],[-23.16,72.88],[-22.66,72.7],[-21.92,72.74]],[[-24.52,73.04],[-22.98,73.1],[-23.24,73.26],[-24.46,73.42],[-25.24,73.42],[-25.7,73.18],[-24.52,73.04]],[[-20.36,74.26],[-20.54,74.4],[-21.24,74.46],[-21.84,74.36],[-21.94,74.2],[-21.02,74.1],[-20.36,74.26]],[[-17.32,75.14],[-17.82,75.08],[-18.52,75.38],[-18.92,75.04],[-17.5,75],[-17.32,75.14]],[[-18.56,76.06],[-18.72,76.52],[-19.1,76.48],[-18.56,76.06]],[[-18.76,79.98],[-19.36,79.88],[-18.48,79.68],[-17.84,79.74],[-17.28,80.02],[-18.76,79.98]],[[-52.9,69.34],[-52.14,69.48],[-51.84,69.64],[-52,69.8],[-52.72,69.92],[-53.26,70.2],[-54.46,70.32],[-54.82,70.2],[-54.76,69.96],[-55,69.7],[-54.74,69.58],[-53.88,69.56],[-53.58,69.24],[-52.9,69.34]],[[-43.18,60.08],[-44.08,60.18],[-43.9,60],[-43.18,60.08]]]}},{"type":"Feature","properties":{"iso":"GM"},"geometry":{"type":"LineString","coordinates":[[-14.86,13.76],[-15.1,13.82],[-15.4,13.78],[-15.5,13.64],[-15.52,13.58],[-16.08,13.58],[-16.56,13.58],[-16.52,13.36],[-16.32,13.34],[-16.14,13.46],[-15.76,13.46],[-15.56,13.52],[-15.3,13.5],[-15.34,13.44],[-15.56,13.5],[-15.78,13.44],[-16.16,13.42],[-16.16,13.28],[-16.42,13.26],[-16.6,13.38],[-16.68,13.5],[-16.76,13.4],[-16.76,13.06],[-16.68,13.16],[-15.9,13.16],[-15.82,13.24],[-15.8,13.34],[-15.34,13.36],[-15.18,13.56],[-14.56,13.32],[-14.2,13.22],[-13.86,13.34],[-13.88,13.5],[-13.96,13.58],[-14.32,13.46],[-14.46,13.52],[-14.58,13.66],[-14.72,13.62],[-14.86,13.76]]}},{"type":"Feature","properties":{"iso":"GN"},"geometry":{"type":"LineString","coordinates":[[-11.44,10],[-11.2,9.98],[-10.86,9.46],[-10.68,9.3],[-10.74,9.08],[-10.6,9.04],[-10.6,8.82],[-10.48,8.68],[-10.64,8.52],[-10.52,8.34],[-10.28,8.48],[-9.88,8.5],[-9.58,8.38],[-9.42,8.02],[-9.36,7.76],[-9.36,7.62],[-9.48,7.38],[-9.24,7.38],[-9.1,7.2],[-8.86,7.28],[-8.72,7.62],[-8.56,7.68],[-8.48,7.56],[-8.22,7.54],[-8.12,7.72],[-8.06,8.02],[-7.96,8.02],[-8.26,8.24],[-8.2,8.5],[-7.98,8.5],[-7.78,8.38],[-7.7,8.6],[-7.96,8.78],[-7.92,9.02],[-7.74,9.08],[-7.92,9.18],[-7.86,9.4],[-8.08,9.4],[-8.16,9.58],[-8.16,9.94],[-7.98,10.16],[-8.02,10.34],[-8.3,10.54],[-8.32,11],[-8.5,11.06],[-8.42,11.4],[-8.54,11.46],[-8.72,11.64],[-8.8,11.92],[-9.02,12.4],[-9.3,12.34],[-9.62,12.18],[-9.72,12.02],[-9.88,12.06],[-10.26,12.22],[-10.38,12.18],[-10.72,11.9],[-10.9,12.2],[-11.06,12.2],[-11.18,12.02],[-11.36,12.04],[-11.48,12.14],[-11.38,12.4],[-12.08,12.4],[-12.36,12.3],[-12.58,12.36],[-13.08,12.64],[-13.36,12.64],[-13.72,12.68],[-13.7,12.3],[-13.96,12.14],[-13.72,12],[-13.72,11.7],[-14.02,11.64],[-14.28,11.66],[-14.44,11.56],[-14.68,11.52],[-15.02,10.96],[-14.9,11],[-14.8,10.74],[-14.54,10.5],[-14.54,10.4],[-14.16,10.06],[-13.78,9.86],[-13.7,9.96],[-13.74,9.76],[-13.68,9.58],[-13.7,9.52],[-13.68,9.52],[-13.64,9.54],[-13.52,9.52],[-13.48,9.56],[-13.32,9.34],[-13.3,9.04],[-13.02,9.1],[-12.96,9.28],[-12.7,9.42],[-12.6,9.66],[-12.5,9.86],[-12.26,9.92],[-12.1,9.88],[-11.92,10],[-11.58,10],[-11.44,10]]}},{"type":"Feature","properties":{"iso":"GQ"},"geometry":{"type":"MultiLineString","coordinates":[[[9.8,2.34],[9.8,1.9],[9.62,1.68],[9.4,1.28],[9.58,1.04],[9.8,1],[10,1],[10.42,1],[10.96,1],[11.34,1],[11.34,1.74],[11.32,2.16],[10.4,2.16],[10.18,2.16],[10,2.16],[9.8,2.34]],[[5.62,-1.46],[5.64,-1.44],[5.64,-1.42],[5.62,-1.44],[5.62,-1.46]],[[8.86,3.52],[8.92,3.76],[8.7,3.76],[8.62,3.64],[8.46,3.28],[8.7,3.2],[8.86,3.52]]]}},{"type":"Feature","properties":{"iso":"GR"},"geometry":{"type":"MultiLineString","coordinates":[[[20.96,40.84],[21.04,40.64],[20.74,40.3],[20.62,40.08],[20.44,40.06],[20.3,39.8],[20,39.7],[20.3,39.34],[20.68,39.08],[21.06,39.04],[20.76,38.9],[21.02,38.6],[21.16,38.3],[21.36,38.4],[21.54,38.32],[21.86,38.38],[21.98,38.42],[22.54,38.3],[22.7,38.32],[23.22,38.16],[23.08,38.06],[22.86,37.94],[22.36,38.16],[21.96,38.34],[21.6,38.16],[21.38,38.2],[21.32,38.02],[21.12,37.84],[21.54,37.56],[21.68,37.38],[21.56,37.16],[21.7,36.82],[21.94,36.98],[22.16,37.02],[22.38,36.68],[22.76,36.8],[22.98,36.52],[23.1,36.8],[22.76,37.4],[22.72,37.54],[23.44,37.42],[23.18,37.6],[23.16,37.94],[23.44,38.02],[24.08,37.68],[23.98,38.12],[23.76,38.34],[23.3,38.58],[23.2,38.68],[22.76,38.78],[23,38.96],[22.82,39.22],[23.02,39.32],[23.1,39.5],[22.92,39.6],[22.7,39.94],[22.56,40.16],[22.72,40.52],[23.02,40.32],[23.78,40.2],[24,40.32],[24.16,40.28],[24.3,40.12],[24.38,40.18],[24.18,40.34],[24,40.38],[23.7,40.7],[23.86,40.78],[24.12,40.72],[24.42,40.94],[24.8,40.86],[25.3,40.96],[25.54,40.88],[25.92,40.86],[26.04,40.74],[26.36,40.96],[26.34,41.26],[26.64,41.38],[26.6,41.6],[26.34,41.72],[26.06,41.64],[26.18,41.44],[25.88,41.3],[25.16,41.3],[24.6,41.42],[24.54,41.54],[24.2,41.54],[23.62,41.38],[23.28,41.4],[22.92,41.34],[22.8,41.34],[22.76,41.32],[22.74,41.28],[22.66,41.18],[22.58,41.12],[22.22,41.16],[21.92,41.1],[21.9,41.06],[21.76,40.92],[21.5,40.9],[21.24,40.86],[20.96,40.84]],[[24.58,38.16],[24.32,38.18],[24.08,38.68],[23.86,38.68],[23.46,38.88],[23.2,38.82],[23.64,38.52],[23.64,38.42],[24.04,38.4],[24.38,37.98],[24.58,38.16]],[[26.32,35.32],[25.84,35.12],[25.76,35.34],[25.48,35.3],[24.72,35.42],[24.34,35.34],[24.04,35.52],[23.82,35.54],[23.58,35.44],[23.58,35.24],[24.4,35.2],[24.7,35.1],[24.74,34.94],[25.1,34.94],[25.6,35.02],[26.24,35.04],[26.32,35.32]],[[28.24,36.44],[27.9,36.34],[27.7,36.16],[27.78,35.9],[28.14,36.18],[28.24,36.44]],[[26.62,39.04],[26.34,39.38],[25.86,39.26],[25.88,39.14],[26.42,38.96],[26.62,39.04]],[[20.1,39.44],[19.94,39.48],[19.86,39.66],[19.94,39.8],[19.68,39.8],[19.68,39.68],[20,39.4],[20.1,39.44]]]}},{"type":"Feature","properties":{"iso":"GS"},"geometry":{"type":"LineString","coordinates":[[-35.9,-54.68],[-36.04,-54.46],[-36.62,-54.12],[-37.16,-54.04],[-37.38,-54.14],[-36.82,-54.44],[-36.46,-54.54],[-36.1,-54.88],[-35.9,-54.68]]}},{"type":"Feature","properties":{"iso":"GT"},"geometry":{"type":"LineString","coordinates":[[-89.74,14.04],[-89.54,14.22],[-89.5,14.42],[-89.36,14.42],[-89.14,14.72],[-89.18,14.92],[-89.14,15.08],[-88.76,15.3],[-88.46,15.52],[-88.22,15.72],[-88.44,15.86],[-88.62,15.76],[-88.92,15.9],[-89.24,15.9],[-89.2,16.4],[-89.16,17.32],[-89.16,17.82],[-91,17.8],[-91,17.26],[-91.44,17.26],[-91.3,17.18],[-91.06,16.92],[-90.74,16.74],[-90.64,16.52],[-90.4,16.34],[-90.44,16.08],[-91,16.06],[-91.72,16.06],[-92.1,15.46],[-92.2,15.24],[-92.16,14.7],[-92.24,14.54],[-92.16,14.48],[-91.66,14.12],[-91.56,14.06],[-91.32,13.96],[-90.62,13.92],[-90.24,13.78],[-90.1,13.74],[-90.1,13.86],[-89.88,14.04],[-89.74,14.04]]}},{"type":"Feature","properties":{"iso":"GU"},"geometry":{"type":"LineString","coordinates":[[144.88,13.64],[144.66,13.44],[144.8,13.44],[144.9,13.52],[144.88,13.64]]}},{"type":"Feature","properties":{"iso":"GW"},"geometry":{"type":"MultiLineString","coordinates":[[[-13.7,12.3],[-13.72,12.68],[-14.34,12.68],[-14.88,12.68],[-15.14,12.68],[-15.42,12.56],[-15.68,12.44],[-15.88,12.44],[-16.24,12.46],[-16.38,12.38],[-16.72,12.34],[-16.48,12.18],[-16.14,11.88],[-15.94,12],[-15.7,12],[-15.86,11.98],[-15.96,11.76],[-15.68,11.8],[-15.54,11.9],[-15,11.96],[-14.92,11.76],[-15.18,11.88],[-15.44,11.88],[-15.42,11.68],[-15.34,11.68],[-15.28,11.42],[-15.4,11.18],[-15.2,11.12],[-15.02,10.96],[-14.68,11.52],[-14.44,11.56],[-14.28,11.66],[-14.02,11.64],[-13.72,11.7],[-13.72,12],[-13.96,12.14],[-13.7,12.3]],[[-16.04,11.12],[-16.16,11.14],[-16.18,11.04],[-16.08,11.04],[-16.04,11.12]]]}},{"type":"Feature","properties":{"iso":"GY"},"geometry":{"type":"LineString","coordinates":[[-56.48,1.94],[-56.7,2.02],[-57.18,2.82],[-57.28,3.34],[-57.56,3.34],[-57.82,3.66],[-58.04,3.98],[-58.06,4.16],[-57.84,4.66],[-57.92,4.82],[-57.72,4.98],[-57.32,5.02],[-57.24,5.26],[-57.24,5.48],[-57.16,5.64],[-57.16,6.08],[-57.28,6.24],[-57.52,6.28],[-57.6,6.42],[-57.92,6.72],[-58.18,6.82],[-58.4,6.88],[-58.56,6.64],[-58.58,6.46],[-58.6,6.42],[-58.62,6.48],[-58.6,6.8],[-58.52,6.98],[-58.46,7.32],[-58.78,7.66],[-59.16,8.06],[-60.02,8.56],[-59.82,8.28],[-60.02,8.06],[-60.26,7.92],[-60.5,7.82],[-60.74,7.52],[-60.64,7.22],[-60.34,7.16],[-60.42,6.94],[-61.2,6.6],[-61.12,6.18],[-61.26,6.1],[-61.38,5.9],[-60.74,5.2],[-60.46,5.18],[-60.22,5.26],[-60.08,5.16],[-59.98,5.08],[-60.08,4.6],[-59.68,4.38],[-59.74,4.2],[-59.52,3.94],[-59.68,3.7],[-59.84,3.6],[-59.82,3.38],[-59.96,3.06],[-60,2.7],[-59.9,2.36],[-59.74,2.26],[-59.76,1.92],[-59.24,1.38],[-58.98,1.32],[-58.78,1.2],[-58.52,1.26],[-58.5,1.46],[-58.34,1.6],[-58.02,1.52],[-58,1.66],[-57.56,1.7],[-57.42,1.9],[-57.1,2.02],[-56.8,1.88],[-56.48,1.94]]}},{"type":"Feature","properties":{"iso":"HK"},"geometry":{"type":"MultiLineString","coordinates":[[[114.22,22.56],[114.08,22.52],[113.94,22.42],[114.02,22.36],[114.12,22.36],[114.14,22.34],[114.16,22.32],[114.18,22.3],[114.22,22.32],[114.24,22.28],[114.36,22.44],[114.26,22.44],[114.2,22.42],[114.34,22.52],[114.22,22.56]],[[114,22.32],[113.9,22.3],[113.92,22.22],[114.04,22.32],[114,22.32]],[[114.12,22.28],[114.2,22.22],[114.26,22.24],[114.18,22.28],[114.16,22.28],[114.12,22.28]]]}},{"type":"Feature","properties":{"iso":"HM"},"geometry":{"type":"LineString","coordinates":[[73.74,-53.12],[73.56,-53.02],[73.32,-53.02],[73.48,-53.18],[73.74,-53.12]]}},{"type":"Feature","properties":{"iso":"HN"},"geometry":{"type":"MultiLineString","coordinates":[[[-89.34,14.42],[-89.02,14.32],[-88.98,14.22],[-88.7,14.02],[-88.5,13.96],[-88.5,13.86],[-88.28,13.92],[-88.22,14],[-87.96,13.9],[-87.74,13.84],[-87.82,13.4],[-87.38,13.4],[-87.52,13.28],[-87.32,12.98],[-86.94,13.06],[-86.92,13.24],[-86.74,13.26],[-86.76,13.64],[-86.78,13.7],[-86.42,13.74],[-86.1,14.04],[-85.74,13.82],[-85.56,14.04],[-85.44,14.14],[-85.02,14.6],[-85,14.74],[-84.78,14.8],[-84.7,14.68],[-84.48,14.62],[-83.86,14.78],[-83.4,15.04],[-83.14,15],[-83.4,15.26],[-83.78,15.28],[-84.3,15.82],[-84.66,15.78],[-84.68,15.88],[-85,15.98],[-85.26,15.88],[-85.48,15.86],[-85.9,15.98],[-86.38,15.78],[-86.44,15.8],[-86.88,15.76],[-87.34,15.86],[-87.5,15.8],[-87.72,15.92],[-88.12,15.7],[-88.22,15.72],[-88.46,15.52],[-88.76,15.3],[-89.14,15.08],[-89.18,14.92],[-89.14,14.72],[-89.36,14.42],[-89.34,14.42]],[[-86.6,16.28],[-86.5,16.32],[-86.32,16.42],[-86.34,16.42],[-86.54,16.36],[-86.6,16.28]]]}},{"type":"Feature","properties":{"iso":"HR"},"geometry":{"type":"MultiLineString","coordinates":[[[16.52,46.5],[16.34,46.54],[16.32,46.54],[16.3,46.52],[16.26,46.52],[16.24,46.48],[16.28,46.38],[16.08,46.38],[16.04,46.32],[16,46.3],[15.92,46.28],[15.88,46.26],[15.8,46.24],[15.68,46.22],[15.62,46.2],[15.62,46.08],[15.7,46.04],[15.68,45.98],[15.54,45.82],[15.42,45.78],[15.34,45.76],[15.24,45.72],[15.36,45.66],[15.28,45.58],[15.22,45.44],[15.06,45.48],[14.98,45.5],[14.66,45.58],[14.56,45.66],[14.5,45.58],[14.12,45.48],[13.98,45.52],[13.66,45.46],[13.58,45.48],[13.52,45.44],[13.64,45.08],[13.98,44.82],[14.24,45.16],[14.52,45.3],[14.88,45.04],[14.9,44.7],[15.3,44.36],[15.14,44.2],[15.54,43.88],[15.94,43.68],[16.02,43.5],[16.44,43.54],[16.88,43.4],[17.36,43.08],[17.58,42.94],[17.6,43.08],[17.46,43.14],[17.06,43.52],[16.52,43.96],[16.22,44.2],[16.2,44.36],[16.12,44.52],[15.72,44.78],[15.74,44.94],[15.8,45.2],[16,45.22],[16.34,45.02],[16.48,45.2],[17.12,45.16],[17.76,45.12],[18.14,45.1],[18.46,45.08],[18.48,45.06],[18.54,45.08],[18.84,44.88],[18.98,44.86],[19.02,44.86],[19.14,45.16],[19.4,45.18],[19.1,45.3],[19,45.44],[19.02,45.5],[18.84,45.82],[18.9,45.94],[18.82,45.9],[18.42,45.74],[17.9,45.8],[17.66,45.86],[17.3,45.98],[16.88,46.32],[16.86,46.36],[16.52,46.5]],[[18.44,42.56],[18.36,42.58],[17.66,42.9],[18.22,42.62],[18.5,42.42],[18.44,42.56]]]}},{"type":"Feature","properties":{"iso":"HT"},"geometry":{"type":"LineString","coordinates":[[-71.76,19.72],[-72.04,19.72],[-72.34,19.76],[-72.56,19.88],[-72.78,19.94],[-73.14,19.92],[-73.46,19.72],[-73.4,19.64],[-73.12,19.62],[-72.72,19.42],[-72.8,19.24],[-72.7,18.94],[-72.32,18.68],[-72.36,18.54],[-72.62,18.56],[-72.76,18.42],[-73.06,18.46],[-73.74,18.54],[-74.26,18.68],[-74.42,18.6],[-74.46,18.36],[-74.18,18.3],[-73.96,18.14],[-73.66,18.26],[-73.38,18.26],[-73,18.18],[-72.88,18.14],[-72.44,18.22],[-72.08,18.24],[-71.78,18.04],[-71.72,18.3],[-72,18.58],[-71.8,18.68],[-71.78,18.68],[-71.78,19],[-71.66,19.22],[-71.74,19.28],[-71.74,19.64],[-71.76,19.72]]}},{"type":"Feature","properties":{"iso":"HU"},"geometry":{"type":"LineString","coordinates":[[22.88,47.94],[22.16,48.4],[22.14,48.4],[21.72,48.34],[21.42,48.56],[21.1,48.48],[20.78,48.56],[20.46,48.46],[20.28,48.26],[20.04,48.18],[19.9,48.12],[19.76,48.16],[19.02,48.06],[18.94,48.06],[18.82,47.84],[17.88,47.76],[17.72,47.78],[17.26,48],[17.14,48],[17.06,47.7],[16.72,47.7],[16.6,47.76],[16.56,47.62],[16.62,47.44],[16.42,47.36],[16.44,47.04],[16.1,46.86],[16.14,46.86],[16.18,46.86],[16.3,46.84],[16.32,46.84],[16.32,46.8],[16.3,46.78],[16.36,46.7],[16.4,46.66],[16.38,46.64],[16.52,46.5],[16.86,46.36],[16.88,46.32],[17.3,45.98],[17.66,45.86],[17.9,45.8],[18.42,45.74],[18.82,45.9],[18.9,45.94],[19.3,46.02],[19.72,46.16],[19.88,46.16],[20.06,46.14],[20.12,46.16],[20.24,46.1],[20.7,46.16],[20.78,46.26],[21.16,46.32],[21.42,46.66],[21.64,47.02],[22.16,47.58],[22.16,47.6],[22.26,47.72],[22.74,47.82],[22.88,47.94]]}},{"type":"Feature","properties":{"iso":"ID"},"geometry":{"type":"MultiLineString","coordinates":[[[117.56,4.16],[117.16,4.34],[116.5,4.32],[116.12,4.38],[115.88,4.36],[115.64,4.14],[115.46,3.04],[115.24,3.04],[115.06,2.82],[115.12,2.48],[114.78,2.24],[114.84,1.9],[114.5,1.44],[114.2,1.44],[113.9,1.44],[113.64,1.24],[113.08,1.44],[113.02,1.54],[112.48,1.56],[112.18,1.44],[112.1,1.16],[111.82,1],[111.36,1.02],[111.2,1.08],[110.86,1],[110.56,0.86],[110.26,1.04],[109.68,1.58],[109.52,1.88],[109.64,2.08],[109.34,1.94],[109.34,1.8],[109.1,1.56],[108.92,1.14],[108.98,1],[108.86,0.84],[108.92,0.64],[108.92,0.34],[109.16,0.12],[109.18,-0.22],[109.12,-0.5],[109.28,-0.86],[109.44,-0.84],[109.74,-0.96],[110.06,-1.44],[109.92,-1.76],[110.08,-1.92],[110.1,-2.2],[110.22,-2.54],[110.26,-3],[110.5,-2.88],[110.8,-2.94],[110.96,-2.88],[111.06,-3.06],[111.3,-2.94],[111.58,-3],[111.76,-2.9],[111.84,-3.06],[111.82,-3.54],[112.3,-3.32],[112.62,-3.42],[113.18,-3.08],[113.34,-3.24],[113.62,-3.18],[113.72,-3.48],[114.1,-3.34],[114.32,-3.44],[114.52,-3.48],[114.62,-3.68],[114.64,-4.02],[114.72,-4.18],[115.06,-3.98],[115.96,-3.6],[116.16,-3.18],[116.12,-2.94],[116.34,-2.92],[116.4,-2.58],[116.58,-2.36],[116.4,-2.2],[116.46,-1.9],[116.32,-1.7],[116.56,-1.6],[116.54,-1.48],[116.82,-1.26],[117.02,-1.2],[117.3,-0.82],[117.46,-0.86],[117.58,-0.62],[117.6,-0.42],[117.44,-0.26],[117.54,-0.04],[117.52,0.3],[117.82,0.82],[118.18,0.88],[118.8,0.8],[119,0.96],[118.78,1.2],[118.42,1.48],[117.92,1.82],[117.86,2.04],[118.1,2.26],[118.06,2.36],[117.64,2.82],[117.62,3.08],[117.36,3.18],[117.32,3.44],[117.22,3.64],[117.74,3.64],[117.78,3.8],[117.52,4.04],[117.56,4.16]],[[124.46,-9.18],[124.32,-9.48],[124.04,-9.34],[123.68,-9.62],[123.52,-10.34],[123.82,-10.36],[124.12,-10.18],[124.42,-10.16],[124.98,-9.66],[125.06,-9.48],[124.98,-9.2],[125.16,-9.18],[124.92,-8.96],[124.46,-9.18]],[[120.8,-9.96],[120.44,-9.64],[120.08,-9.44],[119.62,-9.34],[119.16,-9.38],[118.94,-9.58],[119.04,-9.68],[119.4,-9.8],[119.48,-9.74],[119.98,-10],[120.16,-10.22],[120.4,-10.26],[120.72,-10.2],[120.8,-9.96]],[[123.02,-8.28],[122.98,-8.14],[122.8,-8.12],[122.76,-8.36],[122.28,-8.64],[121.84,-8.48],[121.5,-8.6],[120.98,-8.34],[120.66,-8.26],[120.28,-8.26],[119.92,-8.46],[119.8,-8.6],[119.82,-8.78],[120.24,-8.82],[120.6,-8.8],[120.92,-8.92],[121.34,-8.92],[121.4,-8.8],[121.8,-8.88],[122.12,-8.74],[122.4,-8.74],[122.8,-8.62],[122.8,-8.48],[123.02,-8.28]],[[123.4,-10.6],[123.22,-10.54],[123.04,-10.72],[122.82,-10.78],[122.84,-10.92],[123.2,-10.82],[123.4,-10.6]],[[123.92,-8.22],[123.8,-8.18],[123.36,-8.42],[123.4,-8.58],[123.92,-8.22]],[[125.14,-8.22],[125.1,-8.16],[124.46,-8.14],[124.42,-8.46],[125.12,-8.36],[125.14,-8.22]],[[109.76,-1.1],[109.7,-0.98],[109.46,-1],[109.48,-1.3],[109.76,-1.1]],[[140.98,-2.6],[140.74,-2.5],[140.1,-2.32],[139.86,-2.38],[138.8,-1.92],[138.66,-1.78],[138.08,-1.62],[137.8,-1.48],[137.14,-1.78],[137.22,-2.08],[136.76,-2.24],[136.4,-2.22],[136.26,-2.56],[135.96,-2.78],[135.9,-2.98],[135.48,-3.36],[134.98,-3.32],[134.68,-2.84],[134.66,-2.56],[134.48,-2.58],[134.2,-2.38],[134.08,-1.68],[134.28,-1.36],[134.04,-0.96],[133.98,-0.72],[133.4,-0.72],[133.16,-0.54],[132.7,-0.36],[132.44,-0.34],[132.1,-0.46],[131.88,-0.68],[131.24,-0.82],[131.3,-0.92],[131.18,-1.22],[131.04,-1.28],[131,-1.46],[131.2,-1.52],[131.58,-1.48],[131.92,-1.7],[131.98,-1.96],[132.08,-2.1],[132.34,-2.28],[132.56,-2.18],[132.7,-2.3],[133.3,-2.2],[133.54,-2.24],[133.86,-2.22],[133.92,-2.38],[133.74,-2.52],[133.04,-2.48],[132.74,-2.8],[132.58,-2.72],[132.2,-2.68],[132,-2.92],[132.32,-2.94],[132.56,-3.1],[132.84,-3.46],[132.76,-3.62],[132.8,-3.92],[132.9,-4.08],[133.26,-4.06],[133.46,-3.84],[133.4,-3.72],[133.58,-3.56],[133.84,-3.64],[133.96,-3.84],[134.18,-3.78],[134.32,-4.02],[134.44,-3.9],[134.66,-4.14],[134.88,-4.26],[135.18,-4.44],[135.42,-4.44],[135.98,-4.52],[136.36,-4.68],[136.82,-4.92],[137.26,-5],[137.7,-5.22],[138.06,-5.58],[138.08,-5.72],[138.28,-5.88],[138.46,-6.4],[138.82,-6.8],[138.58,-6.94],[138.68,-7.2],[139.1,-7.56],[139,-7.86],[138.92,-7.92],[138.9,-8.04],[138.92,-8.08],[138.86,-8.1],[138.84,-8.14],[138.92,-8.3],[139.2,-8.1],[139.36,-8.2],[139.94,-8.1],[140.04,-8.24],[140.5,-8.64],[140.86,-9.04],[140.98,-9.1],[140.98,-7.96],[140.98,-6.9],[140.84,-6.7],[140.98,-6.34],[140.98,-4.98],[140.98,-3.8],[140.98,-2.6]],[[138.9,-8.34],[138.68,-8.18],[138.56,-8.36],[138.9,-8.34]],[[138.94,-7.54],[138.8,-7.38],[138.62,-7.36],[138.24,-7.46],[138.02,-7.62],[137.76,-8.08],[137.64,-8.38],[138.44,-8.38],[138.66,-8.16],[138.82,-8.1],[138.9,-8.08],[138.88,-7.94],[138.98,-7.82],[139.04,-7.56],[138.94,-7.54]],[[136.84,-1.76],[136.4,-1.72],[136.2,-1.66],[135.72,-1.7],[136.28,-1.9],[136.64,-1.88],[136.84,-1.76]],[[136.38,-1.1],[136.2,-1.06],[136.06,-0.88],[135.84,-0.7],[135.36,-0.66],[135.64,-0.88],[135.78,-0.88],[135.82,-1.1],[136.14,-1.22],[136.38,-1.1]],[[110.94,-8.22],[111.44,-8.28],[111.68,-8.36],[111.8,-8.26],[112.36,-8.34],[112.68,-8.44],[113.2,-8.28],[113.72,-8.52],[114.2,-8.64],[114.46,-8.62],[114.36,-8.4],[114.46,-7.84],[114.02,-7.62],[113.8,-7.72],[113.52,-7.7],[113.3,-7.78],[112.76,-7.54],[112.58,-6.98],[112.36,-6.88],[112.06,-6.9],[111.68,-6.74],[111.16,-6.7],[111.06,-6.46],[110.74,-6.46],[110.58,-6.84],[110.36,-6.98],[110.2,-6.9],[109.9,-6.92],[109.54,-6.84],[109.36,-6.88],[108.9,-6.82],[108.6,-6.76],[108.54,-6.48],[108.22,-6.24],[108.1,-6.32],[107.82,-6.18],[107.68,-6.24],[107.48,-6.14],[107.36,-5.98],[107.16,-5.98],[106.98,-6.08],[106.74,-6.06],[106.5,-6.04],[106.06,-5.88],[105.88,-6.08],[105.82,-6.44],[105.46,-6.8],[105.56,-6.86],[105.96,-6.82],[106.4,-7],[106.54,-7.06],[106.38,-7.32],[106.52,-7.42],[107.42,-7.5],[107.68,-7.66],[108.32,-7.82],[108.54,-7.7],[108.8,-7.66],[109.36,-7.72],[110.04,-7.88],[110.48,-8.12],[110.84,-8.2],[110.94,-8.22]],[[114.04,-6.92],[113.92,-6.86],[112.92,-6.9],[112.7,-7.06],[112.74,-7.16],[113.12,-7.24],[113.54,-7.24],[113.66,-7.12],[113.84,-7.14],[114.04,-6.92]],[[126.84,-7.72],[126.64,-7.56],[126.32,-7.7],[125.94,-7.68],[125.8,-7.86],[126.42,-7.94],[126.84,-7.72]],[[131.7,-7.22],[131.52,-7.18],[131.26,-7.48],[131.12,-7.74],[131.12,-8],[131.36,-7.94],[131.64,-7.6],[131.7,-7.22]],[[134.48,-6.58],[134.44,-6.44],[134.12,-6.18],[134.08,-6.82],[134.32,-6.86],[134.48,-6.58]],[[134.76,-6.16],[134.76,-5.9],[134.7,-5.54],[134.5,-5.44],[134.36,-5.72],[134.28,-6.08],[134.34,-6.22],[134.6,-6.36],[134.76,-6.16]],[[128.34,-3.52],[128.04,-3.58],[128.12,-3.74],[128.34,-3.52]],[[127.24,-3.48],[127.1,-3.2],[126.72,-3.06],[126.42,-3.08],[126,-3.24],[126.18,-3.6],[126.74,-3.86],[127.24,-3.6],[127.24,-3.48]],[[130.88,-3.58],[130.66,-3.4],[130.58,-3.12],[130.34,-2.98],[130.04,-3],[129.62,-2.8],[129.44,-2.78],[129.12,-2.96],[129.06,-2.8],[128.86,-2.86],[128.18,-2.86],[127.88,-3.2],[128.28,-3.22],[128.48,-3.46],[128.88,-3.2],[129.12,-3.34],[129.48,-3.46],[129.54,-3.3],[129.9,-3.34],[129.98,-3.46],[130.42,-3.64],[130.82,-3.86],[130.88,-3.58]],[[116.64,-8.28],[116.38,-8.2],[116.02,-8.44],[116.06,-8.72],[116,-8.9],[116.5,-8.8],[116.74,-8.4],[116.64,-8.28]],[[119.2,-8.62],[119.08,-8.66],[118.98,-8.3],[118.44,-8.26],[118.24,-8.32],[118.12,-8.12],[117.9,-8.1],[117.7,-8.22],[118,-8.48],[118.06,-8.66],[117.8,-8.72],[117.56,-8.4],[117.36,-8.44],[117.2,-8.36],[116.8,-8.58],[116.76,-9.02],[117,-9.1],[117.34,-9.06],[117.74,-8.9],[117.9,-8.94],[118.3,-8.76],[118.46,-8.86],[118.9,-8.68],[119.16,-8.74],[119.2,-8.62]],[[119.5,-3.48],[119.46,-3.72],[119.58,-3.98],[119.62,-4.32],[119.52,-4.88],[119.36,-5.36],[119.44,-5.52],[119.64,-5.68],[119.92,-5.56],[120.1,-5.6],[120.32,-5.5],[120.38,-5.34],[120.26,-5.14],[120.4,-4.58],[120.36,-3.94],[120.44,-3.72],[120.4,-3.38],[120.24,-2.96],[120.78,-2.62],[121,-2.66],[121.08,-2.92],[121.06,-3.2],[120.88,-3.44],[120.9,-3.54],[121.36,-3.96],[121.62,-4.08],[121.54,-4.24],[121.48,-4.66],[121.7,-4.84],[122,-4.86],[122.1,-4.52],[122.6,-4.4],[122.76,-4.48],[122.9,-4.38],[122.9,-4.2],[122.68,-4.12],[122.62,-3.96],[122.44,-3.74],[122.2,-3.56],[122.34,-3.24],[122.32,-2.92],[122.02,-2.7],[121.82,-2.28],[121.32,-1.92],[121.7,-1.9],[121.8,-1.72],[122.18,-1.62],[122.36,-1.5],[122.82,-0.92],[123.06,-0.88],[123.24,-1.02],[123.38,-1],[123.46,-0.76],[123.24,-0.58],[122.82,-0.62],[122.92,-0.76],[122.2,-0.76],[122.1,-0.92],[121.72,-0.94],[121.5,-0.86],[121.08,-1.42],[120.8,-1.34],[120.68,-1.4],[120.58,-1.1],[120.42,-0.9],[120.24,-0.88],[120.08,-0.66],[120,-0.2],[120.12,0.18],[120.38,0.48],[120.68,0.54],[120.9,0.42],[121.34,0.46],[121.7,0.52],[121.8,0.42],[122.32,0.5],[122.98,0.48],[123.24,0.32],[123.46,0.32],[123.74,0.32],[124.32,0.4],[124.5,0.54],[124.66,0.8],[124.9,0.98],[125.14,1.42],[125.18,1.66],[124.98,1.72],[124.86,1.48],[124.54,1.36],[124.32,1.04],[123.94,0.84],[123.1,0.92],[122.84,0.82],[122.62,0.96],[122.2,1.02],[121.92,1.1],[121.64,1.06],[121.44,1.24],[121.26,1.22],[120.96,1.34],[120.82,1.32],[120.8,1.06],[120.56,0.78],[120.34,0.88],[120.06,0.74],[120.04,0.52],[119.92,0.48],[119.8,0.2],[119.88,0.08],[119.8,-0.1],[119.76,-0.46],[119.86,-0.78],[119.68,-0.74],[119.56,-0.84],[119.46,-1.1],[119.32,-1.22],[119.3,-1.7],[119.36,-1.94],[119.14,-2.2],[119.14,-2.44],[118.76,-2.78],[118.88,-2.86],[118.76,-3.1],[118.92,-3.56],[119.3,-3.42],[119.5,-3.48]],[[122.06,-5.22],[121.86,-5.1],[121.8,-5.26],[121.96,-5.46],[122.06,-5.22]],[[122.78,-4.92],[122.74,-4.64],[122.4,-4.74],[122.32,-4.84],[122.4,-5.06],[122.28,-5.32],[122.54,-5.42],[122.66,-5.32],[122.64,-5.08],[122.78,-4.92]],[[123.14,-5.22],[122.98,-5.08],[123.04,-4.76],[123.2,-4.62],[123.02,-4.4],[122.9,-4.48],[122.76,-5.2],[122.56,-5.5],[122.64,-5.66],[122.82,-5.68],[122.98,-5.4],[123.14,-5.22]],[[130.38,-1.88],[130.36,-1.74],[130.02,-1.76],[129.74,-1.86],[130.12,-2.06],[130.38,-2.02],[130.38,-1.88]],[[131.06,-1],[130.92,-0.9],[130.68,-0.96],[130.74,-1.22],[130.98,-1.34],[131.06,-1]],[[131.3,-0.24],[131.16,-0.08],[130.82,0],[130.36,-0.12],[130.32,-0.26],[130.68,-0.34],[130.7,-0.08],[130.96,-0.34],[131.3,-0.24]],[[123.5,-1.26],[123.2,-1.16],[122.9,-1.18],[122.82,-1.44],[122.88,-1.58],[123.1,-1.34],[123.18,-1.48],[123.52,-1.44],[123.5,-1.26]],[[126.32,-1.82],[126,-1.78],[125.7,-1.82],[125.4,-1.78],[125.44,-1.94],[126.28,-1.86],[126.32,-1.82]],[[125.32,-1.78],[124.64,-1.64],[124.38,-1.66],[124.34,-1.82],[124.4,-2],[124.86,-1.9],[125.02,-1.94],[125.32,-1.78]],[[128.14,-1.6],[127.9,-1.42],[127.62,-1.32],[127.4,-1.5],[127.54,-1.74],[128.06,-1.72],[128.14,-1.6]],[[127.88,-0.76],[127.6,-0.62],[127.68,-0.46],[127.54,-0.3],[127.3,-0.52],[127.46,-0.82],[127.62,-0.76],[127.74,-0.88],[127.88,-0.76]],[[127.66,-0.2],[127.86,-0.36],[128.04,-0.72],[128.22,-0.7],[128.04,-0.42],[127.9,-0.02],[127.88,0.3],[127.96,0.48],[128.26,0.4],[128.7,0.34],[128.68,0.54],[128.32,0.66],[128.32,0.9],[128.7,1.08],[128.72,1.58],[128.46,1.54],[128.18,1.38],[128.2,1.2],[127.94,1],[127.8,0.8],[127.64,1],[127.9,1.16],[128.04,1.54],[128.02,1.72],[127.86,1.82],[128.06,2.14],[127.92,2.18],[127.58,1.76],[127.54,1.48],[127.4,1.22],[127.5,1.06],[127.58,0.42],[127.72,0.28],[127.66,-0.2]],[[128.68,2.48],[128.46,2.6],[128.2,2.26],[128.34,2.04],[128.56,2.1],[128.68,2.48]],[[104.66,1.1],[104.4,1.2],[104.48,0.86],[104.66,0.94],[104.66,1.1]],[[108.4,3.88],[108.4,4],[108.18,4.18],[107.98,4.02],[108.06,3.86],[108.32,3.68],[108.4,3.88]],[[104.54,-0.4],[104.32,-0.36],[104.26,-0.48],[104.52,-0.6],[104.54,-0.4]],[[104.92,-0.24],[104.76,-0.18],[104.62,0],[104.54,-0.28],[104.92,-0.24]],[[103.44,-0.74],[103.38,-0.64],[103.48,-0.38],[103.5,-0.12],[103.8,-0.02],[103.72,0.32],[103.36,0.54],[103.08,0.44],[102.88,0.72],[102.56,0.74],[102.24,0.98],[102.12,1.38],[101.78,1.64],[101.6,1.66],[101.38,1.78],[101.3,2.04],[100.9,2.3],[100.86,2],[100.56,2.16],[100.38,2.36],[100.32,2.56],[100.2,2.7],[100.02,2.74],[99.98,2.94],[99.76,3.18],[98.96,3.68],[98.8,3.72],[98.68,3.92],[98.3,4.08],[98.26,4.28],[98.28,4.42],[98.06,4.56],[97.9,4.88],[97.5,5.26],[97.26,5.16],[96.98,5.28],[96.66,5.22],[96.12,5.28],[95.88,5.52],[95.42,5.64],[95.2,5.54],[95.42,4.82],[96.02,4.22],[96.2,4.12],[96.44,3.82],[96.76,3.74],[97.02,3.52],[97.28,3.22],[97.42,2.92],[97.6,2.86],[97.66,2.42],[97.74,2.28],[98.1,2.18],[98.54,1.94],[98.82,1.62],[98.74,1.52],[98.92,1.12],[99.16,0.26],[99.32,0.24],[99.74,-0.02],[99.82,-0.3],[100,-0.46],[100.3,-0.82],[100.42,-1.04],[100.4,-1.26],[100.58,-1.44],[100.88,-2.04],[100.84,-2.14],[101.02,-2.48],[101.32,-2.74],[101.64,-3.26],[102.22,-3.64],[102.32,-4],[102.7,-4.28],[102.92,-4.5],[103.18,-4.62],[103.4,-4.82],[103.6,-4.92],[103.92,-5.14],[103.9,-5.22],[104.3,-5.64],[104.54,-5.84],[104.68,-5.8],[104.54,-5.56],[104.62,-5.5],[105.12,-5.78],[105.32,-5.46],[105.6,-5.8],[105.78,-5.82],[105.9,-4.46],[105.82,-4.16],[105.96,-3.84],[105.82,-3.68],[105.92,-3.36],[106.06,-3.26],[106.02,-2.96],[105.8,-2.86],[105.78,-2.7],[105.6,-2.56],[105.62,-2.4],[104.88,-2.28],[104.88,-2.08],[104.66,-2.04],[104.54,-1.74],[104.46,-1.54],[104.38,-1.04],[104.22,-1.08],[103.96,-0.98],[103.84,-1.04],[103.44,-0.74]],[[103.04,0.8],[102.56,1.12],[102.5,0.98],[102.4,0.88],[102.56,0.78],[103.04,0.8]],[[102.48,1.24],[102.3,1.4],[102.24,1.1],[102.34,0.96],[102.46,0.96],[102.48,1.24]],[[101.72,2.06],[101.44,2.06],[101.46,1.76],[101.72,1.78],[101.72,2.06]],[[126.88,4.34],[126.74,4.54],[126.66,4.04],[126.8,4.04],[126.88,4.34]],[[100.4,-3.18],[100.46,-3.02],[100.26,-2.8],[100.18,-2.96],[100.4,-3.18]],[[100.2,-2.7],[99.98,-2.48],[100,-2.82],[100.2,-2.7]],[[99.28,-1.64],[99.2,-1.58],[98.88,-0.92],[98.66,-0.96],[98.6,-1.2],[98.88,-1.68],[99.1,-1.8],[99.28,-1.64]],[[97.92,1],[97.7,1.18],[97.48,1.48],[97.34,1.54],[97.24,1.28],[97.38,0.96],[97.62,0.82],[97.7,0.58],[97.88,0.64],[97.92,1]],[[96.48,2.42],[95.88,2.92],[95.7,2.78],[95.94,2.6],[96.06,2.58],[96.3,2.38],[96.48,2.42]],[[116.3,-3.72],[116.26,-3.4],[116.12,-3.32],[116.02,-3.66],[116.12,-4.04],[116.3,-3.88],[116.3,-3.72]],[[115.62,-8.28],[115.5,-8.18],[115.22,-8.06],[115.02,-8.18],[114.7,-8.14],[114.46,-8.22],[114.64,-8.4],[114.92,-8.46],[115.26,-8.72],[115.6,-8.5],[115.62,-8.28]],[[108.3,-2.84],[108.06,-2.6],[107.68,-2.56],[107.58,-3.02],[107.76,-3.2],[108.18,-3.14],[108.3,-2.84]],[[106.76,-2.56],[106.36,-2.46],[106.26,-2.36],[106.18,-1.88],[105.88,-1.48],[105.46,-1.56],[105.38,-1.82],[105.16,-1.94],[105.3,-2.14],[105.6,-2.12],[105.8,-2.18],[105.82,-2.4],[105.98,-2.82],[106.44,-2.98],[106.62,-2.94],[106.76,-2.56]]]}},{"type":"Feature","properties":{"iso":"IE"},"geometry":{"type":"LineString","coordinates":[[-7.24,55.06],[-6.94,55.24],[-7.34,55.38],[-7.82,55.2],[-8.26,55.16],[-8.5,54.86],[-8.8,54.7],[-8.3,54.48],[-8.38,54.46],[-9.14,54.16],[-9.2,54.26],[-9.78,54.34],[-9.98,54.22],[-9.84,53.96],[-9.9,53.76],[-9.7,53.6],[-10.16,53.54],[-10.02,53.38],[-9.52,53.22],[-9.12,53.26],[-8.94,53.26],[-9,53.14],[-9.28,53.14],[-9.44,52.96],[-9.56,52.64],[-9.28,52.6],[-8.76,52.68],[-9.36,52.58],[-9.68,52.56],[-9.84,52.26],[-10.28,52.26],[-10.26,51.98],[-10.12,51.74],[-9.86,51.76],[-9.8,51.44],[-9.42,51.56],[-9.1,51.54],[-8.54,51.64],[-8.4,51.88],[-8.38,51.9],[-8.14,51.8],[-7.86,51.98],[-7.44,52.12],[-7.02,52.14],[-7,52.26],[-7,52.28],[-6.36,52.18],[-6.44,52.36],[-6.2,52.54],[-6.16,52.74],[-6,52.96],[-6.08,53.2],[-6.18,53.32],[-6.14,53.38],[-6.2,53.64],[-6.24,53.72],[-6.38,53.92],[-6.26,54.1],[-6.6,54.04],[-6.64,54.18],[-6.88,54.32],[-7.18,54.34],[-7.32,54.12],[-7.84,54.2],[-7.94,54.3],[-8.16,54.46],[-7.7,54.6],[-7.42,54.94],[-7.24,55.06]]}},{"type":"Feature","properties":{"iso":"IL"},"geometry":{"type":"LineString","coordinates":[[34.24,31.22],[34.82,29.74],[34.88,29.5],[34.96,29.56],[35.14,30.16],[35.14,30.44],[35.26,30.72],[35.34,30.92],[35.44,31.1],[35.46,31.44],[35.46,31.5],[35.22,31.38],[34.92,31.34],[34.96,31.6],[35,31.86],[34.96,32.18],[35.04,32.38],[35.22,32.54],[35.56,32.38],[35.56,32.64],[35.76,32.74],[35.88,32.94],[35.8,33.24],[35.82,33.4],[35.48,33.08],[35.28,33.1],[35.1,33.08],[35.08,32.9],[34.94,32.82],[34.86,32.4],[34.8,32.2],[34.74,32.02],[34.66,31.88],[34.48,31.58],[34.24,31.22]]}},{"type":"Feature","properties":{"iso":"IM"},"geometry":{"type":"LineString","coordinates":[[-4.62,54.06],[-4.32,54.28],[-4.44,54.4],[-4.72,54.22],[-4.62,54.06]]}},{"type":"Feature","properties":{"iso":"IN"},"geometry":{"type":"MultiLineString","coordinates":[[[77.8,35.5],[77.04,35.12],[76.92,34.92],[76.56,34.72],[76.02,34.68],[75.78,34.5],[75.34,34.56],[75.22,34.64],[75.02,34.62],[74.28,34.76],[73.96,34.66],[73.78,34.38],[74,34.2],[73.94,34],[74.04,33.82],[73.98,33.64],[74.14,33.54],[74,33.18],[74.32,32.98],[74.32,32.82],[74.64,32.72],[74.72,32.46],[75.02,32.46],[75.3,32.34],[75.3,32.14],[74.82,32.02],[74.48,31.72],[74.62,31.44],[74.5,31.18],[74.6,31.06],[74.32,30.9],[74.16,30.66],[73.86,30.38],[73.94,30.2],[73.74,30.04],[73.38,29.92],[73.24,29.54],[72.9,29.02],[72.38,28.78],[72.14,28.36],[71.9,28.1],[71.86,27.96],[71.32,27.86],[70.84,27.7],[70.46,28.04],[70.18,27.9],[70.02,27.6],[69.58,27.18],[69.46,26.8],[69.82,26.58],[70.16,26.54],[70.06,25.98],[70.26,25.7],[70.66,25.64],[70.64,25.44],[70.86,25.14],[71.06,24.7],[70.92,24.36],[70.76,24.24],[70.56,24.42],[70.1,24.3],[69.98,24.16],[69.68,24.18],[69.56,24.28],[68.98,24.26],[68.72,24.28],[68.72,23.96],[68.44,23.96],[68.18,23.84],[68.16,23.76],[68.56,23.26],[68.86,23.02],[69.24,22.84],[69.72,22.74],[69.84,22.86],[70.4,22.94],[70.18,22.56],[69.96,22.54],[69.62,22.36],[69.36,22.32],[68.98,22.4],[69,22.2],[69.2,21.98],[69.82,21.44],[70.06,21.16],[70.54,20.8],[70.98,20.7],[71,20.74],[71.46,20.88],[72.1,21.2],[72.3,21.66],[72.16,21.8],[72.32,22.18],[72.56,22.28],[72.54,21.72],[72.8,21.68],[72.62,21.48],[72.6,21.26],[72.94,20.78],[72.84,20.46],[72.82,20.38],[72.7,20.08],[72.66,19.84],[72.82,19.06],[72.86,18.76],[72.98,18.3],[72.98,18.08],[73.12,17.72],[73.24,17.3],[73.32,16.5],[73.44,16.06],[73.7,15.72],[73.88,15.44],[73.92,15.08],[74.1,14.88],[74.26,14.7],[74.4,14.42],[74.5,14.02],[74.62,13.84],[74.86,12.76],[75.22,12.02],[75.3,12.04],[75.32,11.9],[75.54,11.7],[75.84,11.1],[75.92,10.76],[76.18,10.18],[76.36,9.92],[76.32,9.5],[76.54,8.92],[77,8.36],[77.12,8.28],[77.32,8.12],[77.52,8.08],[78.06,8.38],[78.18,8.86],[78.44,9.12],[78.96,9.28],[78.92,9.48],[78.98,9.66],[79.28,10.04],[79.24,10.16],[79.4,10.32],[79.76,10.26],[79.86,10.38],[79.84,10.8],[79.84,10.98],[79.82,11.4],[79.76,11.58],[79.82,11.84],[79.84,11.96],[80.16,12.48],[80.22,12.68],[80.34,13.34],[80.26,13.46],[80.28,13.52],[80.12,14.24],[80.2,14.56],[80.06,15.02],[80.1,15.3],[80.26,15.68],[80.46,15.84],[80.7,15.9],[81,15.84],[81.16,15.98],[81.32,16.36],[81.76,16.32],[82.3,16.58],[82.36,16.82],[82.3,17.04],[82.48,17.2],[83.24,17.6],[83.62,18.04],[84.08,18.28],[84.42,18.64],[84.78,19.12],[85.18,19.48],[85.22,19.74],[85.46,19.9],[85.54,19.7],[86.26,19.92],[86.5,20.18],[86.7,20.28],[86.74,20.46],[87,20.66],[86.84,21.08],[86.92,21.32],[87.2,21.56],[87.48,21.62],[87.7,21.66],[87.98,21.84],[88.2,21.8],[88.4,21.6],[88.76,21.56],[88.88,21.68],[89.08,21.62],[89,21.92],[89.06,22.12],[88.84,22.96],[88.96,23.18],[88.68,23.3],[88.72,23.46],[88.54,23.64],[88.72,23.92],[88.74,24.18],[88.14,24.5],[88.02,24.64],[88.2,24.94],[88.32,24.88],[88.44,25.18],[88.9,25.16],[88.98,25.3],[88.78,25.5],[88.54,25.5],[88.42,25.66],[88.08,25.9],[88.16,26.14],[88.5,26.38],[88.66,26.42],[88.8,26.24],[89.04,26.38],[89.14,26.14],[89.36,26],[89.6,26.06],[89.66,26.18],[89.84,25.9],[89.8,25.44],[89.8,25.4],[89.9,25.3],[90.36,25.14],[90.94,25.16],[91.24,25.2],[91.48,25.14],[92,25.18],[92.38,25],[92.26,24.9],[92.14,24.54],[92.1,24.4],[91.6,24.1],[91.3,24],[91.14,23.62],[91.3,23.14],[91.46,23.18],[91.54,22.98],[91.8,23.08],[91.74,23.28],[92,23.64],[92.26,23.7],[92.36,23.28],[92.38,22.9],[92.5,22.7],[92.58,21.98],[92.7,22.14],[92.86,22.02],[93.16,22.24],[93.08,22.78],[93.38,23.12],[93.44,23.64],[93.3,24.04],[93.62,24],[94.12,23.86],[94.28,24.32],[94.7,25.02],[94.56,25.24],[94.66,25.44],[95,25.74],[95,25.92],[95.14,26.02],[95.04,26.48],[95.24,26.64],[95.4,26.7],[96.14,27.26],[96.76,27.34],[96.86,27.18],[97.06,27.1],[96.9,27.4],[96.88,27.62],[97.22,27.9],[97.32,28.22],[97.12,28.36],[96.94,28.34],[96.72,28.44],[96.34,28.48],[96.6,28.7],[96.46,29],[96.14,29.36],[95.74,29.34],[95.52,29.2],[95.48,29.06],[95.22,29.06],[94.78,29.16],[94.64,29.32],[94.28,29.1],[94.26,28.94],[94,28.84],[93.86,28.7],[93.44,28.68],[93.18,28.44],[92.66,28.1],[92.58,27.84],[92.24,27.86],[92.06,27.76],[91.62,27.86],[91.6,27.54],[91.72,27.46],[91.98,27.48],[92.08,27.3],[92,27.18],[92.08,26.92],[91.52,26.8],[91.02,26.78],[90.94,26.78],[90.58,26.78],[90.38,26.9],[90.08,26.74],[89.86,26.72],[89.76,26.7],[89.36,26.84],[89.18,26.82],[88.96,26.92],[88.74,27.14],[88.88,27.28],[88.9,27.32],[88.74,27.54],[88.86,27.84],[88.82,28],[88.62,28.1],[88.12,27.86],[88,27.24],[87.98,27.1],[88.16,26.74],[88.08,26.54],[87.64,26.4],[87.32,26.36],[86.94,26.52],[86.72,26.42],[86.28,26.62],[86.14,26.6],[85.82,26.58],[85.6,26.86],[85.36,26.76],[85.2,26.76],[84.8,27.02],[84.64,27.02],[84.58,27.32],[84.28,27.38],[84.08,27.5],[83.92,27.44],[83.86,27.34],[83.6,27.46],[83.14,27.44],[82.76,27.5],[82.68,27.7],[82.4,27.68],[82.06,27.9],[81.86,27.86],[81.3,28.12],[81.2,28.34],[81.04,28.38],[80.54,28.68],[80.34,28.62],[80.08,28.82],[80.04,28.92],[80.28,29.26],[80.22,29.42],[80.38,29.6],[80.36,29.76],[80.58,29.94],[81,30.2],[80.72,30.4],[80.26,30.56],[79.84,30.96],[79.52,30.96],[79.4,31.04],[79.24,31.32],[79.08,31.46],[78.9,31.28],[78.74,31.34],[78.82,31.6],[78.68,31.78],[78.74,31.96],[78.46,32.22],[78.38,32.52],[78.64,32.58],[78.94,32.34],[79.12,32.48],[79.44,32.54],[79.62,32.72],[79.42,32.98],[79.46,33.26],[79.1,33.28],[78.82,33.46],[78.74,34.08],[78.98,34.22],[78.96,34.34],[78.6,34.54],[78.28,34.66],[78,35.26],[78.06,35.46],[77.8,35.5]],[[73.04,8.26],[73.02,8.26],[73.04,8.24],[73.04,8.26]],[[93.92,7.02],[93.82,7.24],[93.68,7.18],[93.82,6.8],[93.92,7.02]],[[92.58,10.78],[92.38,10.78],[92.4,10.58],[92.58,10.58],[92.58,10.78]],[[93.06,13.28],[92.84,13.34],[92.8,12.86],[92.74,12.8],[92.72,12.36],[92.54,11.9],[92.64,11.58],[92.8,11.86],[92.76,12.08],[92.9,12.22],[93,12.52],[92.96,12.86],[93.06,13.28]]]}},{"type":"Feature","properties":{"iso":"IO"},"geometry":{"type":"LineString","coordinates":[[72.46,-7.38],[72.44,-7.42],[72.44,-7.34],[72.44,-7.32],[72.38,-7.28],[72.38,-7.3],[72.42,-7.32],[72.44,-7.34],[72.42,-7.4],[72.44,-7.44],[72.48,-7.4],[72.46,-7.38]]}},{"type":"Feature","properties":{"iso":"IQ"},"geometry":{"type":"LineString","coordinates":[[43.36,37.3],[42.78,37.38],[42.56,37.14],[42.36,37.1],[42.38,37.06],[41.84,36.62],[41.42,36.52],[41.28,36.36],[41.24,36.04],[41.34,35.86],[41.3,35.56],[41.2,35.16],[41.2,34.76],[40.98,34.42],[40.7,34.34],[40.18,34.08],[38.78,33.38],[39.06,32.5],[39.14,32.12],[40.42,31.92],[42.08,31.08],[42.78,30.56],[43.82,29.82],[44.7,29.2],[46.36,29.06],[46.42,29.08],[46.54,29.1],[46.56,29.12],[46.86,29.44],[47.12,29.96],[47.36,30.1],[47.68,30.1],[47.94,30],[48.2,30.02],[48.54,29.96],[48.4,30.22],[48.02,30.46],[48.02,30.98],[47.68,31],[47.68,31.24],[47.68,31.4],[47.84,31.76],[47.58,32.1],[47.34,32.46],[47.06,32.5],[46.6,32.82],[46.28,32.96],[46.1,32.96],[46.16,33.26],[45.96,33.5],[45.72,33.64],[45.42,34],[45.54,34.12],[45.44,34.36],[45.5,34.6],[45.8,34.9],[46.12,35.28],[45.96,35.5],[46.06,35.86],[45.82,35.8],[45.5,36],[45.34,36.08],[45.24,36.4],[45,36.52],[45.04,36.68],[44.84,36.8],[44.88,37.02],[44.76,37.14],[44.58,37.16],[44.24,36.98],[44.22,37.26],[44.06,37.32],[43.9,37.22],[43.36,37.3]]}},{"type":"Feature","properties":{"iso":"IR"},"geometry":{"type":"LineString","coordinates":[[44.8,39.64],[44.56,39.76],[44.46,39.64],[44.4,39.44],[44.04,39.34],[44.18,39.14],[44.28,38.84],[44.28,38.38],[44.42,38.38],[44.2,37.9],[44.6,37.72],[44.56,37.44],[44.8,37.3],[44.76,37.14],[44.88,37.02],[44.84,36.8],[45.04,36.68],[45,36.52],[45.24,36.4],[45.34,36.08],[45.5,36],[45.82,35.8],[46.06,35.86],[45.96,35.5],[46.12,35.28],[45.8,34.9],[45.5,34.6],[45.44,34.36],[45.54,34.12],[45.42,34],[45.72,33.64],[45.96,33.5],[46.16,33.26],[46.1,32.96],[46.28,32.96],[46.6,32.82],[47.06,32.5],[47.34,32.46],[47.58,32.1],[47.84,31.76],[47.68,31.4],[47.68,31.24],[47.68,31],[48.02,30.98],[48.02,30.46],[48.4,30.22],[48.54,29.96],[48.94,30.08],[48.86,30.34],[49.24,30.16],[49.48,30.16],[49.6,30.04],[50.06,30.2],[50.14,29.94],[50.4,29.66],[50.66,29.44],[50.64,29.14],[50.92,29.06],[50.82,28.92],[51.06,28.74],[51.14,28.4],[51.38,28],[51.58,27.84],[52.02,27.84],[52.56,27.54],[52.68,27.32],[53.08,27.1],[53.42,27],[53.72,26.7],[54.3,26.72],[54.38,26.6],[54.8,26.5],[55.28,26.8],[55.56,26.82],[55.68,27],[55.94,27.02],[56.12,27.16],[56.36,27.2],[56.8,27.14],[56.98,26.96],[57.1,26.62],[57.16,26.1],[57.32,25.78],[57.96,25.7],[58.08,25.56],[58.54,25.6],[58.82,25.56],[59,25.42],[59.26,25.44],[59.9,25.32],[60.36,25.34],[60.54,25.44],[60.64,25.28],[61.04,25.2],[61.42,25.06],[61.58,25.2],[61.66,25.76],[61.76,25.84],[61.86,26.24],[62.24,26.36],[62.3,26.5],[62.76,26.64],[63.14,26.62],[63.26,26.9],[63.26,27.22],[62.8,27.22],[62.82,27.5],[62.74,28],[62.76,28.22],[62.58,28.22],[62.36,28.42],[61.9,28.54],[61.66,28.76],[61.28,29.4],[60.84,29.86],[61.78,30.84],[61.82,31.04],[61.74,31.3],[61.6,31.38],[61.12,31.44],[60.82,31.5],[60.78,32.02],[60.84,32.24],[60.58,33],[60.56,33.16],[60.92,33.52],[60.52,33.64],[60.48,34.08],[60.72,34.54],[60.94,34.64],[61.06,34.82],[61.1,35.28],[61.26,35.62],[61.22,36.12],[61.08,36.64],[60.34,36.64],[60.02,37.02],[59.5,37.18],[59.36,37.5],[58.86,37.66],[58.38,37.64],[58.18,37.78],[57.74,37.9],[57.36,37.96],[57.14,38.26],[56.44,38.26],[56.16,38.08],[55.7,38.12],[55.42,38.08],[54.86,37.76],[54.78,37.52],[54.18,37.32],[53.92,37.34],[54.02,36.82],[53.7,36.82],[53.5,36.88],[51.9,36.58],[51.08,36.74],[50.58,36.98],[50.32,37.16],[50.14,37.4],[49.44,37.5],[49.02,37.74],[48.9,38.08],[48.88,38.44],[48.62,38.4],[48.54,38.46],[48.22,38.72],[48.06,38.94],[48.3,39.02],[48.12,39.3],[48.32,39.38],[47.96,39.7],[47.78,39.66],[47.62,39.58],[47.26,39.36],[47.02,39.18],[46.86,39.16],[46.52,38.88],[46.14,38.86],[45.76,38.94],[45.54,38.96],[45.5,38.98],[45.12,39.3],[45.06,39.38],[44.82,39.64],[44.8,39.64]]}},{"type":"Feature","properties":{"iso":"IS"},"geometry":{"type":"LineString","coordinates":[[-17.38,63.78],[-16.9,63.8],[-16,64.14],[-15,64.26],[-14.52,64.44],[-14.5,64.66],[-14.04,64.72],[-13.52,65.06],[-13.68,65.3],[-13.6,65.52],[-14.4,65.74],[-14.62,65.98],[-15.08,66.04],[-14.96,66.3],[-15.78,66.28],[-16.02,66.54],[-16.54,66.5],[-16.48,66.18],[-17.42,66],[-17.92,66.16],[-19.08,66.16],[-19.5,65.98],[-20.04,66.08],[-20.44,66.02],[-20.26,65.74],[-20.92,65.6],[-21.1,65.44],[-21.08,65.16],[-21.36,65.48],[-21.32,65.98],[-22.22,66.28],[-22.38,66.44],[-22.86,66.46],[-23.8,66.08],[-24.2,65.5],[-23.9,65.4],[-22.92,65.58],[-22.2,65.44],[-21.7,65.46],[-22.5,65.24],[-22.68,65],[-24.06,64.9],[-23.84,64.72],[-23.24,64.84],[-22.32,64.76],[-22.4,64.64],[-21.96,64.3],[-21.42,64.38],[-21.88,64.28],[-22.12,64.04],[-22.68,63.94],[-22.72,63.82],[-21.94,63.84],[-21.16,63.88],[-20.18,63.54],[-18.74,63.4],[-17.96,63.52],[-17.86,63.74],[-17.38,63.78]]}},{"type":"Feature","properties":{"iso":"IT"},"geometry":{"type":"MultiLineString","coordinates":[[[7.02,45.92],[6.78,45.76],[7.08,45.46],[7.06,45.22],[6.62,45.12],[6.72,44.92],[7.04,44.72],[6.94,44.66],[6.88,44.36],[7.38,44.12],[7.68,44.1],[7.5,43.8],[7.96,43.86],[8.14,43.94],[8.24,44.1],[8.64,44.38],[8.82,44.42],[9.24,44.36],[9.52,44.22],[10.02,44.04],[10.14,43.98],[10.26,43.82],[10.3,43.58],[10.7,42.94],[10.74,42.8],[11,42.72],[11.46,42.38],[11.74,42.16],[12.14,41.9],[12.24,41.74],[12.62,41.46],[12.78,41.42],[13.04,41.22],[13.32,41.3],[13.74,41.24],[14.02,40.94],[14.3,40.84],[14.48,40.62],[14.76,40.68],[15,40.4],[14.92,40.24],[15.42,40],[15.64,40.04],[15.74,39.92],[15.86,39.56],[16,39.44],[16.1,39.06],[16.22,38.82],[15.84,38.66],[15.92,38.5],[15.66,38.24],[15.66,37.96],[16.1,37.94],[16.16,38.14],[16.58,38.46],[16.54,38.72],[16.9,38.92],[17.12,38.92],[17.12,39.34],[17.02,39.48],[16.52,39.68],[16.64,40.12],[16.86,40.4],[17.04,40.52],[17.52,40.3],[17.76,40.3],[17.92,40.26],[18,39.98],[18.38,39.82],[18.52,40.12],[18.3,40.4],[18.1,40.52],[18,40.66],[17.4,40.9],[17.06,41.08],[16.54,41.24],[15.98,41.46],[15.9,41.58],[16.2,41.8],[16.02,41.94],[15.44,41.9],[15.14,41.94],[14.76,42.08],[14.26,42.44],[14.16,42.54],[13.9,42.9],[13.86,43.06],[13.74,43.3],[13.64,43.48],[13.62,43.56],[13.18,43.76],[12.76,43.98],[12.46,44.16],[12.38,44.22],[12.26,44.62],[12.4,44.8],[12.52,44.94],[12.32,45.16],[12.2,45.28],[12.14,45.3],[12.28,45.46],[12.48,45.46],[13.1,45.66],[13.42,45.72],[13.58,45.78],[13.72,45.6],[13.86,45.6],[13.9,45.64],[13.7,45.78],[13.58,45.8],[13.58,45.82],[13.6,45.92],[13.62,45.94],[13.6,45.98],[13.46,46],[13.52,46.08],[13.64,46.18],[13.62,46.18],[13.4,46.3],[13.68,46.46],[13.7,46.52],[12.74,46.64],[12.68,46.66],[12.46,46.68],[12.26,46.78],[12.2,47.06],[12.14,47.08],[11.74,46.98],[11.32,46.98],[11,46.76],[10.46,46.86],[10.46,46.54],[10.1,46.6],[10.14,46.42],[9.68,46.3],[9.26,46.48],[9.22,46.24],[9.16,46.18],[8.9,45.82],[8.72,46.1],[8.42,46.26],[8.38,46.46],[8.08,46.26],[8.12,46.12],[7.84,45.94],[7.54,45.98],[7.18,45.88],[7.02,45.92]],[[12.5,43.96],[12.5,43.94],[12.48,43.92],[12.46,43.9],[12.44,43.9],[12.42,43.9],[12.38,43.92],[12.42,43.96],[12.5,43.96]],[[12.98,38.04],[12.72,38.12],[12.5,38.02],[12.42,37.8],[12.7,37.56],[12.9,37.58],[13.18,37.48],[13.46,37.3],[13.9,37.1],[14.04,37.12],[14.34,37],[14.48,36.8],[15,36.7],[15.32,37.02],[15.1,37.36],[15.26,37.8],[15.58,38.24],[14.9,38.18],[14.52,38.04],[14.18,38.02],[13.8,37.98],[13.32,38.22],[12.98,38.04]],[[8.4,39.44],[8.38,39.24],[8.62,38.96],[8.84,38.88],[9.02,39],[9.08,39.22],[9.56,39.14],[9.64,39.54],[9.74,40.08],[9.62,40.22],[9.82,40.52],[9.74,40.66],[9.58,40.9],[9.54,41.12],[9.24,41.26],[8.82,40.94],[8.52,40.82],[8.32,40.86],[8.14,40.72],[8.4,40.42],[8.5,40.1],[8.4,39.9],[8.54,39.7],[8.4,39.44]]]}},{"type":"Feature","properties":{"iso":"JE"},"geometry":{"type":"LineString","coordinates":[[-2.08,49.26],[-2.24,49.24],[-2.16,49.18],[-2.02,49.18],[-2.08,49.26]]}},{"type":"Feature","properties":{"iso":"JM"},"geometry":{"type":"LineString","coordinates":[[-77.08,18.42],[-77.46,18.48],[-77.74,18.5],[-78,18.44],[-78.24,18.44],[-78.34,18.3],[-78.08,18.2],[-77.96,18.06],[-77.72,17.86],[-77.56,17.86],[-77.4,17.86],[-77.22,17.72],[-77.14,17.88],[-76.96,17.84],[-76.84,18],[-76.82,17.98],[-76.72,17.96],[-76.66,17.92],[-76.3,17.88],[-76.26,18],[-76.36,18.16],[-76.7,18.26],[-76.9,18.4],[-77.08,18.42]]}},{"type":"Feature","properties":{"iso":"JO"},"geometry":{"type":"LineString","coordinates":[[35.76,32.74],[35.56,32.64],[35.56,32.38],[35.56,32.2],[35.56,31.76],[35.5,31.68],[35.46,31.5],[35.46,31.44],[35.44,31.1],[35.34,30.92],[35.26,30.72],[35.14,30.44],[35.14,30.16],[34.96,29.56],[34.94,29.36],[35.74,29.24],[36.06,29.2],[36.48,29.5],[36.76,29.86],[37.48,30],[37.64,30.32],[37.98,30.5],[37.22,31.24],[37,31.5],[37.76,31.7],[37.98,31.76],[38.96,32],[39.14,32.12],[39.06,32.5],[38.78,33.38],[38.32,33.14],[37.5,32.7],[36.82,32.32],[36.52,32.36],[36.08,32.52],[35.76,32.74]]}},{"type":"Feature","properties":{"iso":"JP"},"geometry":{"type":"MultiLineString","coordinates":[[[130.34,32.16],[130.18,32.1],[130.18,31.8],[130.34,31.62],[130.22,31.24],[130.92,31.12],[131.16,31.48],[131.34,31.4],[131.48,31.76],[131.44,31.88],[131.68,32.54],[131.88,32.74],[131.98,32.88],[131.88,33.2],[131.72,33.28],[131.72,33.58],[131.52,33.68],[131.2,33.62],[131.08,33.64],[131,33.9],[130.68,33.94],[130.46,33.8],[130.4,33.6],[130.04,33.46],[129.82,33.34],[129.64,32.98],[129.9,32.66],[130.2,32.94],[130.34,33.14],[130.42,32.98],[130.6,32.82],[130.64,32.6],[130.34,32.16]],[[134.3,33.54],[134.74,33.82],[134.44,34.2],[134.16,34.38],[133.94,34.38],[133.68,34.22],[133.6,34.02],[133.12,33.94],[132.92,34.06],[132.76,34],[132.68,33.72],[132.38,33.46],[132.54,33.24],[132.48,32.94],[132.64,32.9],[132.92,32.78],[133.02,33.02],[133.26,33.22],[133.26,33.34],[133.74,33.54],[133.92,33.5],[134.2,33.24],[134.3,33.54]],[[133.26,35.54],[132.64,35.44],[132.64,35.3],[132.4,35.18],[131.86,34.72],[131.68,34.68],[131.42,34.42],[131.08,34.42],[130.88,34.28],[130.86,34.12],[131.28,33.92],[131.74,34.06],[132.06,33.9],[132.22,33.98],[132.24,34.18],[132.38,34.36],[132.66,34.2],[132.84,34.32],[133.16,34.3],[133.44,34.48],[133.98,34.52],[134.3,34.7],[134.74,34.76],[134.96,34.64],[135.42,34.7],[135.32,34.42],[135.08,34.3],[135.18,34.14],[135.06,33.88],[135.4,33.72],[135.44,33.56],[135.76,33.48],[136,33.68],[136.1,33.9],[136.28,33.98],[136.3,34.16],[136.52,34.28],[136.84,34.3],[136.92,34.44],[136.52,34.68],[136.76,35.02],[136.92,34.78],[137.3,34.8],[137.46,34.68],[137.8,34.64],[138.22,34.72],[138.56,35.1],[138.8,35.12],[138.74,34.72],[138.84,34.6],[139.14,34.88],[139.1,35.12],[139.14,35.24],[139.52,35.3],[139.78,35.52],[139.86,35.64],[140.08,35.6],[139.82,35.32],[139.86,35.02],[140.4,35.2],[140.48,35.56],[140.86,35.74],[140.64,36.02],[140.56,36.28],[140.8,36.84],[140.96,36.96],[141.04,37.38],[141.02,37.72],[140.94,37.88],[140.96,38.18],[141.1,38.38],[141.48,38.44],[141.54,38.78],[141.64,38.96],[141.9,39.1],[141.9,39.34],[142.06,39.54],[141.94,40],[141.68,40.46],[141.52,40.54],[141.4,40.82],[141.4,41.16],[141.28,41.36],[140.9,41.5],[140.8,41.12],[141.28,41.18],[141.18,40.92],[140.68,40.9],[140.64,41.18],[140.34,41.24],[140.28,40.82],[140.04,40.76],[139.86,40.6],[139.94,40.42],[139.98,40.12],[139.82,39.96],[140.02,39.82],[140.04,39.5],[139.88,39.12],[139.78,38.82],[139.54,38.54],[139.44,38.16],[139.3,38.04],[138.86,37.82],[138.56,37.38],[138.24,37.18],[137.62,36.98],[137.34,36.76],[137,36.84],[137.04,36.96],[137.1,37.28],[137.3,37.54],[136.74,37.36],[136.68,37.14],[136.76,36.88],[136.44,36.44],[136.22,36.28],[135.96,35.98],[136.1,35.78],[135.98,35.64],[135.56,35.5],[135.48,35.54],[135.26,35.56],[135.22,35.78],[134.86,35.66],[134.54,35.68],[134.36,35.6],[133.74,35.5],[133.26,35.54]],[[145.76,43.38],[145.32,43.28],[145.08,43.76],[145.2,44.2],[144.84,43.94],[144.44,43.94],[144.22,44.12],[143.78,44.1],[142.98,44.58],[142.54,45.02],[141.96,45.52],[141.7,45.4],[141.58,45.16],[141.72,44.96],[141.8,44.6],[141.66,44.28],[141.64,43.94],[141.34,43.72],[141.44,43.36],[141.16,43.14],[140.8,43.2],[140.48,43.38],[140.34,43.22],[140.52,43.02],[140.26,42.76],[139.88,42.66],[139.78,42.24],[140.14,41.98],[139.98,41.56],[140.2,41.4],[140.4,41.52],[140.64,41.82],[140.96,41.72],[140.98,41.92],[140.72,42.14],[140.54,42.1],[140.3,42.26],[140.38,42.5],[140.74,42.56],[141.02,42.32],[141.42,42.56],[141.72,42.62],[142.16,42.46],[142.46,42.28],[142.96,42.1],[143.26,41.94],[143.34,42.32],[143.64,42.66],[144.04,42.92],[144.32,43],[144.74,42.92],[145.12,43.12],[145.52,43.18],[145.76,43.38]],[[128.34,26.8],[128.22,26.8],[127.94,26.54],[127.74,26.44],[127.78,26.24],[127.94,26.44],[128.34,26.8]]]}},{"type":"Feature","properties":{"iso":"KE"},"geometry":{"type":"LineString","coordinates":[[35.92,4.62],[35.62,4.62],[35.58,4.9],[35.24,4.98],[34.66,4.76],[34.38,4.62],[33.98,4.22],[34.06,4],[34.28,3.7],[34.44,3.66],[34.38,3.46],[34.44,3.18],[34.54,3.1],[34.74,2.86],[34.92,2.48],[34.92,2.22],[34.98,1.68],[34.78,1.38],[34.8,1.24],[34.56,1.1],[34.5,1.1],[34.46,1],[34.3,0.74],[34.14,0.56],[33.96,0.2],[33.96,-0.12],[33.9,-0.66],[33.9,-1],[34.06,-1.04],[34.72,-1.42],[35.24,-1.7],[36.06,-2.16],[37.42,-2.92],[37.64,-3.04],[37.68,-3.2],[37.6,-3.4],[37.78,-3.66],[38.42,-4.12],[39.2,-4.68],[39.36,-4.64],[39.56,-4.4],[39.78,-3.92],[39.84,-3.62],[39.96,-3.4],[40.12,-3.26],[40.22,-3],[40.18,-2.76],[40.38,-2.56],[40.62,-2.56],[40.82,-2.38],[40.9,-2.08],[41.3,-1.96],[41.54,-1.7],[41.54,-1.68],[41.52,-1.58],[40.98,-0.88],[40.96,0],[40.96,1.24],[40.96,2.82],[41.34,3.2],[41.88,3.98],[41.12,3.96],[40.76,4.28],[39.84,3.86],[39.54,3.4],[39.3,3.5],[39.1,3.52],[38.9,3.52],[38.5,3.62],[38.1,3.62],[37.98,3.72],[37.12,4.28],[36.84,4.44],[36.64,4.44],[36.04,4.44],[35.92,4.62]]}},{"type":"Feature","properties":{"iso":"KG"},"geometry":{"type":"LineString","coordinates":[[80.22,42.18],[79.92,42.42],[79.48,42.46],[79.04,42.76],[78.5,42.88],[77.22,42.9],[76.96,42.98],[76.4,42.88],[75.8,42.94],[75.64,42.8],[75.18,42.84],[74.72,43],[74.26,43.22],[73.64,43.06],[73.5,42.9],[73.42,42.58],[73.5,42.42],[72.72,42.66],[71.84,42.84],[71.4,42.8],[71,42.56],[70.88,42.34],[70.94,42.24],[71.24,42.2],[70.16,41.58],[70.48,41.4],[70.76,41.26],[71.28,41.12],[71.58,41.32],[71.88,41.2],[72.16,41.16],[72.2,41],[72.48,41.02],[72.62,40.88],[73.14,40.84],[72.58,40.5],[72.22,40.46],[72.02,40.26],[71.68,40.14],[71.36,40.3],[70.96,40.24],[70.62,40],[69.96,40.22],[69.32,39.98],[69.22,39.76],[69.28,39.54],[69.66,39.58],[70.2,39.52],[70.46,39.6],[70.66,39.5],[70.74,39.38],[71.5,39.58],[72.04,39.36],[72.22,39.18],[72.32,39.32],[72.66,39.4],[73.16,39.36],[73.64,39.44],[73.92,39.6],[73.82,39.8],[74,40.06],[74.36,40.1],[74.7,40.34],[74.84,40.5],[75.2,40.44],[75.56,40.64],[75.68,40.3],[75.92,40.3],[76.24,40.44],[76.44,40.42],[76.86,41.02],[77.48,40.98],[77.86,41.06],[78.08,41.04],[78.24,41.18],[78.36,41.38],[79.3,41.78],[79.74,41.88],[79.84,42],[80.18,42.02],[80.22,42.18]]}},{"type":"Feature","properties":{"iso":"KH"},"geometry":{"type":"LineString","coordinates":[[107.52,14.7],[107.42,14.54],[107.22,14.5],[106.94,14.32],[106.62,14.46],[106.34,14.44],[105.96,14.34],[106.14,14.08],[106.04,13.92],[105.9,13.92],[105.74,14.08],[105.54,14.16],[105.34,14.1],[105.18,14.34],[105.04,14.22],[104.92,14.4],[104.78,14.44],[104.46,14.36],[104.04,14.36],[103.56,14.42],[103.24,14.34],[103.02,14.24],[102.92,14.16],[102.7,13.76],[102.52,13.56],[102.32,13.48],[102.32,13.28],[102.5,13],[102.5,12.74],[102.5,12.66],[102.76,12.42],[102.7,12.18],[102.76,12.04],[102.92,11.64],[103.12,11.46],[103.1,10.94],[103.4,10.88],[103.48,11.14],[103.66,11.02],[103.68,10.74],[103.5,10.64],[103.62,10.5],[103.92,10.62],[104.26,10.56],[104.42,10.46],[104.46,10.42],[104.7,10.52],[104.72,10.52],[104.86,10.54],[105.06,10.74],[105.04,10.92],[105.2,10.9],[105.52,10.96],[105.62,10.98],[105.76,11.02],[105.86,10.84],[106.16,10.78],[106.18,10.98],[105.84,11.3],[105.8,11.58],[105.82,11.64],[106.02,11.78],[106.44,11.68],[106.4,11.96],[106.7,11.98],[106.8,12.06],[106.98,12.1],[107.22,12.32],[107.42,12.26],[107.56,12.48],[107.54,12.72],[107.46,13.02],[107.56,13.26],[107.58,13.3],[107.6,13.54],[107.44,13.78],[107.44,13.92],[107.32,14.12],[107.38,14.42],[107.52,14.7]]}},{"type":"Feature","properties":{"iso":"KI"},"geometry":{"type":"MultiLineString","coordinates":[[[-157.2,1.76],[-157.38,1.9],[-157.44,1.8],[-157.2,1.76]],[[-155.9,-5.62],[-155.9,-5.64],[-155.86,-5.64],[-155.88,-5.6],[-155.9,-5.62]]]}},{"type":"Feature","properties":{"iso":"KM"},"geometry":{"type":"MultiLineString","coordinates":[[[43.78,-12.3],[43.62,-12.26],[43.68,-12.36],[43.78,-12.3]],[[44.52,-12.24],[44.48,-12.08],[44.34,-12.24],[44.52,-12.36],[44.52,-12.24]],[[43.46,-11.82],[43.28,-11.38],[43.26,-11.82],[43.46,-11.82]]]}},{"type":"Feature","properties":{"iso":"KN"},"geometry":{"type":"MultiLineString","coordinates":[[[-62.62,17.14],[-62.62,17.12],[-62.56,17.1],[-62.54,17.14],[-62.62,17.18],[-62.62,17.14]],[[-62.82,17.42],[-62.86,17.38],[-62.84,17.34],[-62.78,17.3],[-62.72,17.3],[-62.68,17.3],[-62.7,17.34],[-62.74,17.36],[-62.76,17.38],[-62.82,17.42]]]}},{"type":"Feature","properties":{"iso":"KP"},"geometry":{"type":"LineString","coordinates":[[128.36,38.62],[128.02,38.86],[127.76,39.1],[127.46,39.16],[127.44,39.4],[127.58,39.6],[127.52,39.74],[127.88,39.9],[128,40.04],[128.3,40.04],[128.66,40.2],[128.66,40.32],[129.08,40.48],[129.16,40.56],[129.24,40.7],[129.72,40.84],[129.72,41.12],[129.8,41.36],[129.7,41.64],[130.2,42.18],[130.48,42.34],[130.7,42.3],[130.54,42.54],[130.46,42.54],[130.24,42.74],[130.24,42.9],[129.88,43],[129.7,42.44],[129.24,42.38],[129.22,42.22],[128.88,42.04],[128.04,42],[128.04,41.88],[128.3,41.58],[128.18,41.4],[127.94,41.48],[127.64,41.42],[127.26,41.5],[127,41.76],[126.62,41.66],[126.5,41.44],[126,40.9],[125.7,40.86],[125.42,40.66],[124.9,40.48],[124.36,40.1],[124.44,39.84],[124.68,39.62],[124.86,39.72],[125.28,39.52],[125.46,39.58],[125.44,39.3],[125.28,39.16],[125.14,38.8],[125.26,38.7],[125.52,38.72],[125.64,38.66],[125.64,38.62],[125.46,38.7],[125.06,38.56],[124.88,38.36],[125.02,37.9],[125.3,37.9],[125.34,37.74],[125.6,37.8],[125.8,37.98],[126.06,37.8],[126.4,37.88],[126.66,37.82],[126.94,38.18],[126.96,38.22],[127.16,38.3],[128.04,38.3],[128.36,38.62]]}},{"type":"Feature","properties":{"iso":"KR"},"geometry":{"type":"MultiLineString","coordinates":[[[128.36,38.62],[128.04,38.3],[127.16,38.3],[126.96,38.22],[126.94,38.18],[126.66,37.82],[126.54,37.76],[126.6,37.54],[126.6,37.44],[126.72,37.38],[126.76,37.04],[126.96,36.9],[126.56,37],[126.34,36.82],[126.7,36],[126.82,36.04],[126.52,35.58],[126.44,35.38],[126.36,35.18],[126.4,34.84],[126.28,34.64],[126.5,34.5],[126.8,34.46],[127.02,34.62],[127.32,34.44],[127.5,34.62],[127.38,34.76],[127.52,34.88],[127.74,34.74],[127.8,34.96],[128.02,35],[128.44,34.84],[128.52,35.1],[128.96,35.14],[129.2,35.16],[129.26,35.32],[129.46,35.62],[129.54,35.94],[129.38,36.2],[129.42,36.62],[129.48,36.78],[129.34,37.28],[129.06,37.68],[128.64,38.14],[128.36,38.62]],[[126.94,33.48],[126.8,33.56],[126.32,33.46],[126.28,33.2],[126.84,33.32],[126.94,33.48]]]}},{"type":"Feature","properties":{"iso":"KW"},"geometry":{"type":"MultiLineString","coordinates":[[[47.94,30],[47.68,30.1],[47.36,30.1],[47.12,29.96],[46.86,29.44],[46.56,29.12],[46.54,29.1],[47.44,28.98],[47.66,28.54],[48.44,28.54],[48.16,29.02],[48.1,29.22],[48.1,29.32],[48,29.36],[47.86,29.32],[48.02,29.78],[47.94,30]],[[48.36,29.7],[48.16,29.88],[48.04,29.8],[48.22,29.6],[48.36,29.7]]]}},{"type":"Feature","properties":{"iso":"KY"},"geometry":{"type":"LineString","coordinates":[[-81.14,19.36],[-81.28,19.36],[-81.3,19.3],[-81.14,19.3],[-81.14,19.36]]}},{"type":"Feature","properties":{"iso":"KZ"},"geometry":{"type":"MultiLineString","coordinates":[[[87.32,49.08],[87.22,49.22],[86.9,49.36],[86.78,49.7],[86.62,49.8],[86.12,49.52],[85.38,49.62],[85.26,49.58],[84.98,50.08],[84.24,50.26],[84.08,50.64],[83.82,50.86],[83.44,51],[83.1,51],[82.98,50.88],[82.08,50.72],[81.76,50.78],[81.46,50.74],[81.4,50.96],[81.14,51.14],[80.68,51.3],[80.48,51.2],[80.44,50.96],[80,50.78],[79.3,51.68],[78.48,52.64],[77.78,53.32],[77.62,53.44],[76.52,53.96],[76.76,54.36],[75.7,54.12],[75.02,53.8],[74.22,53.6],[73.88,53.64],[73.46,53.44],[73.22,53.66],[73.48,53.88],[72.66,54.04],[72.16,54.36],[72.06,54.22],[71.7,54.14],[71.18,54.1],[71.18,54.72],[71,54.78],[70.98,55.08],[70.66,55.3],[70.46,55.28],[70.2,55.14],[69.68,55.34],[68.74,55.36],[68.6,55.2],[68.26,55.2],[68.16,54.96],[67.62,54.86],[66.44,54.72],[66.1,54.64],[65.48,54.64],[64.92,54.4],[63.98,54.3],[63.32,54.16],[62.56,54.02],[61.2,54.02],[61.2,53.82],[61,53.64],[61.28,53.54],[61.2,53.28],[62.06,53.12],[62.1,53],[61.58,52.96],[61.2,53.02],[60.7,52.74],[61.04,52.34],[60.68,52.14],[60.02,52],[60.46,51.8],[60.52,51.62],[60.94,51.62],[61.02,51.48],[61.48,51.42],[61.64,51.26],[61.52,51.16],[61.38,50.78],[60.72,50.66],[60.3,50.68],[60.02,50.86],[59.78,50.54],[59.44,50.64],[58.92,50.68],[58.66,50.78],[58.6,51.02],[57.76,51.12],[57.74,50.94],[57.36,50.88],[57.16,51.1],[56.5,51.06],[56.08,50.72],[55.66,50.54],[55.3,50.66],[54.64,51.02],[54.68,50.6],[54.54,50.54],[54.38,50.62],[54.48,50.86],[54.18,50.96],[53.94,51.18],[53.68,51.22],[53.62,51.38],[53.16,51.52],[52.5,51.48],[52.34,51.76],[51.86,51.68],[51.62,51.52],[51.38,51.62],[50.76,51.76],[50.32,51.3],[49.78,51.1],[49.42,51.1],[49.36,50.82],[48.68,50.58],[48.7,50.34],[48.88,50.02],[48.42,49.82],[48.24,49.86],[48,50.18],[47.62,50.44],[47.44,50.38],[47.3,50.28],[47.3,50.04],[46.9,49.82],[46.78,49.34],[47.02,49.1],[46.76,48.92],[46.62,48.66],[46.48,48.42],[47.12,48.24],[47.06,47.98],[47.18,47.78],[47.44,47.84],[48.04,47.76],[48.52,47.42],[48.7,47.1],[49,46.76],[48.46,46.66],[49.22,46.32],[49.46,46.56],[49.82,46.54],[50.16,46.74],[50.6,46.86],[50.86,47.04],[51.18,47.12],[51.5,47.06],[51.76,46.92],[52.24,46.8],[52.46,47],[52.92,46.96],[53.18,46.72],[53.08,46.44],[53.16,46.34],[53.08,46.02],[52.86,45.76],[52.56,45.4],[51.4,45.34],[51.24,45.1],[50.98,44.98],[50.98,44.84],[51.32,44.6],[51.14,44.48],[50.84,44.64],[50.3,44.66],[50.24,44.4],[50.84,44.18],[51.14,43.64],[51.32,43.44],[51.26,43.18],[51.66,43.2],[51.94,42.84],[52.16,42.88],[52.58,42.8],[52.74,42.66],[52.4,42.1],[52.44,41.74],[52.98,42.12],[53.42,42.26],[54.04,42.34],[54.74,42.04],[55.42,41.3],[55.98,41.32],[55.98,42.7],[55.98,43.62],[55.98,45],[56.7,45.16],[58.54,45.56],[59.06,45.32],[61.04,44.38],[61.16,44.16],[62.02,43.48],[63.2,43.62],[64.42,43.54],[64.96,43.7],[65.28,43.42],[65.52,43.3],[65.8,42.88],[66.1,43],[66.02,42.38],[66.02,42],[66.5,42],[66.68,41.2],[66.76,41.16],[67.94,41.2],[68.14,41.02],[68.06,40.78],[68.26,40.66],[68.62,40.66],[68.64,40.96],[69.04,41.22],[69.04,41.38],[69.62,41.66],[69.88,41.7],[70.32,42.04],[70.62,42.02],[70.74,42.2],[70.94,42.24],[70.88,42.34],[71,42.56],[71.4,42.8],[71.84,42.84],[72.72,42.66],[73.5,42.42],[73.42,42.58],[73.5,42.9],[73.64,43.06],[74.26,43.22],[74.72,43],[75.18,42.84],[75.64,42.8],[75.8,42.94],[76.4,42.88],[76.96,42.98],[77.22,42.9],[78.5,42.88],[79.04,42.76],[79.48,42.46],[79.92,42.42],[80.22,42.18],[80.14,42.62],[80.22,42.8],[80.48,42.86],[80.36,43.02],[80.78,43.12],[80.72,43.46],[80.34,44.1],[80.38,44.68],[80.06,45.02],[80.86,45.12],[81.74,45.34],[81.96,45.14],[82.3,45.22],[82.58,45.18],[82.62,45.44],[82.3,45.56],[82.48,45.9],[82.84,46.74],[83.16,47.22],[83.9,46.98],[84.66,46.98],[84.92,46.86],[85.2,47.04],[85.5,47.06],[85.68,47.38],[85.52,47.92],[85.78,48.4],[86.2,48.42],[86.56,48.52],[86.74,48.7],[86.72,49],[86.88,49.1],[87.32,49.08]],[[63.38,45.56],[62.9,45.74],[62.82,45.9],[62.9,46.2],[63.22,46.38],[63.76,46.3],[63.96,46.06],[63.86,45.74],[63.38,45.56]]]}},{"type":"Feature","properties":{"iso":"LA"},"geometry":{"type":"LineString","coordinates":[[102.12,22.4],[101.66,22.44],[101.52,22.22],[101.6,21.96],[101.76,21.8],[101.72,21.3],[101.82,21.22],[101.76,21.16],[101.5,21.24],[101.2,21.24],[101.16,21.56],[101,21.4],[100.72,21.32],[100.6,20.84],[100.38,20.84],[100.22,20.7],[100.1,20.32],[100.36,20.36],[100.54,20.06],[100.4,19.8],[100.4,19.72],[100.58,19.5],[100.74,19.48],[100.88,19.62],[101.12,19.56],[101.2,19.46],[101.24,18.68],[101.08,18.38],[101.16,18.06],[101,17.9],[100.96,17.7],[100.94,17.56],[101.14,17.46],[101.54,17.82],[101.9,18.04],[102.06,18.2],[102.1,18.22],[102.6,17.86],[102.94,18],[103.08,18.14],[103.3,18.3],[103.4,18.44],[104,18.32],[104.2,18.02],[104.28,17.86],[104.48,17.64],[104.82,17.38],[104.74,16.94],[104.76,16.82],[104.76,16.52],[104.98,16.3],[105.1,16.1],[105.42,16],[105.44,15.76],[105.66,15.64],[105.6,15.42],[105.44,15.14],[105.58,14.98],[105.48,14.78],[105.52,14.6],[105.42,14.42],[105.18,14.34],[105.34,14.1],[105.54,14.16],[105.74,14.08],[105.9,13.92],[106.04,13.92],[106.14,14.08],[105.96,14.34],[106.34,14.44],[106.62,14.46],[106.94,14.32],[107.22,14.5],[107.42,14.54],[107.52,14.7],[107.5,15.04],[107.66,15.2],[107.58,15.4],[107.36,15.5],[107.16,15.76],[107.44,16.06],[107.14,16.18],[107.06,16.3],[106.76,16.42],[106.54,16.68],[106.54,16.96],[106.4,17.02],[106.18,17.26],[105.74,17.66],[105.6,17.96],[105.26,18.24],[105.08,18.46],[105.16,18.62],[105.12,18.7],[104.72,18.8],[104.26,19.1],[103.86,19.32],[104.08,19.48],[104.2,19.7],[104.5,19.6],[104.8,19.8],[104.94,20],[104.96,20.1],[104.54,20.54],[104.62,20.64],[104.3,20.88],[104.06,20.96],[103.78,20.84],[103.66,20.66],[103.38,20.8],[103.22,20.82],[102.92,21.14],[102.9,21.5],[102.94,21.74],[102.66,21.66],[102.6,21.9],[102.22,22.22],[102.12,22.4]]}},{"type":"Feature","properties":{"iso":"LB"},"geometry":{"type":"LineString","coordinates":[[35.28,33.1],[35.48,33.08],[35.82,33.4],[35.84,33.42],[35.88,33.44],[36.06,33.82],[36.26,33.92],[36.6,34.2],[36.32,34.5],[36.12,34.62],[35.96,34.64],[35.64,34.22],[35.54,33.9],[35.48,33.9],[35.48,33.86],[35.38,33.58],[35.1,33.08],[35.28,33.1]]}},{"type":"Feature","properties":{"iso":"LC"},"geometry":{"type":"LineString","coordinates":[[-60.9,14.08],[-60.98,14.04],[-61.02,13.98],[-61.06,13.9],[-61.06,13.8],[-61.02,13.76],[-60.96,13.74],[-60.92,13.78],[-60.9,13.84],[-60.9,13.9],[-60.88,13.98],[-60.9,14.08]]}},{"type":"Feature","properties":{"iso":"LI"},"geometry":{"type":"MultiLineString","coordinates":[[[9.52,47.12],[9.5,47.1],[9.48,47.06],[9.54,47.06],[9.58,47.06],[9.6,47.08],[9.62,47.12]],[[9.52,47.12],[9.5,47.16],[9.48,47.2],[9.5,47.22],[9.52,47.26],[9.54,47.26],[9.54,47.24],[9.56,47.22],[9.56,47.2],[9.56,47.18],[9.56,47.16],[9.6,47.12]]]}},{"type":"Feature","properties":{"iso":"LK"},"geometry":{"type":"LineString","coordinates":[[81.42,8.26],[81.36,8.48],[80.98,8.98],[80.92,8.98],[80.84,9.24],[80.62,9.46],[80.44,9.58],[80.3,9.68],[80.26,9.62],[80.46,9.52],[80.62,9.44],[80.28,9.5],[80.06,9.4],[80.1,9.2],[79.94,8.94],[79.92,8.58],[79.76,8],[79.82,7.28],[79.84,6.96],[79.9,6.72],[79.98,6.44],[80.18,6.04],[80.38,5.96],[80.72,5.98],[81.36,6.22],[81.72,6.52],[81.9,7.02],[81.88,7.32],[81.78,7.46],[81.7,7.76],[81.44,8.12],[81.42,8.26]]}},{"type":"Feature","properties":{"iso":"LR"},"geometry":{"type":"LineString","coordinates":[[-11.48,6.92],[-11.36,6.7],[-11.08,6.6],[-10.8,6.4],[-10.64,6.22],[-10.36,6.16],[-10.04,5.9],[-9.74,5.58],[-9.42,5.28],[-9.02,4.98],[-8.7,4.82],[-8.26,4.58],[-7.84,4.46],[-7.54,4.36],[-7.6,4.82],[-7.58,5.06],[-7.4,5.36],[-7.4,5.52],[-7.42,5.62],[-7.56,5.84],[-7.8,5.98],[-7.94,6.28],[-8.18,6.28],[-8.62,6.5],[-8.44,6.66],[-8.28,7.02],[-8.48,7.56],[-8.56,7.68],[-8.72,7.62],[-8.86,7.28],[-9.1,7.2],[-9.24,7.38],[-9.48,7.38],[-9.36,7.62],[-9.36,7.76],[-9.42,8.02],[-9.58,8.38],[-9.88,8.5],[-10.28,8.48],[-10.36,8.14],[-10.62,8.02],[-10.62,7.76],[-10.86,7.54],[-11.14,7.34],[-11.38,7.14],[-11.48,6.92]]}},{"type":"Feature","properties":{"iso":"LS"},"geometry":{"type":"LineString","coordinates":[[28.86,-28.78],[28.82,-28.76],[28.66,-28.6],[28.22,-28.7],[28.02,-28.86],[27.74,-28.9],[27.64,-29.1],[27.52,-29.28],[27.3,-29.52],[27.02,-29.62],[27.18,-29.92],[27.38,-30.32],[27.54,-30.4],[27.74,-30.6],[28.06,-30.64],[28.36,-30.18],[28.64,-30.14],[29.02,-29.98],[29.12,-29.76],[29.28,-29.52],[29.44,-29.34],[29.32,-29.08],[28.98,-28.9],[28.86,-28.78]]}},{"type":"Feature","properties":{"iso":"LT"},"geometry":{"type":"LineString","coordinates":[[26.6,55.66],[26.22,55.8],[25.96,55.96],[25.8,56.04],[25.64,56.14],[25.34,56.16],[25.08,56.2],[24.88,56.44],[24.58,56.3],[24.14,56.26],[23.98,56.32],[23.88,56.34],[23.38,56.36],[23.18,56.36],[22.86,56.4],[22.58,56.38],[21.98,56.38],[21.96,56.38],[21.74,56.32],[21.48,56.26],[21.06,56.08],[21.08,55.74],[21.26,55.24],[22.1,55.02],[22.26,55.06],[22.58,55.06],[22.8,54.9],[22.68,54.46],[22.76,54.36],[22.82,54.4],[23.34,54.22],[23.48,53.94],[24.2,53.96],[24.38,53.88],[24.82,54.02],[24.86,54.14],[25.52,54.34],[25.78,54.86],[26.18,55],[26.3,55.14],[26.74,55.24],[26.44,55.34],[26.6,55.66]]}},{"type":"Feature","properties":{"iso":"LU"},"geometry":{"type":"LineString","coordinates":[[6.12,50.12],[6.02,50.16],[5.72,49.88],[5.86,49.7],[5.8,49.54],[5.92,49.48],[6.26,49.48],[6.34,49.46],[6.34,49.52],[6.5,49.8],[6.3,49.84],[6.12,50.12]]}},{"type":"Feature","properties":{"iso":"LV"},"geometry":{"type":"LineString","coordinates":[[25.42,58],[25.1,58.06],[25.04,58.04],[24.82,57.98],[24.58,57.94],[24.3,57.86],[24.4,57.4],[24.4,57.34],[24.34,57.2],[24.12,57.08],[23.92,57],[23.58,56.98],[23.26,57.12],[23.16,57.32],[23.04,57.4],[23,57.42],[22.58,57.66],[22.2,57.66],[21.62,57.48],[21.52,57.38],[21.32,56.98],[21.06,56.84],[21.04,56.66],[21.02,56.62],[21.06,56.52],[21.06,56.5],[21.04,56.48],[21,56.44],[20.98,56.26],[21.06,56.08],[21.48,56.26],[21.74,56.32],[21.96,56.38],[21.98,56.38],[22.58,56.38],[22.86,56.4],[23.18,56.36],[23.38,56.36],[23.88,56.34],[23.98,56.32],[24.14,56.26],[24.58,56.3],[24.88,56.44],[25.08,56.2],[25.34,56.16],[25.64,56.14],[25.8,56.04],[25.96,55.96],[26.22,55.8],[26.6,55.66],[26.98,55.82],[27.6,55.8],[27.76,55.98],[28.06,56.14],[28.14,56.14],[28.16,56.42],[28.1,56.5],[27.86,56.74],[27.64,56.84],[27.74,57.04],[27.7,57.36],[27.36,57.52],[26.8,57.58],[26.44,57.56],[26.36,57.58],[25.7,57.92],[25.56,57.94],[25.42,58]]}},{"type":"Feature","properties":{"iso":"LY"},"geometry":{"type":"LineString","coordinates":[[11.18,32.26],[10.88,32.14],[10.6,31.96],[10.52,31.76],[10.26,31.68],[10.1,31.42],[10.28,30.92],[10.2,30.74],[9.88,30.36],[9.52,30.22],[9.36,30.02],[9.66,29.6],[9.82,29.12],[9.82,28.62],[9.78,28.26],[9.94,27.82],[9.72,27.3],[9.82,26.92],[9.92,26.84],[9.84,26.5],[9.48,26.36],[9.4,26.12],[9.96,25.4],[10.04,24.86],[10.26,24.58],[10.46,24.48],[10.72,24.56],[11.46,24.32],[11.72,24],[11.96,23.52],[13.48,23.18],[14.24,22.62],[14.98,23],[15.98,23.44],[17.44,22.72],[18.92,22],[19.18,21.86],[20.9,21.02],[22.26,20.36],[23.98,19.5],[23.98,20],[24.98,20],[24.98,22],[24.98,23.74],[24.98,24.62],[24.98,26.08],[24.98,27.04],[24.98,27.66],[24.98,28.1],[24.98,29.18],[24.88,29.46],[24.82,29.9],[24.68,30.14],[24.9,30.5],[25,30.78],[24.86,31.14],[24.86,31.38],[25.16,31.66],[24.98,31.96],[24.1,32],[23.66,32.18],[23.26,32.22],[23.1,32.32],[23.08,32.64],[22.52,32.8],[22.14,32.94],[21.98,32.92],[21.6,32.94],[21.36,32.78],[21.1,32.78],[20.58,32.56],[20.08,32.18],[19.94,31.96],[19.92,31.72],[20.14,31.22],[20.04,30.82],[19.74,30.52],[19.34,30.3],[19.06,30.26],[18.78,30.38],[18.66,30.42],[18.18,30.78],[17.36,31.08],[16.72,31.22],[16.14,31.26],[15.76,31.38],[15.5,31.66],[15.38,31.92],[15.38,32.16],[15.2,32.38],[14.76,32.44],[14.46,32.52],[14.18,32.72],[13.96,32.76],[13.58,32.8],[13.36,32.9],[13.1,32.88],[12.58,32.82],[12.34,32.84],[11.84,33.08],[11.5,33.18],[11.44,32.64],[11.52,32.42],[11.18,32.26]]}},{"type":"Feature","properties":{"iso":"MA"},"geometry":{"type":"LineString","coordinates":[[-12.06,26],[-11.72,26.1],[-11.64,26.3],[-11.34,26.64],[-11.4,26.88],[-10.92,27],[-10.56,27],[-10.26,26.86],[-10.04,26.92],[-9.74,26.86],[-9.42,27.08],[-9,27.08],[-8.76,27.2],[-8.82,27.66],[-8.68,27.66],[-8.68,28.66],[-8.38,28.9],[-7.62,29.38],[-7.34,29.38],[-7.14,29.5],[-6.78,29.44],[-6.34,29.58],[-6,29.58],[-5.76,29.62],[-5.54,29.52],[-5.18,29.98],[-4.78,30.22],[-4.38,30.5],[-3.84,30.62],[-3.64,30.72],[-3.56,30.96],[-3.82,31.22],[-3.68,31.38],[-3.66,31.64],[-3.16,31.74],[-2.82,31.8],[-2.94,32.04],[-2.52,32.14],[-1.24,32.08],[-1.28,32.22],[-1.04,32.52],[-1.42,32.74],[-1.56,32.94],[-1.5,33.06],[-1.68,33.24],[-1.62,33.52],[-1.72,33.9],[-1.68,34.1],[-1.88,34.6],[-1.78,34.76],[-2.2,35],[-2.22,35.08],[-2.56,35.1],[-2.9,35.18],[-2.92,35.28],[-2.94,35.26],[-2.96,35.32],[-2.94,35.32],[-3.42,35.2],[-3.68,35.28],[-3.82,35.2],[-3.96,35.26],[-4.5,35.18],[-4.78,35.24],[-5.24,35.58],[-5.34,35.84],[-5.4,35.92],[-5.6,35.82],[-5.92,35.78],[-6.24,35],[-6.56,34.42],[-6.72,34.18],[-7.12,33.84],[-7.34,33.74],[-7.88,33.5],[-8.02,33.46],[-8.24,33.4],[-8.62,33.12],[-8.86,32.88],[-9.26,32.58],[-9.28,32.22],[-9.46,31.94],[-9.66,31.74],[-9.84,31.4],[-9.82,30.96],[-9.88,30.68],[-9.62,30.4],[-9.66,30.12],[-9.82,29.84],[-10.4,29.16],[-10.58,29],[-11.04,28.76],[-11.48,28.32],[-11.78,28.22],[-12.06,28.08],[-12.96,27.92],[-13.18,27.68],[-13.4,27.18],[-13.5,26.86],[-13.62,26.68],[-13.92,26.5],[-14.16,26.44],[-14.42,26.26],[-14.52,25.92],[-14.78,25.44],[-14.84,25.22],[-14.84,24.92],[-15.02,24.6],[-15.18,24.5],[-15.62,24.02],[-16.28,22.9],[-16.36,22.58],[-16.52,22.32],[-16.7,22.28],[-16.96,21.78],[-17.02,21.42],[-16.72,21.46],[-15.74,21.5],[-15.46,21.46],[-14.84,21.46],[-14.66,21.6],[-14.62,21.86],[-14.22,22.3],[-14.16,22.76],[-14.02,23.42],[-13.76,23.8],[-13.32,23.98],[-13.06,24.4],[-12.94,24.5],[-12.44,24.84],[-12.32,25.12],[-12.06,26]]}},{"type":"Feature","properties":{"iso":"MC"},"geometry":{"type":"LineString","coordinates":[[7.44,43.74],[7.4,43.76],[7.36,43.72],[7.44,43.74]]}},{"type":"Feature","properties":{"iso":"MD"},"geometry":{"type":"LineString","coordinates":[[26.62,48.26],[27.04,48.12],[27.18,47.94],[27.28,47.76],[27.42,47.58],[27.44,47.58],[27.58,47.36],[28.04,47.02],[28.1,46.92],[28.12,46.84],[28.24,46.64],[28.22,46.4],[28.12,46.1],[28.1,46.1],[28.2,45.46],[28.28,45.52],[28.5,45.56],[28.56,45.74],[28.94,46],[28.98,46.22],[29.06,46.5],[29.18,46.54],[29.46,46.48],[29.6,46.36],[30.08,46.38],[29.9,46.56],[29.94,46.8],[29.56,46.96],[29.56,47.32],[29.38,47.3],[29.14,47.48],[29.24,47.76],[29.12,47.98],[28.94,47.94],[28.86,48],[28.5,48.1],[28,48.32],[27.88,48.38],[27.5,48.48],[27.26,48.38],[26.84,48.4],[26.62,48.26]]}},{"type":"Feature","properties":{"iso":"ME"},"geometry":{"type":"LineString","coordinates":[[18.5,42.42],[18.66,42.46],[18.68,42.48],[18.64,42.42],[18.66,42.38],[18.7,42.36],[18.78,42.28],[18.98,42.18],[19.14,42.02],[19.36,41.86],[19.36,42.1],[19.28,42.2],[19.66,42.64],[19.74,42.58],[19.82,42.46],[20.06,42.54],[20.1,42.66],[20.04,42.7],[20.06,42.76],[20.32,42.82],[20.34,42.82],[20.12,42.98],[20.06,43.02],[19.54,43.22],[19.2,43.54],[18.92,43.5],[19.02,43.3],[18.98,43.28],[18.66,43.24],[18.62,43.12],[18.46,43],[18.54,42.62],[18.5,42.6],[18.44,42.56],[18.5,42.42]]}},{"type":"Feature","properties":{"iso":"MF"},"geometry":{"type":"LineString","coordinates":[[-63.02,18.04],[-63.02,18.12],[-63.1,18.06],[-63.02,18.04]]}},{"type":"Feature","properties":{"iso":"MG"},"geometry":{"type":"LineString","coordinates":[[47.14,-15.44],[46.98,-15.2],[46.88,-15.22],[46.34,-15.64],[46.02,-15.8],[45.7,-15.78],[45.64,-15.94],[45.26,-15.92],[44.88,-16.2],[44.46,-16.18],[44.4,-16.38],[44.44,-16.7],[43.94,-17.46],[44.04,-17.76],[44,-17.94],[44.04,-18.42],[44.26,-18.8],[44.28,-19.14],[44.46,-19.42],[44.38,-19.78],[44.48,-19.92],[44.26,-20.38],[44.12,-20.5],[43.9,-20.88],[43.82,-21.22],[43.54,-21.3],[43.48,-21.68],[43.34,-21.76],[43.22,-22.26],[43.36,-22.82],[43.58,-23.08],[43.62,-23.34],[43.76,-23.46],[43.64,-23.64],[43.66,-24.18],[43.7,-24.4],[43.84,-24.5],[44.02,-25],[44.36,-25.26],[44.72,-25.3],[45.14,-25.58],[45.5,-25.58],[46.24,-25.2],[46.66,-25.18],[46.96,-25.06],[47.14,-24.9],[47.42,-24.12],[47.56,-23.86],[47.62,-23.6],[47.84,-22.9],[47.88,-22.6],[47.94,-22.34],[48.2,-21.8],[48.46,-21.02],[48.62,-20.42],[48.82,-19.9],[48.86,-19.68],[49.08,-19.06],[49.36,-18.42],[49.5,-17.72],[49.48,-17.52],[49.42,-17.36],[49.52,-17.04],[49.84,-16.56],[49.84,-16.22],[49.7,-16.12],[49.74,-15.9],[49.64,-15.54],[49.9,-15.42],[50.04,-15.86],[50.14,-15.92],[50.24,-15.96],[50.42,-15.6],[50.5,-15.32],[50.28,-14.88],[50.2,-14.46],[50.14,-13.78],[49.98,-13.34],[49.86,-12.88],[49.64,-12.68],[49.54,-12.38],[49.34,-12.3],[49.32,-12],[48.98,-12.34],[48.86,-12.64],[48.96,-12.82],[48.74,-13.42],[48.42,-13.52],[48.18,-13.74],[48.04,-13.52],[47.88,-13.78],[48.04,-14.06],[47.92,-14.24],[47.7,-14.36],[47.76,-14.6],[47.48,-15.08],[47.3,-14.92],[47.06,-15.22],[47.14,-15.44]]}},{"type":"Feature","properties":{"iso":"MH"},"geometry":{"type":"MultiLineString","coordinates":[[[169.6,5.8],[169.62,5.8],[169.64,5.82],[169.64,5.88],[169.66,5.9],[169.66,5.94],[169.72,5.98],[169.7,5.98],[169.66,5.94],[169.64,5.92],[169.64,5.88],[169.62,5.82],[169.6,5.8]],[[171.4,7.1],[171.22,7.08],[171.26,7.06],[171.3,7.08],[171.36,7.1],[171.4,7.1]]]}},{"type":"Feature","properties":{"iso":"MK"},"geometry":{"type":"LineString","coordinates":[[20.54,41.4],[20.48,41.32],[20.5,41.26],[20.52,41.22],[20.6,41.08],[20.66,41.08],[20.66,41.06],[20.84,40.92],[20.96,40.84],[21.24,40.86],[21.5,40.9],[21.76,40.92],[21.9,41.06],[21.92,41.1],[22.22,41.16],[22.58,41.12],[22.66,41.18],[22.74,41.28],[22.76,41.32],[22.8,41.34],[22.92,41.34],[22.94,41.52],[22.98,41.68],[22.88,41.88],[22.84,42],[22.62,42.08],[22.5,42.14],[22.34,42.32],[22.14,42.32],[22.04,42.3],[21.72,42.26],[21.68,42.24],[21.56,42.24],[21.48,42.24],[21.36,42.22],[21.3,42.1],[21.24,42.1],[21.22,42.1],[21.1,42.2],[21.04,42.16],[20.98,42.14],[20.9,42.12],[20.78,42.08],[20.76,41.94],[20.76,41.92],[20.72,41.86],[20.56,41.88],[20.54,41.84],[20.56,41.8],[20.54,41.58],[20.48,41.46],[20.54,41.4]]}},{"type":"Feature","properties":{"iso":"ML"},"geometry":{"type":"LineString","coordinates":[[-11.9,13.38],[-11.62,13.36],[-11.46,13.08],[-11.38,12.4],[-11.48,12.14],[-11.36,12.04],[-11.18,12.02],[-11.06,12.2],[-10.9,12.2],[-10.72,11.9],[-10.38,12.18],[-10.26,12.22],[-9.88,12.06],[-9.72,12.02],[-9.62,12.18],[-9.3,12.34],[-9.02,12.4],[-8.8,11.92],[-8.72,11.64],[-8.54,11.46],[-8.42,11.4],[-8.5,11.06],[-8.32,11],[-8.3,10.54],[-8.02,10.34],[-7.98,10.16],[-7.82,10.22],[-7.7,10.4],[-7.46,10.42],[-7.34,10.24],[-6.96,10.18],[-6.98,10.34],[-6.66,10.36],[-6.52,10.56],[-6.28,10.72],[-6.2,10.64],[-6.18,10.22],[-6.02,10.18],[-5.8,10.42],[-5.52,10.42],[-5.44,10.84],[-5.5,11.04],[-5.32,11.14],[-5.22,11.42],[-5.3,11.62],[-5.16,11.94],[-4.74,12.04],[-4.66,12.08],[-4.4,12.3],[-4.38,12.54],[-4.46,12.72],[-4.24,12.72],[-4.22,12.94],[-4.36,13.12],[-3.96,13.48],[-3.6,13.2],[-3.48,13.16],[-3.24,13.3],[-3.26,13.66],[-2.94,13.64],[-2.84,14.04],[-2.68,14.14],[-2.46,14.28],[-2.08,14.16],[-1.96,14.48],[-1.7,14.5],[-1.36,14.72],[-1.04,14.82],[-0.78,15.06],[-0.5,15.08],[-0.24,15.06],[0.22,14.92],[0.52,15],[0.68,14.94],[0.98,15],[1.34,15.28],[3,15.34],[3.08,15.42],[3.5,15.36],[3.52,15.5],[3.88,15.72],[4.06,16.3],[4.18,16.42],[4.18,16.8],[4.24,17],[4.24,17.98],[4.24,18.64],[4.22,19.14],[3.8,19.06],[3.36,18.98],[3.1,19.16],[3.26,19.42],[3.22,19.8],[2.94,19.94],[2.4,20.06],[2.18,20.28],[2.06,20.22],[1.78,20.3],[1.64,20.52],[1.14,20.8],[1.14,21.1],[0,21.84],[-0.96,22.48],[-2.52,23.5],[-3.44,24.1],[-4.82,25],[-6.6,25],[-6.5,24.28],[-6.38,23.12],[-6.22,21.82],[-6.12,20.92],[-5.96,19.62],[-5.76,17.74],[-5.62,16.52],[-5.36,16.32],[-5.5,15.5],[-6.32,15.5],[-8.02,15.5],[-9,15.5],[-9.14,15.5],[-10.14,15.38],[-10.58,15.42],[-10.74,15.42],[-10.92,15.1],[-11.4,15.6],[-11.7,15.54],[-11.82,15.3],[-11.84,14.9],[-11.98,14.78],[-12.26,14.78],[-12.16,14.62],[-12.22,14.4],[-12,14.16],[-11.96,13.9],[-12.1,13.7],[-11.9,13.38]]}},{"type":"Feature","properties":{"iso":"MM"},"geometry":{"type":"LineString","coordinates":[[92.64,21.3],[92.32,21.46],[92.18,21.32],[92.26,21.06],[92.38,20.7],[92.66,20.42],[92.84,20.48],[92.9,20.3],[92.78,20.2],[93.14,20],[93.38,20.08],[93.6,19.78],[93.98,19.38],[93.8,19.24],[93.5,19.32],[93.76,18.98],[94.14,18.84],[94.48,18.1],[94.44,17.98],[94.6,17.62],[94.56,17.46],[94.58,17.32],[94.38,16.88],[94.28,16.54],[94.22,16.16],[94.34,16],[94.56,15.96],[94.86,15.78],[95.4,15.72],[95.66,15.94],[95.76,16.14],[95.98,16.22],[96.02,16.38],[96.12,16.32],[96.62,16.52],[96.8,16.74],[96.82,16.9],[96.92,17.06],[96.88,17.46],[97.06,17.26],[97.2,17],[97.26,16.7],[97.4,16.52],[97.7,16.58],[97.74,16.56],[97.62,16.44],[97.58,16],[97.72,15.84],[97.8,15.4],[97.8,14.88],[98.1,14.14],[98.1,13.7],[98.24,13.72],[98.44,13.48],[98.7,12.72],[98.56,12.28],[98.72,11.96],[98.7,11.38],[98.76,11.26],[98.72,10.92],[98.46,10.72],[98.52,10.36],[98.5,10.2],[98.58,10.04],[98.74,10.36],[98.76,10.68],[98.88,10.78],[99.14,11.04],[99.64,11.82],[99.46,12.12],[99.4,12.56],[99.22,12.74],[99.1,13.18],[99.18,13.22],[99.14,13.72],[98.94,14.06],[98.54,14.38],[98.24,14.8],[98.2,15],[98.2,15.22],[98.4,15.36],[98.56,15.36],[98.54,15.68],[98.58,15.98],[98.8,16.12],[98.9,16.36],[98.66,16.3],[98.64,16.46],[98.46,16.72],[98.52,16.86],[98.32,17.06],[97.9,17.56],[97.68,17.88],[97.76,17.96],[97.56,18.32],[97.38,18.54],[97.5,18.5],[97.76,18.58],[97.72,18.86],[97.82,19.12],[97.76,19.4],[97.86,19.58],[98.22,19.7],[98.48,19.7],[99,19.84],[99.02,20.04],[99.3,20.06],[99.5,20.16],[99.5,20.34],[99.76,20.32],[99.94,20.44],[100.1,20.32],[100.22,20.7],[100.38,20.84],[100.6,20.84],[100.72,21.32],[101,21.4],[101.16,21.56],[101.06,21.76],[100.62,21.46],[100.32,21.52],[100.18,21.42],[100.08,21.68],[99.96,21.72],[99.94,22.04],[99.16,22.2],[99.36,22.5],[99.3,22.72],[99.54,22.94],[99.36,23.12],[99.22,23.06],[98.92,23.3],[98.86,23.6],[98.66,23.96],[98.5,24.12],[98.18,24.12],[97.88,24.02],[97.64,23.86],[97.7,24.12],[97.54,24.74],[97.66,24.82],[97.74,25.1],[98.1,25.38],[98.16,25.62],[98.34,25.56],[98.46,25.8],[98.7,25.88],[98.54,26.1],[98.7,26.18],[98.74,26.78],[98.68,27.18],[98.68,27.58],[98.4,27.68],[98.3,27.54],[98.1,27.98],[98.12,28.14],[97.7,28.48],[97.52,28.52],[97.32,28.22],[97.22,27.9],[96.88,27.62],[96.9,27.4],[97.06,27.1],[96.86,27.18],[96.76,27.34],[96.14,27.26],[95.4,26.7],[95.24,26.64],[95.04,26.48],[95.14,26.02],[95,25.92],[95,25.74],[94.66,25.44],[94.56,25.24],[94.7,25.02],[94.28,24.32],[94.12,23.86],[93.62,24],[93.3,24.04],[93.44,23.64],[93.38,23.12],[93.08,22.78],[93.16,22.24],[92.86,22.02],[92.7,22.14],[92.58,21.98],[92.6,21.5],[92.64,21.3]]}},{"type":"Feature","properties":{"iso":"MN"},"geometry":{"type":"LineString","coordinates":[[116.68,49.82],[116.22,50.02],[115.76,49.88],[115.36,49.9],[114.76,50.24],[114.28,50.28],[113.58,50.02],[113.22,49.82],[113.04,49.58],[112.74,49.5],[112.44,49.52],[112.12,49.44],[111.34,49.36],[110.74,49.14],[110.38,49.24],[110.18,49.16],[109.28,49.34],[108.56,49.32],[108.04,49.58],[107.94,49.94],[107.74,49.96],[107.22,50],[106.98,50.2],[106.66,50.32],[106.24,50.3],[105.98,50.4],[105.32,50.48],[104.34,50.28],[104.2,50.18],[103.6,50.14],[102.62,50.4],[102.32,50.54],[102.06,51.38],[101.38,51.46],[100.52,51.72],[100,51.74],[99.68,51.88],[99.32,51.94],[98.94,52.12],[98.62,51.78],[98.34,51.72],[98.06,51.46],[97.8,51],[98.02,50.64],[98.3,50.52],[98.26,50.28],[98.1,50.06],[97.84,49.94],[97.56,49.92],[97.3,49.72],[97.08,49.8],[96.96,49.88],[96.38,49.88],[95.86,50.02],[95.48,49.9],[94.62,50.02],[94.34,50.24],[94.24,50.56],[93.02,50.62],[92.64,50.68],[92.3,50.84],[92.16,50.68],[91.74,50.68],[91.42,50.46],[91.02,50.42],[90.68,50.22],[90.48,50.22],[90,50],[89.64,49.9],[89.68,49.7],[89.26,49.62],[88.88,49.44],[88.2,49.46],[88.14,49.28],[87.82,49.16],[87.8,48.8],[87.94,48.6],[88.56,48.34],[88.58,48.22],[89.04,48],[89.54,48.04],[89.76,47.82],[90.08,47.76],[90.44,47.5],[90.46,47.3],[90.72,47.02],[90.94,46.88],[91.02,46.68],[90.9,46.3],[91,46.02],[90.72,45.76],[90.66,45.5],[90.9,45.18],[91.14,45.2],[91.66,45.06],[92,45.08],[92.48,45],[93.08,45],[93.52,44.96],[93.98,44.66],[94.7,44.34],[95.04,44.26],[95.38,44.28],[95.32,44],[95.52,43.98],[95.9,43.22],[96.3,42.94],[96.36,42.72],[97.2,42.78],[97.84,42.72],[99.48,42.56],[99.62,42.6],[100.02,42.68],[101.22,42.52],[101.64,42.52],[102.04,42.18],[103.08,42],[103.72,41.76],[104.5,41.88],[104.5,41.66],[105.02,41.6],[105.28,41.76],[105.86,42],[106.76,42.28],[108.04,42.44],[108.8,42.4],[109.48,42.44],[109.66,42.54],[110.4,42.76],[110.94,43.28],[111.6,43.52],[111.94,43.7],[111.84,43.94],[111.52,44.18],[111.4,44.42],[111.74,44.96],[111.98,45.08],[112.44,45.06],[112.62,44.9],[113.1,44.8],[113.64,44.74],[114.06,44.94],[114.42,45.2],[114.54,45.38],[114.94,45.38],[115.64,45.44],[116.02,45.68],[116.58,46.3],[116.8,46.38],[117.3,46.36],[117.4,46.58],[117.7,46.52],[118.24,46.72],[118.72,46.68],[118.82,46.76],[119.32,46.62],[119.68,46.6],[119.9,46.84],[119.7,47.16],[119.16,47.52],[119.08,47.66],[118.76,47.76],[118.54,47.96],[118.18,48.02],[117.74,47.98],[117.32,47.66],[116.86,47.88],[116.24,47.86],[115.86,47.7],[115.56,47.94],[115.52,48.12],[115.8,48.28],[115.8,48.54],[116.68,49.82]]}},{"type":"Feature","properties":{"iso":"MO"},"geometry":{"type":"LineString","coordinates":[[113.56,22.16],[113.54,22.16],[113.54,22.1],[113.56,22.12],[113.56,22.16]]}},{"type":"Feature","properties":{"iso":"MP"},"geometry":{"type":"MultiLineString","coordinates":[[[145.2,14.18],[145.14,14.14],[145.2,14.12],[145.2,14.18]],[[145.64,15.08],[145.58,15.02],[145.6,14.92],[145.66,14.98],[145.64,15.08]],[[145.78,15.26],[145.7,15.2],[145.74,15.14],[145.78,15.26]],[[145.78,18.18],[145.74,18.1],[145.84,18.12],[145.78,18.18]]]}},{"type":"Feature","properties":{"iso":"MR"},"geometry":{"type":"LineString","coordinates":[[-8.68,27.28],[-8.68,26.02],[-9.7,26],[-10.9,26],[-12.02,26],[-12.02,24.26],[-12.02,23.5],[-12.36,23.32],[-12.62,23.28],[-13.02,23.02],[-13.16,22.76],[-13.1,22.5],[-13.04,21.58],[-13.02,21.34],[-14.3,21.34],[-15,21.34],[-16.96,21.34],[-17.08,20.88],[-17.06,20.76],[-16.94,21.16],[-16.66,20.68],[-16.4,20.56],[-16.2,20.22],[-16.3,19.92],[-16.24,19.8],[-16.38,19.58],[-16.32,19.46],[-16.36,19.22],[-16.22,19],[-16.06,18.4],[-16.04,17.88],[-16.04,17.66],[-16.18,17.26],[-16.46,16.64],[-16.54,16.26],[-16.54,15.8],[-16.46,16.18],[-16.32,16.48],[-15.68,16.48],[-15.5,16.56],[-15.12,16.58],[-14.94,16.68],[-14.34,16.64],[-14.02,16.36],[-13.96,16.24],[-13.72,16.16],[-13.72,16.14],[-13.48,16.16],[-13.32,15.92],[-13.24,15.62],[-12.96,15.5],[-12.86,15.22],[-12.74,15.14],[-12.68,15.1],[-12.48,15],[-12.26,14.78],[-11.98,14.78],[-11.84,14.9],[-11.82,15.3],[-11.7,15.54],[-11.4,15.6],[-10.92,15.1],[-10.74,15.42],[-10.58,15.42],[-10.14,15.38],[-9.14,15.5],[-9,15.5],[-8.02,15.5],[-6.32,15.5],[-5.5,15.5],[-5.36,16.32],[-5.62,16.52],[-5.76,17.74],[-5.96,19.62],[-6.12,20.92],[-6.22,21.82],[-6.38,23.12],[-6.5,24.28],[-6.6,25],[-4.82,25],[-5.66,25.5],[-7.3,26.48],[-8.68,27.28]]}},{"type":"Feature","properties":{"iso":"MS"},"geometry":{"type":"LineString","coordinates":[[-62.18,16.78],[-62.22,16.74],[-62.16,16.72],[-62.18,16.78]]}},{"type":"Feature","properties":{"iso":"MT"},"geometry":{"type":"MultiLineString","coordinates":[[[14.54,35.9],[14.52,35.9],[14.52,35.92],[14.5,35.94],[14.46,35.94],[14.44,35.96],[14.4,35.96],[14.34,35.92],[14.34,35.9],[14.36,35.86],[14.38,35.84],[14.42,35.82],[14.46,35.82],[14.5,35.8],[14.54,35.82],[14.56,35.84],[14.56,35.88],[14.54,35.9]],[[14.18,36.06],[14.2,36.02],[14.24,36.02],[14.28,36.02],[14.3,36.02],[14.32,36.04],[14.28,36.06],[14.28,36.08],[14.24,36.08],[14.22,36.08],[14.18,36.06]]]}},{"type":"Feature","properties":{"iso":"MU"},"geometry":{"type":"MultiLineString","coordinates":[[[57.74,-20.1],[57.58,-20],[57.5,-20.12],[57.46,-20.16],[57.38,-20.26],[57.4,-20.5],[57.64,-20.5],[57.78,-20.3],[57.74,-20.1]],[[56.52,-10.34],[56.52,-10.36],[56.54,-10.38],[56.56,-10.38],[56.54,-10.34],[56.52,-10.34]],[[63.48,-19.68],[63.38,-19.68],[63.36,-19.76],[63.46,-19.72],[63.48,-19.68]]]}},{"type":"Feature","properties":{"iso":"MV"},"geometry":{"type":"MultiLineString","coordinates":[[[73.1,-0.6],[73.12,-0.64],[73.12,-0.62],[73.1,-0.6]],[[72.96,4.44],[72.94,4.44],[72.96,4.42],[72.96,4.44]],[[73.62,5.42],[73.64,5.38],[73.64,5.4],[73.62,5.42]],[[73.74,3.46],[73.74,3.44],[73.76,3.44],[73.74,3.46]],[[73.54,4.24],[73.52,4.18],[73.54,4.18],[73.54,4.24]],[[73.22,6.92],[73.2,6.92],[73.2,6.9],[73.22,6.92]]]}},{"type":"Feature","properties":{"iso":"MW"},"geometry":{"type":"MultiLineString","coordinates":[[[34.08,-9.52],[33.86,-9.66],[33.66,-9.62],[33.4,-9.6],[32.92,-9.4],[32.98,-9.6],[33.22,-9.72],[33.36,-9.9],[33.3,-10.02],[33.54,-10.24],[33.68,-10.58],[33.5,-10.76],[33.32,-10.82],[33.3,-10.98],[33.4,-11.16],[33.24,-11.42],[33.3,-11.64],[33.26,-12.08],[33.34,-12.3],[33.52,-12.38],[33.38,-12.52],[33.02,-12.62],[33,-13.2],[32.9,-13.36],[32.72,-13.58],[33.04,-14],[33.2,-14.02],[33.36,-14.24],[33.62,-14.56],[34.34,-14.38],[34.38,-14.42],[34.5,-14.58],[34.58,-14.98],[34.56,-15.2],[34.42,-15.58],[34.34,-15.74],[34.24,-15.88],[34.38,-16.04],[34.38,-16.18],[34.88,-16.7],[35.1,-16.82],[35.08,-17.12],[35.3,-17.12],[35.28,-16.7],[35.14,-16.54],[35.24,-16.4],[35.3,-16.2],[35.7,-16.1],[35.8,-15.94],[35.84,-15.46],[35.78,-15.22],[35.9,-14.88],[35.76,-14.54],[35.46,-14.14],[35.08,-13.7],[34.86,-13.52],[34.58,-13.4],[34.5,-12.68],[34.36,-12.2],[34.56,-11.84],[34.66,-11.58],[34.96,-11.58],[34.62,-11.12],[34.62,-10.96],[34.68,-10.74],[34.62,-10.58],[34.58,-10.54],[34.58,-10.3],[34.48,-9.94],[34.08,-9.52]],[[34.7,-12],[34.66,-12.1],[34.74,-12.1],[34.76,-12.02],[34.7,-12]]]}},{"type":"Feature","properties":{"iso":"MX"},"geometry":{"type":"MultiLineString","coordinates":[[[-114.94,31.9],[-114.16,31.5],[-113.88,31.6],[-113.66,31.5],[-113.54,31.3],[-113.04,31.16],[-113.12,30.82],[-112.88,30.42],[-112.68,29.9],[-112.26,29.32],[-112.16,28.96],[-111.9,28.78],[-111.7,28.46],[-111.48,28.38],[-111.26,28.06],[-111.06,27.94],[-110.58,27.84],[-110.62,27.6],[-110.56,27.38],[-110.28,27.14],[-109.92,27.06],[-109.86,26.8],[-109.54,26.72],[-109.26,26.5],[-109.14,26.34],[-109.16,26.3],[-109.24,26.26],[-109.28,26.24],[-109.3,26.24],[-109.44,26.02],[-109.44,25.8],[-108.46,25.26],[-108.18,24.98],[-108,24.64],[-107.62,24.46],[-107.38,24.2],[-107.04,23.98],[-106.8,23.64],[-106.52,23.4],[-106.42,23.24],[-105.72,22.5],[-105.64,21.96],[-105.42,21.6],[-105.18,21.44],[-105.24,21.06],[-105.52,20.78],[-105.3,20.68],[-105.32,20.52],[-105.7,20.4],[-105.52,20.04],[-105.26,19.66],[-105.08,19.56],[-105.02,19.36],[-104.6,19.14],[-103.98,18.88],[-103.74,18.7],[-103.5,18.34],[-102.74,18.06],[-102.16,17.92],[-102.04,18],[-101.82,17.9],[-101.64,17.66],[-101.18,17.42],[-101,17.26],[-100,16.9],[-99.74,16.74],[-98.86,16.52],[-98.56,16.32],[-98.12,16.2],[-97.78,15.98],[-97.26,15.94],[-96.84,15.74],[-96.56,15.66],[-96.24,15.68],[-95.96,15.82],[-95.44,15.98],[-94.86,16.42],[-94.66,16.36],[-94.44,16.18],[-94.12,16.06],[-94.1,16.1],[-94.08,16.14],[-93.66,15.84],[-92.82,15.18],[-92.7,15],[-92.24,14.54],[-92.16,14.7],[-92.2,15.24],[-92.1,15.46],[-91.72,16.06],[-91,16.06],[-90.44,16.08],[-90.4,16.34],[-90.64,16.52],[-90.74,16.74],[-91.06,16.92],[-91.3,17.18],[-91.44,17.26],[-91,17.26],[-91,17.8],[-89.16,17.82],[-89.14,17.96],[-88.88,17.88],[-88.62,18.24],[-88.48,18.48],[-88.3,18.48],[-88.1,18.8],[-88,18.7],[-88.08,18.5],[-87.78,18.4],[-87.72,18.68],[-87.42,19.56],[-87.66,19.56],[-87.48,19.88],[-87.44,20.2],[-87.24,20.5],[-86.88,20.86],[-86.74,21.16],[-86.82,21.44],[-87,21.56],[-87.24,21.44],[-87.54,21.5],[-88.12,21.62],[-88.44,21.58],[-88.7,21.46],[-89.12,21.36],[-89.78,21.28],[-90.34,21.04],[-90.38,20.82],[-90.48,20.54],[-90.48,19.92],[-90.7,19.68],[-90.74,19.38],[-90.94,19.16],[-91.44,18.88],[-91.26,18.74],[-91.34,18.58],[-91.54,18.44],[-92,18.54],[-92.06,18.7],[-92.48,18.64],[-92.68,18.62],[-92.94,18.44],[-93.44,18.44],[-94.14,18.2],[-94.46,18.14],[-94.58,18.18],[-94.8,18.52],[-95,18.56],[-95.2,18.7],[-95.72,18.76],[-95.86,18.72],[-95.98,19.06],[-96.28,19.32],[-96.46,19.86],[-96.68,20.16],[-97.16,20.64],[-97.2,20.82],[-97.5,21.4],[-97.66,21.64],[-97.62,21.84],[-97.76,22.1],[-97.78,22.28],[-97.88,22.62],[-97.74,22.98],[-97.76,23.26],[-97.72,24],[-97.66,24.52],[-97.46,25.18],[-97.16,25.72],[-97.14,25.96],[-97.42,25.86],[-97.68,26.04],[-98.22,26.08],[-98.36,26.2],[-98.64,26.24],[-98.8,26.36],[-99.08,26.4],[-99.24,26.82],[-99.46,27.06],[-99.5,27.58],[-99.72,27.68],[-99.8,27.78],[-100.08,28.16],[-100.28,28.3],[-100.4,28.6],[-100.62,28.92],[-100.66,29.12],[-101.16,29.5],[-101.4,29.76],[-101.98,29.82],[-102.3,29.88],[-102.4,29.78],[-102.68,29.74],[-102.88,29.34],[-103.14,28.98],[-103.32,29.02],[-103.8,29.28],[-104.06,29.34],[-104.54,29.66],[-104.68,29.94],[-104.68,30.2],[-105,30.68],[-105.36,30.86],[-106,31.4],[-106.16,31.44],[-106.36,31.72],[-106.5,31.78],[-108.22,31.78],[-108.22,31.32],[-108.96,31.32],[-109.04,31.32],[-111.06,31.34],[-112.32,31.72],[-113.96,32.24],[-114.82,32.5],[-114.72,32.72],[-115.8,32.64],[-117.12,32.54],[-116.84,31.98],[-116.62,31.86],[-116.68,31.56],[-116.3,31.14],[-116.24,30.96],[-116.06,30.82],[-116.04,30.48],[-115.84,30.34],[-115.7,29.76],[-115.18,29.42],[-114.98,29.38],[-114.28,28.66],[-114.04,28.46],[-114.12,28.26],[-114.06,28],[-114.08,28],[-114.1,28],[-114.14,28],[-114.2,28],[-114.1,27.7],[-114.92,27.84],[-114.74,27.52],[-114.5,27.4],[-114.48,27.24],[-113.82,26.94],[-113.64,26.72],[-113.5,26.8],[-113.14,26.76],[-113.06,26.6],[-112.72,26.38],[-112.34,26.18],[-112.08,25.72],[-112.08,25.26],[-112.14,25.08],[-112.08,24.78],[-111.96,24.78],[-111.68,24.58],[-111.44,24.32],[-111.04,24.1],[-110.58,23.68],[-110.3,23.54],[-110.16,23.32],[-110.1,23.02],[-109.9,22.88],[-109.54,23.1],[-109.42,23.3],[-109.48,23.56],[-109.68,23.64],[-109.7,23.8],[-110.18,24.26],[-110.56,24.22],[-110.74,24.56],[-110.66,24.8],[-110.9,25.14],[-111.02,25.46],[-111.3,25.78],[-111.32,26.08],[-111.56,26.58],[-111.56,26.7],[-112.02,26.98],[-112.38,27.56],[-112.6,27.66],[-112.78,27.86],[-112.76,28],[-112.9,28.48],[-113.1,28.5],[-113.26,28.84],[-113.48,28.94],[-113.78,29.4],[-114.28,29.78],[-114.4,29.78],[-114.66,30.18],[-114.62,30.42],[-114.72,30.94],[-114.88,31.16],[-114.78,31.66],[-114.94,31.9]],[[-112.28,28.76],[-112.2,29.02],[-112.28,29.22],[-112.44,29.2],[-112.58,28.88],[-112.28,28.76]],[[-113.14,29.06],[-113.18,29.28],[-113.48,29.54],[-113.58,29.4],[-113.22,29.06],[-113.14,29.06]],[[-89.66,22.38],[-89.62,22.46],[-89.66,22.48],[-89.7,22.42],[-89.66,22.38]]]}},{"type":"Feature","properties":{"iso":"MY"},"geometry":{"type":"MultiLineString","coordinates":[[[115.64,4.14],[115.88,4.36],[116.12,4.38],[116.5,4.32],[117.16,4.34],[117.56,4.16],[117.68,4.42],[117.9,4.26],[118.54,4.36],[118.6,4.52],[118.34,4.66],[118.14,4.88],[118.36,5.04],[118.68,4.94],[119.16,5.1],[119.26,5.2],[119.2,5.44],[118.98,5.42],[118.74,5.54],[118.42,5.8],[118.12,5.86],[118.02,6.06],[117.88,5.96],[117.66,5.96],[117.6,6.18],[117.74,6.38],[117.5,6.6],[117.3,6.62],[117.14,7],[116.98,6.7],[116.74,7.02],[116.64,6.72],[116.5,6.5],[116.2,6.22],[116.06,5.84],[115.84,5.56],[115.56,5.54],[115.36,5.32],[115.56,5.2],[115.42,4.96],[115.14,4.9],[115.28,4.64],[115.32,4.32],[115.12,4.38],[115.02,4.82],[114.98,4.88],[114.74,4.74],[114.8,4.3],[114.76,4.14],[114.58,4.02],[114.24,4.48],[114,4.6],[113.94,4.28],[113.74,4],[113.44,3.76],[113.28,3.48],[112.98,3.14],[112.02,2.88],[111.66,2.84],[111.44,2.68],[111.36,2.34],[111.2,2.38],[111.22,2.08],[110.96,1.5],[110.72,1.54],[110.36,1.72],[109.92,1.7],[109.66,1.94],[109.64,2.08],[109.52,1.88],[109.68,1.58],[110.26,1.04],[110.56,0.86],[110.86,1],[111.2,1.08],[111.36,1.02],[111.82,1],[112.1,1.16],[112.18,1.44],[112.48,1.56],[113.02,1.54],[113.08,1.44],[113.64,1.24],[113.9,1.44],[114.2,1.44],[114.5,1.44],[114.84,1.9],[114.78,2.24],[115.12,2.48],[115.06,2.82],[115.24,3.04],[115.46,3.04],[115.64,4.14]],[[100.2,6.7],[100.12,6.44],[100.2,6.26],[100.34,6.02],[100.36,5.56],[100.44,5.3],[100.4,5.12],[100.46,4.9],[100.58,4.86],[100.64,4.54],[100.56,4.32],[100.78,4.08],[100.84,3.84],[101.3,3.28],[101.38,3],[101.28,2.92],[101.54,2.66],[101.72,2.6],[101.98,2.4],[102.18,2.22],[102.48,2.1],[102.72,1.84],[102.8,1.86],[103.36,1.54],[103.5,1.28],[103.84,1.48],[104.22,1.34],[104.3,1.44],[104.12,1.96],[103.94,2.34],[103.76,2.62],[103.64,2.68],[103.44,2.96],[103.42,3.36],[103.48,3.52],[103.34,3.76],[103.44,4.16],[103.5,4.34],[103.44,4.8],[103.12,5.38],[102.54,5.86],[102.32,6.2],[102.08,6.26],[102.06,6.1],[101.8,5.74],[101.7,5.76],[101.5,5.9],[101.24,5.78],[101.1,5.64],[100.98,5.78],[101.08,5.92],[101.08,6.24],[100.82,6.3],[100.8,6.42],[100.38,6.52],[100.2,6.7]],[[115.24,5.36],[115.18,5.34],[115.16,5.26],[115.26,5.3],[115.24,5.36]]]}},{"type":"Feature","properties":{"iso":"MZ"},"geometry":{"type":"MultiLineString","coordinates":[[[32.12,-26.84],[32.9,-26.84],[32.92,-26.26],[32.68,-26.18],[32.52,-25.94],[32.66,-25.92],[32.88,-25.54],[33.14,-25.38],[33.72,-25.1],[34.48,-24.86],[35.1,-24.6],[35.5,-24.12],[35.54,-23.86],[35.4,-23.84],[35.52,-22.9],[35.5,-22.14],[35.34,-22.08],[35.28,-21.64],[35.06,-21.14],[35.12,-20.96],[35,-20.74],[34.74,-20.56],[34.68,-20.34],[34.88,-19.86],[35.34,-19.52],[35.66,-19.14],[36.14,-18.8],[36.24,-18.88],[36.56,-18.48],[36.88,-18.18],[37.08,-17.86],[37.36,-17.64],[37.9,-17.36],[38.6,-17.1],[39.1,-16.98],[39.12,-16.88],[39.7,-16.54],[39.82,-16.28],[40,-16.22],[40.16,-15.92],[40.58,-15.5],[40.68,-15.24],[40.68,-14.98],[40.84,-14.8],[40.84,-14.46],[40.6,-14.14],[40.66,-14.04],[40.52,-13.52],[40.56,-13.36],[40.56,-12.82],[40.64,-12.76],[40.48,-12.48],[40.54,-12],[40.42,-11.64],[40.5,-11.18],[40.5,-10.96],[40.6,-10.82],[40.54,-10.5],[40.44,-10.48],[40,-10.82],[39.76,-10.94],[39.48,-11],[39.28,-11.16],[38.9,-11.16],[38.5,-11.42],[38.1,-11.26],[37.88,-11.32],[37.78,-11.56],[37.42,-11.72],[37.04,-11.6],[36.74,-11.66],[36.2,-11.7],[36.16,-11.58],[35.82,-11.42],[35.66,-11.58],[34.96,-11.58],[34.66,-11.58],[34.56,-11.84],[34.36,-12.2],[34.5,-12.68],[34.58,-13.4],[34.86,-13.52],[35.08,-13.7],[35.46,-14.14],[35.76,-14.54],[35.9,-14.88],[35.78,-15.22],[35.84,-15.46],[35.8,-15.94],[35.7,-16.1],[35.3,-16.2],[35.24,-16.4],[35.14,-16.54],[35.28,-16.7],[35.3,-17.12],[35.08,-17.12],[35.1,-16.82],[34.88,-16.7],[34.38,-16.18],[34.38,-16.04],[34.24,-15.88],[34.34,-15.74],[34.42,-15.58],[34.56,-15.2],[34.58,-14.98],[34.5,-14.58],[34.38,-14.42],[34.34,-14.38],[33.62,-14.56],[33.36,-14.24],[33.2,-14.02],[31.66,-14.52],[31.42,-14.64],[30.82,-14.76],[30.22,-14.98],[30.36,-15.38],[30.4,-15.64],[30.4,-16],[30.86,-16],[30.98,-16.06],[31.26,-16.02],[31.4,-16.16],[31.68,-16.2],[31.92,-16.42],[32.3,-16.46],[32.68,-16.6],[32.74,-16.7],[32.96,-17.26],[33.02,-17.38],[32.94,-18.04],[33,-18.46],[32.88,-18.54],[32.88,-18.78],[32.7,-18.84],[32.7,-19.02],[32.86,-19.12],[32.76,-19.36],[32.82,-19.66],[33.04,-19.78],[32.84,-20.28],[32.64,-20.56],[32.46,-20.68],[32.5,-20.9],[32.34,-21.14],[32.44,-21.3],[32.4,-21.3],[31.44,-22.3],[31.28,-22.4],[31.54,-23.16],[31.52,-23.42],[31.86,-23.96],[31.92,-24.28],[31.98,-24.42],[32,-25.66],[31.94,-25.96],[32.06,-26.04],[32.04,-26.28],[32.12,-26.84]],[[34.7,-12],[34.76,-12.02],[34.74,-12.1],[34.66,-12.1],[34.7,-12]]]}},{"type":"Feature","properties":{"iso":"NA"},"geometry":{"type":"LineString","coordinates":[[16.48,-28.58],[16.76,-28.44],[16.9,-28.08],[17.1,-28.04],[17.34,-28.22],[17.4,-28.7],[17.92,-28.78],[18.16,-28.9],[18.74,-28.84],[19.08,-28.96],[19.24,-28.78],[19.48,-28.68],[19.56,-28.54],[19.98,-28.42],[19.98,-27.28],[19.98,-25.62],[19.98,-24.76],[19.98,-23.86],[19.98,-23.3],[19.98,-22],[20.98,-22],[20.98,-21],[20.98,-20.36],[20.98,-19.18],[21,-18.32],[21.48,-18.3],[22.98,-18.02],[23.32,-18],[23.64,-18.46],[24.18,-18.02],[24.42,-17.96],[24.58,-18.04],[24.72,-17.9],[24.96,-17.8],[25.26,-17.8],[24.96,-17.56],[24.68,-17.5],[24.22,-17.48],[23.38,-17.64],[21.38,-18.02],[21.22,-17.94],[20.98,-17.96],[20.8,-18.04],[20.56,-17.98],[20.34,-17.86],[20.04,-17.9],[19.68,-17.84],[19.02,-17.82],[18.76,-17.74],[18.46,-17.38],[18,-17.38],[17.28,-17.38],[15.56,-17.38],[14.22,-17.38],[13.94,-17.4],[13.34,-16.96],[12.88,-17.02],[12.56,-17.24],[12.24,-17.22],[12.1,-17.14],[11.76,-17.26],[11.72,-17.54],[11.84,-18.14],[12.04,-18.5],[12.28,-18.7],[12.56,-19.1],[12.7,-19.42],[13.16,-20.16],[13.38,-20.82],[13.62,-21.18],[13.84,-21.46],[13.96,-21.78],[14.14,-21.94],[14.38,-22.28],[14.5,-22.54],[14.52,-22.92],[14.42,-22.98],[14.5,-23.3],[14.48,-23.56],[14.48,-24.16],[14.6,-24.56],[14.78,-24.8],[14.82,-25],[14.8,-25.26],[14.88,-25.58],[14.84,-25.76],[14.98,-26.06],[14.96,-26.34],[15.12,-26.46],[15.08,-26.7],[15.24,-26.96],[15.3,-27.32],[15.68,-27.94],[16.42,-28.6],[16.48,-28.58]]}},{"type":"Feature","properties":{"iso":"NC"},"geometry":{"type":"MultiLineString","coordinates":[[[166.08,-21.52],[165.4,-21.06],[165.22,-20.76],[165.06,-20.74],[164.5,-20.3],[164.32,-20.24],[164.14,-20.3],[164.2,-20.52],[164.36,-20.76],[164.8,-21.08],[164.92,-21.28],[165.12,-21.38],[165.3,-21.58],[165.68,-21.76],[166.48,-22.28],[166.92,-22.38],[167.02,-22.22],[166.94,-22.08],[166.58,-21.88],[166.42,-21.7],[166.08,-21.52]],[[168.14,-21.44],[167.86,-21.5],[167.96,-21.64],[168.14,-21.44]],[[167.44,-21.02],[167.18,-20.78],[167.06,-21],[167.44,-21.02]]]}},{"type":"Feature","properties":{"iso":"NE"},"geometry":{"type":"LineString","coordinates":[[4.62,13.72],[5.28,13.76],[5.56,13.88],[6.12,13.66],[6.28,13.66],[6.68,13.32],[6.76,13.18],[6.9,13],[7.06,13],[7.2,13.12],[7.4,13.12],[7.76,13.32],[8.08,13.32],[8.24,13.22],[8.68,12.92],[8.98,12.84],[9.64,12.84],[9.94,13.14],[10.16,13.26],[10.64,13.36],[11.44,13.36],[11.86,13.24],[12.06,13.12],[12.38,13.08],[12.88,13.5],[13.22,13.54],[13.36,13.72],[13.6,13.7],[13.44,14.38],[13.6,14.52],[13.76,14.72],[13.84,15.02],[14.36,15.74],[15.46,16.9],[15.5,17.12],[15.56,18],[15.74,19.9],[15.96,20.38],[15.54,20.8],[15.6,20.96],[15.3,21.4],[15.18,21.5],[15.18,22],[14.98,23],[14.24,22.62],[13.48,23.18],[11.96,23.52],[11.08,23],[9.72,22.2],[8.64,21.56],[7.48,20.88],[6.6,20.14],[5.84,19.48],[5.74,19.44],[4.22,19.14],[4.24,18.64],[4.24,17.98],[4.24,17],[4.18,16.8],[4.18,16.42],[4.06,16.3],[3.88,15.72],[3.52,15.5],[3.5,15.36],[3.08,15.42],[3,15.34],[1.34,15.28],[0.98,15],[0.68,14.94],[0.52,15],[0.22,14.92],[0.16,14.54],[0.2,14.44],[0.38,14.26],[0.34,14.12],[0.5,13.86],[0.62,13.68],[0.96,13.58],[0.98,13.08],[1.3,12.84],[1.54,12.64],[1.82,12.6],[2.1,12.7],[2.24,12.42],[2.08,12.3],[2.4,11.9],[2.36,12.22],[2.84,12.4],[3.6,11.7],[3.64,12.52],[3.92,12.76],[4.08,13],[4.12,13.22],[4.12,13.48],[4.62,13.72]]}},{"type":"Feature","properties":{"iso":"NF"},"geometry":{"type":"LineString","coordinates":[[167.98,-29.02],[167.92,-29],[167.92,-29.06],[167.98,-29.06],[167.98,-29.02]]}},{"type":"Feature","properties":{"iso":"NG"},"geometry":{"type":"LineString","coordinates":[[3.6,11.7],[3.48,11.4],[3.7,11.12],[3.74,10.82],[3.84,10.64],[3.76,10.4],[3.58,10.28],[3.66,10.12],[3.52,9.84],[3.12,9.42],[3.1,9.12],[2.76,9.06],[2.72,8.78],[2.74,8.52],[2.68,7.9],[2.72,7.66],[2.78,6.7],[2.72,6.5],[2.72,6.48],[2.7,6.36],[3.38,6.4],[3.54,6.46],[4.34,6.38],[4.5,6.32],[4.72,6.16],[5,5.86],[5.2,5.5],[5.46,5.14],[5.48,4.84],[5.6,4.64],[5.94,4.34],[6.1,4.28],[6.7,4.34],[6.72,4.6],[6.72,4.36],[6.96,4.38],[7.26,4.58],[7.46,4.56],[7.54,4.7],[7.56,4.52],[8.3,4.56],[8.3,4.78],[8.52,4.7],[8.6,4.82],[8.8,5.16],[8.9,5.62],[8.86,5.84],[8.98,5.94],[9.48,6.42],[9.64,6.52],[9.7,6.54],[9.76,6.78],[10.12,7],[10.24,6.88],[10.5,6.88],[10.6,7.06],[10.84,6.94],[11.06,6.7],[11.2,6.44],[11.38,6.48],[11.5,6.62],[11.62,6.94],[11.88,7.1],[11.78,7.3],[11.9,7.46],[12.2,7.98],[12.24,8.18],[12.22,8.38],[12.38,8.6],[12.66,8.66],[12.8,8.84],[12.86,9.38],[13.2,9.54],[13.26,9.8],[13.24,10.08],[13.4,10.12],[13.56,10.68],[13.74,10.94],[13.98,11.28],[14.16,11.24],[14.6,11.5],[14.54,11.72],[14.66,12.16],[14.52,12.32],[14.18,12.38],[14.06,13.08],[13.6,13.7],[13.36,13.72],[13.22,13.54],[12.88,13.5],[12.38,13.08],[12.06,13.12],[11.86,13.24],[11.44,13.36],[10.64,13.36],[10.16,13.26],[9.94,13.14],[9.64,12.84],[8.98,12.84],[8.68,12.92],[8.24,13.22],[8.08,13.32],[7.76,13.32],[7.4,13.12],[7.2,13.12],[7.06,13],[6.9,13],[6.76,13.18],[6.68,13.32],[6.28,13.66],[6.12,13.66],[5.56,13.88],[5.28,13.76],[4.62,13.72],[4.12,13.48],[4.12,13.22],[4.08,13],[3.92,12.76],[3.64,12.52],[3.6,11.7]]}},{"type":"Feature","properties":{"iso":"NI"},"geometry":{"type":"LineString","coordinates":[[-84.88,10.94],[-84.68,11.08],[-84.2,10.86],[-84.16,10.78],[-83.94,10.72],[-83.76,10.78],[-83.7,10.94],[-83.72,10.94],[-83.84,11.14],[-83.86,11.38],[-83.66,11.62],[-83.72,12.04],[-83.66,12.26],[-83.76,12.54],[-83.58,12.64],[-83.52,13.04],[-83.58,13.28],[-83.44,13.96],[-83.22,14.26],[-83.2,14.38],[-83.3,14.78],[-83.14,15],[-83.4,15.04],[-83.86,14.78],[-84.48,14.62],[-84.7,14.68],[-84.78,14.8],[-85,14.74],[-85.02,14.6],[-85.44,14.14],[-85.56,14.04],[-85.74,13.82],[-86.1,14.04],[-86.42,13.74],[-86.78,13.7],[-86.76,13.64],[-86.74,13.26],[-86.92,13.24],[-86.94,13.06],[-87.32,12.98],[-87.64,12.88],[-87.12,12.46],[-86.8,12.22],[-86.68,12],[-86.5,11.76],[-86.18,11.52],[-85.7,11.08],[-85.64,11.2],[-85.24,11.06],[-84.88,10.94]]}},{"type":"Feature","properties":{"iso":"NL"},"geometry":{"type":"MultiLineString","coordinates":[[[7.2,53.24],[6.74,53.46],[6.18,53.42],[5.6,53.3],[5.18,53],[4.74,52.96],[4.5,52.34],[4.14,52],[4.12,51.64],[4.18,51.62],[4.2,51.6],[4.24,51.52],[4.26,51.44],[4.26,51.36],[4.28,51.36],[4.74,51.48],[5.24,51.26],[5.56,51.22],[5.84,51.14],[5.66,50.8],[5.74,50.76],[5.9,50.76],[6,50.74],[5.98,51.08],[6.18,51.34],[6.2,51.5],[5.94,51.74],[6.22,51.86],[6.72,51.9],[6.78,52.1],[7.02,52.24],[7.04,52.36],[6.7,52.48],[6.72,52.62],[7.04,52.64],[7.08,52.84],[7.2,53.24]],[[3.4,51.24],[3.92,51.2],[4.22,51.36],[3.34,51.38],[3.4,51.24]],[[-68.22,12.22],[-68.4,12.3],[-68.42,12.26],[-68.3,12.2],[-68.22,12.22]],[[-63,17.52],[-62.98,17.46],[-62.94,17.48],[-63,17.52]],[[-63.24,17.64],[-63.26,17.62],[-63.24,17.62],[-63.22,17.62],[-63.24,17.64]]]}},{"type":"Feature","properties":{"iso":"NO"},"geometry":{"type":"MultiLineString","coordinates":[[[20.62,69.04],[21.32,69.3],[21.94,69.06],[22.6,68.72],[23.2,68.62],[23.92,68.82],[25.12,68.64],[25.2,68.82],[25.66,68.88],[26.04,69.7],[26.5,69.92],[27.32,69.92],[27.86,70.08],[28.4,69.8],[29.14,69.68],[29.34,69.46],[28.86,69.22],[28.96,69.02],[29.34,69.28],[30.52,69.54],[30.84,69.8],[29.68,69.96],[31.06,70.36],[30.2,70.68],[29.38,70.76],[28.54,70.98],[27.56,71.1],[26.98,70.52],[26.62,70.94],[25.44,70.34],[25.24,70.52],[25.82,70.82],[25.34,70.96],[24.86,70.92],[24.26,70.6],[23.52,70.36],[23.36,70.12],[21.98,70.32],[21.24,70.22],[21.84,70.1],[21.9,69.82],[21.18,69.88],[20.52,69.76],[19.78,69.8],[19.1,69.74],[18.86,69.56],[18.3,69.48],[18,69.28],[18.08,69.16],[17.68,69.1],[17.24,68.76],[16.58,68.54],[16.18,68.32],[15.78,67.96],[15.06,67.84],[15.04,67.68],[14.4,67.28],[14.22,66.98],[13.68,66.84],[13.08,66.5],[13.22,66.18],[12.34,65.64],[12.6,65.44],[12.34,65.3],[12.5,65.14],[12.2,65],[12.18,65.02],[12.04,65.06],[11.78,64.98],[11.4,64.66],[10.62,64.4],[10.02,64.12],[10,63.92],[9.54,63.78],[9.92,63.52],[10.2,63.54],[10.92,63.74],[11.1,63.88],[11.46,63.8],[10.76,63.62],[10.88,63.44],[9.96,63.42],[9.7,63.64],[9.16,63.4],[8.78,63.42],[8.86,63.22],[8.84,63.2],[8.24,63.16],[7.74,62.94],[7.28,63.02],[6.92,62.92],[6.98,62.72],[6.3,62.46],[5.92,62.2],[5.4,62.14],[5.46,62],[5.24,61.82],[5.3,61.48],[4.96,61.26],[5.1,60.84],[5.3,60.2],[6.1,60.1],[5.78,59.94],[5.84,59.78],[5.52,59.56],[5.4,59.52],[5.18,59.48],[5.48,59.28],[5.86,59.36],[6.12,59.28],[5.48,58.76],[5.7,58.52],[6.4,58.28],[7,58.04],[7.4,58.02],[8.22,58.16],[9.38,58.78],[9.82,59.02],[10.28,59.1],[10.46,59.44],[10.28,59.7],[10.48,59.8],[10.76,59.84],[10.56,59.72],[10.68,59.48],[10.86,59.18],[11.38,59.1],[11.44,59],[11.66,58.92],[11.82,59.24],[11.68,59.56],[11.88,59.8],[11.88,59.88],[12.14,59.9],[12.52,60.12],[12.6,60.52],[12.28,61.02],[12.72,61.06],[12.88,61.38],[12.16,61.72],[12.32,62.28],[12.28,62.34],[12.1,62.58],[12.06,63.2],[12.18,63.6],[12.68,63.96],[13.24,64.1],[13.94,64],[14.16,64.2],[14.12,64.44],[13.64,64.58],[14.34,65.12],[14.52,65.32],[14.64,65.84],[14.54,66.12],[15.06,66.16],[15.48,66.36],[15.42,66.5],[16.42,67.06],[16.12,67.42],[16.48,67.56],[16.8,67.92],[17.32,68.1],[17.9,67.96],[18.16,68.16],[18.18,68.54],[19.04,68.5],[19.94,68.36],[20.24,68.48],[20.34,68.92],[20.62,69.04]],[[16.5,68.58],[15.94,68.68],[15.9,68.96],[15.46,68.8],[15.22,68.34],[15.9,68.36],[16.5,68.58]],[[18.08,69.44],[17.78,69.54],[17.26,69.48],[16.92,69.32],[16.82,69.06],[17.96,69.18],[17.92,69.34],[18.08,69.44]],[[19,69.82],[18.36,69.8],[18.26,69.54],[18.82,69.6],[19,69.82]],[[19.62,70.02],[19.2,70.1],[18.76,69.96],[19.12,69.78],[19.62,70.02]],[[14.4,68.66],[15.06,68.58],[15.4,68.74],[15.3,68.9],[14.4,68.66]],[[23.66,70.5],[22.9,70.46],[23.22,70.28],[23.66,70.5]],[[24.42,77.82],[23.12,77.98],[22.96,78.26],[21.7,78.22],[20.88,78.08],[21.66,77.92],[20.92,77.44],[22.2,77.5],[22.42,77.26],[23.24,77.26],[24.42,77.82]],[[21.02,78.22],[22.28,78.26],[22.24,78.48],[21.18,78.62],[20.18,78.5],[21.02,78.22]],[[20.2,78.64],[21.04,78.64],[21.52,78.86],[18.94,79.16],[18.88,79.44],[17.56,79.9],[16.62,79.98],[15.66,79.86],[15.26,79.62],[13.8,79.88],[12.76,79.78],[11.82,79.84],[10.7,79.56],[11.28,79.1],[11.86,78.86],[11.64,78.74],[12.86,78.36],[13.86,78.22],[14.38,78.5],[15.2,78.66],[15.8,78.34],[15.04,78.12],[13.58,78.06],[13.72,77.76],[15.12,77.7],[14.78,77.54],[13.92,77.54],[14.38,77.2],[15.04,77.14],[16.34,76.62],[17.32,76.98],[17.48,77.3],[18.2,77.5],[18.34,77.9],[18.92,78.18],[19,78.46],[20.2,78.64]],[[27.18,80.08],[24.38,80.34],[22.56,80.32],[22.38,80.12],[20.88,80.22],[19.8,80.5],[19.1,80.26],[18,80.2],[18.14,79.92],[18.78,79.72],[21.88,79.82],[21.86,79.7],[19.64,79.62],[20.82,79.38],[22.42,79.4],[22.92,79.22],[25.64,79.4],[25.82,79.62],[27.14,79.86],[27.18,80.08]],[[3.46,-54.4],[3.38,-54.4],[3.36,-54.46],[3.46,-54.44],[3.46,-54.4]]]}},{"type":"Feature","properties":{"iso":"NP"},"geometry":{"type":"LineString","coordinates":[[83.66,29.16],[83.52,29.2],[83.32,29.48],[83.16,29.62],[82.84,29.66],[82.54,29.92],[82.14,30.06],[82.08,30.34],[81.6,30.42],[81.26,30.08],[81.08,30.02],[81,30.2],[80.58,29.94],[80.36,29.76],[80.38,29.6],[80.22,29.42],[80.28,29.26],[80.04,28.92],[80.08,28.82],[80.34,28.62],[80.54,28.68],[81.04,28.38],[81.2,28.34],[81.3,28.12],[81.86,27.86],[82.06,27.9],[82.4,27.68],[82.68,27.7],[82.76,27.5],[83.14,27.44],[83.6,27.46],[83.86,27.34],[83.92,27.44],[84.08,27.5],[84.28,27.38],[84.58,27.32],[84.64,27.02],[84.8,27.02],[85.2,26.76],[85.36,26.76],[85.6,26.86],[85.82,26.58],[86.14,26.6],[86.28,26.62],[86.72,26.42],[86.94,26.52],[87.32,26.36],[87.64,26.4],[88.08,26.54],[88.16,26.74],[87.98,27.1],[88,27.24],[88.12,27.86],[87.82,27.9],[87.68,27.82],[87.16,27.82],[86.98,27.96],[86.66,28.1],[86.52,27.98],[86.2,28],[86.06,27.88],[85.68,28.3],[85.26,28.26],[85.08,28.34],[85.16,28.58],[84.92,28.54],[84.68,28.6],[84.22,28.92],[84.1,29.24],[83.94,29.3],[83.66,29.16]]}},{"type":"Feature","properties":{"iso":"NR"},"geometry":{"type":"LineString","coordinates":[[166.94,-0.5],[166.92,-0.5],[166.92,-0.52],[166.9,-0.52],[166.92,-0.54],[166.94,-0.56],[166.96,-0.54],[166.96,-0.52],[166.96,-0.5],[166.94,-0.5]]}},{"type":"Feature","properties":{"iso":"NU"},"geometry":{"type":"LineString","coordinates":[[-169.86,-18.96],[-169.96,-19.08],[-169.9,-19.14],[-169.8,-19.04],[-169.86,-18.96]]}},{"type":"Feature","properties":{"iso":"NZ"},"geometry":{"type":"MultiLineString","coordinates":[[[166.24,-50.6],[166.12,-50.56],[166.06,-50.7],[165.88,-50.8],[165.96,-50.84],[166.08,-50.78],[166.24,-50.6]],[[169.26,-52.52],[169.12,-52.54],[169.2,-52.6],[169.26,-52.52]],[[178.84,-49.62],[178.72,-49.68],[178.82,-49.72],[178.84,-49.62]],[[-176.38,-43.9],[-176.28,-43.76],[-176.6,-43.7],[-176.52,-43.92],[-176.38,-43.9]],[[-177.9,-29.28],[-177.88,-29.24],[-177.96,-29.22],[-177.9,-29.28]],[[166.64,-48],[166.56,-48.04],[166.64,-48.04],[166.62,-48.02],[166.64,-48]],[[168.2,-47.04],[168.18,-46.86],[167.92,-46.68],[167.64,-47.04],[167.9,-47.18],[168.2,-47.04]],[[168.14,-44.28],[167.76,-44.6],[167.2,-44.94],[166.7,-45.54],[166.8,-45.72],[166.48,-45.8],[166.46,-45.98],[166.76,-46.22],[167.4,-46.26],[167.7,-46.18],[167.86,-46.4],[168.22,-46.36],[168.36,-46.54],[168.6,-46.62],[168.84,-46.56],[169.2,-46.62],[169.84,-46.46],[170.24,-46.16],[170.34,-45.98],[170.78,-45.86],[170.7,-45.68],[170.9,-45.4],[170.98,-45.16],[171.18,-44.96],[171.2,-44.56],[171.34,-44.28],[172.06,-43.96],[172.36,-43.86],[172.5,-43.72],[172.88,-43.9],[173.1,-43.82],[173.06,-43.66],[172.8,-43.62],[172.72,-43.42],[172.82,-43.16],[173.28,-42.96],[173.56,-42.5],[173.9,-42.24],[174.08,-41.96],[174.28,-41.76],[174.06,-41.42],[174.26,-41.12],[174.22,-41],[173.6,-41.06],[173.18,-41.32],[173.04,-41.14],[173.06,-40.88],[172.68,-40.74],[172.64,-40.5],[172.24,-40.78],[172.1,-40.88],[172.08,-41.42],[171.9,-41.6],[171.48,-41.84],[171.3,-42.3],[171.12,-42.6],[170.7,-42.96],[170.52,-43],[170.24,-43.24],[169.9,-43.4],[169.74,-43.56],[169.2,-43.76],[168.74,-44.02],[168.42,-44.02],[168.14,-44.28]],[[175.32,-37],[174.82,-36.82],[174.72,-36.6],[174.76,-36.24],[174.66,-36.14],[174.5,-35.98],[174.56,-35.6],[174.34,-35.28],[174.14,-35.32],[173.88,-35],[173.48,-35],[173.12,-34.8],[173.1,-35.22],[173.86,-36.06],[174.08,-36.4],[174.26,-36.26],[174.52,-36.22],[174.4,-36.32],[174.36,-36.64],[174.48,-37.02],[174.84,-36.94],[174.88,-37.08],[174.68,-37.3],[174.86,-37.76],[174.7,-38.12],[174.62,-38.7],[174.36,-38.98],[174.22,-38.98],[173.86,-39.14],[173.78,-39.4],[173.98,-39.54],[174.32,-39.62],[174.56,-39.82],[174.78,-39.86],[175.16,-40.08],[175.24,-40.34],[175.14,-40.68],[174.94,-40.98],[174.6,-41.3],[174.86,-41.42],[175.18,-41.42],[175.34,-41.6],[175.96,-41.24],[176.34,-40.7],[176.62,-40.46],[176.84,-40.18],[177.04,-39.76],[176.9,-39.44],[177.06,-39.2],[177.38,-39.08],[177.76,-39.08],[177.92,-38.96],[178.06,-38.72],[178.3,-38.54],[178.36,-38],[178.56,-37.72],[178.28,-37.56],[178.08,-37.56],[177.74,-37.68],[177.56,-37.92],[177.14,-38.02],[176.52,-37.76],[176,-37.64],[175.96,-37.36],[175.88,-36.92],[175.78,-36.78],[175.5,-36.66],[175.6,-37.22],[175.36,-37.2],[175.32,-37]],[[172.14,-34.14],[172.12,-34.16],[172.14,-34.16],[172.14,-34.14]]]}},{"type":"Feature","properties":{"iso":"OM"},"geometry":{"type":"MultiLineString","coordinates":[[[56.34,25.3],[56.26,25.34],[56.24,25.32],[56.2,25.22],[56.34,25.3]],[[56.16,25.66],[56.28,25.62],[56.4,26],[56.3,26.2],[56.08,26.06],[56.18,26.02],[56.16,25.66]],[[56.18,24.82],[56.08,24.72],[56.02,24.88],[55.98,24.98],[55.78,24.86],[55.8,24.7],[55.8,24.34],[56,24.08],[55.5,23.98],[55.54,23.78],[55.44,23.56],[55.2,23],[55.18,22.7],[55.62,22.02],[55.6,21.86],[55.34,21.1],[54.98,20],[53.64,19.54],[51.98,19],[51.98,18.98],[52.74,17.3],[52.8,17.26],[53.1,16.64],[53.58,16.74],[54.02,16.98],[54.6,17.04],[54.8,16.96],[55.02,17.02],[55.26,17.22],[55.22,17.52],[55.44,17.84],[56.18,17.96],[56.34,17.94],[56.56,18.14],[56.66,18.6],[56.92,18.82],[57.44,18.94],[57.84,19.02],[57.76,19.26],[57.7,19.76],[57.86,20.26],[58.1,20.58],[58.26,20.6],[58.22,20.4],[58.52,20.42],[58.68,20.82],[58.92,21.14],[59.34,21.44],[59.5,21.76],[59.8,22.2],[59.78,22.54],[59.48,22.62],[59.26,22.9],[59.08,23.06],[58.78,23.52],[58.5,23.66],[58.14,23.72],[57.92,23.72],[57.54,23.82],[57.16,23.96],[56.94,24.12],[56.62,24.5],[56.38,24.98],[56.32,24.92],[56.28,24.88],[56.18,24.82]],[[58.9,20.62],[58.64,20.36],[58.78,20.28],[58.9,20.62]]]}},{"type":"Feature","properties":{"iso":"PA"},"geometry":{"type":"LineString","coordinates":[[-82.58,9.58],[-82.82,9.6],[-82.94,9.44],[-82.94,9.08],[-82.72,8.92],[-82.92,8.74],[-82.84,8.62],[-82.94,8.24],[-82.9,8.04],[-82.88,8.22],[-82.66,8.32],[-82.52,8.28],[-82.28,8.34],[-82.1,8.24],[-81.72,8.14],[-81.66,8],[-81.52,7.72],[-81.2,7.64],[-81.08,7.8],[-80.94,7.56],[-80.88,7.22],[-80.6,7.24],[-80.36,7.38],[-80,7.5],[-80.14,7.76],[-80.38,8],[-80.48,8.1],[-80.38,8.32],[-80.04,8.4],[-79.78,8.58],[-79.76,8.8],[-79.48,9],[-79.18,9.02],[-78.76,8.82],[-78.5,8.64],[-78.4,8.36],[-78.44,8.08],[-78.14,7.5],[-77.9,7.24],[-77.82,7.48],[-77.58,7.52],[-77.34,7.7],[-77.2,7.98],[-77.26,8.16],[-77.46,8.54],[-77.38,8.66],[-77.58,8.8],[-78.02,9.22],[-78.44,9.4],[-79.06,9.46],[-79.08,9.56],[-79.56,9.62],[-79.9,9.3],[-80.64,9.06],[-80.86,8.88],[-81.22,8.8],[-81.54,8.82],[-81.8,8.94],[-82,8.94],[-82.24,9.02],[-82.34,9.4],[-82.58,9.58]]}},{"type":"Feature","properties":{"iso":"PE"},"geometry":{"type":"LineString","coordinates":[[-69.52,-17.5],[-69.66,-17.28],[-69.42,-17.08],[-69.2,-16.74],[-69.04,-16.68],[-69,-16.42],[-68.84,-16.3],[-69.22,-16.16],[-69.42,-15.66],[-69.3,-15.36],[-69.14,-15.24],[-69.4,-14.96],[-69.24,-14.6],[-69,-14.38],[-68.88,-14.22],[-68.98,-13.98],[-68.98,-13.04],[-68.98,-12.86],[-68.68,-12.5],[-69.58,-10.96],[-69.96,-10.92],[-70.28,-11.06],[-70.54,-10.94],[-70.64,-11.02],[-70.64,-9.96],[-70.54,-9.72],[-70.68,-9.52],[-71.2,-9.94],[-71.4,-10],[-72.2,-10],[-72.26,-9.66],[-72.44,-9.48],[-72.82,-9.42],[-73.22,-9.4],[-72.96,-9.08],[-73.18,-8.72],[-73.52,-8.38],[-73.72,-7.78],[-73.98,-7.52],[-73.98,-7.38],[-73.76,-7.34],[-73.8,-7.12],[-73.76,-6.9],[-73.14,-6.44],[-73.24,-6.08],[-73,-5.7],[-72.9,-5.28],[-72.92,-5.14],[-72.62,-5.02],[-72.08,-4.6],[-71.78,-4.48],[-70.96,-4.38],[-70.84,-4.18],[-70.42,-4.14],[-70.24,-4.3],[-69.96,-4.24],[-70.18,-4.02],[-70.32,-3.82],[-70.54,-3.86],[-70.74,-3.78],[-70.06,-2.72],[-70.88,-2.22],[-71,-2.2],[-71.22,-2.34],[-71.76,-2.14],[-71.96,-2.32],[-72.4,-2.44],[-72.64,-2.34],[-72.94,-2.42],[-73.2,-2.18],[-73.12,-2.08],[-73.18,-1.8],[-73.54,-1.68],[-73.5,-1.48],[-73.64,-1.26],[-74.28,-0.94],[-74.42,-0.56],[-74.82,-0.18],[-74.94,-0.2],[-75.14,-0.04],[-75.28,-0.1],[-75.46,-0.16],[-75.44,-0.4],[-75.26,-0.64],[-75.22,-0.96],[-75.42,-0.92],[-75.58,-1.54],[-76.1,-2.12],[-76.66,-2.56],[-77.82,-2.96],[-77.94,-3.06],[-78.38,-3.52],[-78.5,-3.96],[-78.68,-4.32],[-78.7,-4.58],[-78.86,-4.66],[-79,-4.96],[-79.24,-4.96],[-79.46,-4.78],[-79.5,-4.54],[-79.8,-4.48],[-80.08,-4.3],[-80.4,-4.48],[-80.48,-4.4],[-80.52,-4.06],[-80.16,-3.88],[-80.34,-3.4],[-80.78,-3.72],[-81.06,-4.08],[-81.26,-4.24],[-81.34,-4.68],[-81.06,-5.02],[-81.2,-5.2],[-80.94,-5.46],[-80.86,-5.66],[-80.94,-5.86],[-81.16,-5.88],[-81.1,-6.08],[-80.64,-6.38],[-80.12,-6.66],[-79.7,-7.16],[-79.46,-7.72],[-79.3,-7.94],[-78.98,-8.22],[-78.94,-8.44],[-78.76,-8.6],[-78.64,-8.96],[-78.5,-9.18],[-78.36,-9.62],[-78.22,-9.8],[-78.16,-10.14],[-77.9,-10.6],[-77.68,-10.92],[-77.6,-11.16],[-77.64,-11.3],[-77.32,-11.5],[-77.2,-11.68],[-77.14,-12],[-77.18,-12.08],[-77.12,-12.08],[-76.86,-12.3],[-76.8,-12.5],[-76.52,-12.86],[-76.48,-13.04],[-76.24,-13.32],[-76.18,-13.54],[-76.28,-14.14],[-75.98,-14.46],[-75.94,-14.64],[-75.56,-14.88],[-75.08,-15.44],[-74.46,-15.72],[-74.44,-15.8],[-74.04,-15.96],[-73.7,-16.22],[-72.7,-16.66],[-72.36,-16.76],[-72.3,-16.88],[-71.8,-17.2],[-71.48,-17.32],[-71.36,-17.64],[-71.18,-17.8],[-70.92,-17.94],[-70.68,-18.16],[-70.4,-18.34],[-69.98,-18.26],[-69.78,-17.98],[-69.86,-17.74],[-69.52,-17.5]]}},{"type":"Feature","properties":{"iso":"PF"},"geometry":{"type":"MultiLineString","coordinates":[[[-140.68,-17.78],[-140.78,-17.76],[-140.78,-17.86],[-140.68,-17.78]],[[-149.18,-17.74],[-149.36,-17.54],[-149.6,-17.52],[-149.58,-17.74],[-149.18,-17.74]],[[-151.48,-16.74],[-151.46,-16.9],[-151.36,-16.86],[-151.48,-16.74]],[[-144.28,-27.58],[-144.34,-27.56],[-144.34,-27.62],[-144.3,-27.64],[-144.28,-27.58]],[[-138.84,-9.74],[-139.06,-9.7],[-139.16,-9.82],[-138.86,-9.8],[-138.84,-9.74]]]}},{"type":"Feature","properties":{"iso":"PG"},"geometry":{"type":"MultiLineString","coordinates":[[[143.08,-3.36],[142.5,-3.2],[141.9,-2.96],[141.28,-2.64],[140.98,-2.6],[140.98,-3.8],[140.98,-4.98],[140.98,-6.34],[140.84,-6.7],[140.98,-6.9],[140.98,-7.96],[140.98,-9.1],[141.12,-9.22],[141.42,-9.16],[141.52,-9.22],[141.86,-9.22],[142.22,-9.16],[142.66,-9.34],[143.18,-9.04],[143.4,-8.96],[143.4,-8.78],[142.98,-8.34],[143.34,-8.24],[143.6,-8.24],[143.54,-8.04],[143.94,-8],[143.92,-7.7],[144.22,-7.8],[144.44,-7.62],[144.7,-7.62],[144.88,-7.78],[145.62,-7.94],[146.1,-8.1],[146.38,-8.58],[146.58,-8.82],[146.62,-9.02],[146.92,-9.12],[147.1,-9.48],[147.28,-9.52],[147.52,-9.88],[147.76,-10.06],[148.24,-10.1],[148.98,-10.28],[149.06,-10.24],[149.46,-10.36],[149.68,-10.34],[149.94,-10.44],[150.06,-10.64],[150.42,-10.68],[150.7,-10.56],[150.2,-10.1],[149.94,-10.06],[149.74,-9.8],[150.02,-9.64],[149.46,-9.6],[149.22,-9.48],[149.18,-9.36],[149.3,-9.12],[149.24,-9],[148.76,-9.1],[148.56,-9.04],[148.44,-8.66],[148.24,-8.56],[148.12,-8.06],[147.98,-8],[147.72,-7.94],[147.68,-7.82],[147.16,-7.4],[147.14,-7.22],[146.96,-6.96],[146.98,-6.74],[147.78,-6.72],[147.86,-6.7],[147.82,-6.34],[147.44,-5.96],[147.04,-5.94],[146.8,-5.82],[146.46,-5.6],[145.72,-5.42],[145.82,-4.86],[145.34,-4.4],[145.06,-4.34],[144.86,-4.1],[144.58,-4],[144.52,-3.82],[144,-3.8],[143.82,-3.62],[143.48,-3.42],[143.08,-3.36]],[[148.04,-5.6],[147.76,-5.62],[148.02,-5.84],[148.04,-5.6]],[[150.8,-9.66],[150.88,-9.52],[150.5,-9.34],[150.54,-9.62],[150.8,-9.66]],[[153,-9.14],[152.8,-9],[152.6,-9.06],[152.82,-9.26],[153,-9.14]],[[155.94,-6.64],[155.92,-6.52],[155.72,-6.28],[155.46,-6.14],[155.4,-6],[155.06,-5.56],[154.78,-5.56],[154.7,-5.76],[154.76,-5.94],[154.98,-6.2],[155.24,-6.36],[155.18,-6.56],[155.36,-6.74],[155.72,-6.88],[155.88,-6.8],[155.94,-6.64]],[[151.64,-4.94],[151.38,-4.92],[151.08,-5.16],[151.02,-5.4],[150.72,-5.54],[150.42,-5.46],[150.14,-5.54],[150.06,-5.34],[149.88,-5.52],[149.62,-5.52],[149.4,-5.58],[148.98,-5.46],[148.84,-5.54],[148.42,-5.44],[148.32,-5.64],[148.38,-5.78],[148.78,-5.88],[149.14,-6.14],[149.46,-6.1],[149.62,-6.3],[150.06,-6.26],[150.46,-6.28],[150.78,-6.12],[151.2,-5.94],[151.46,-5.68],[151.48,-5.52],[151.78,-5.58],[152.1,-5.46],[152.12,-5.3],[151.98,-5.16],[152,-4.98],[152.3,-4.94],[152.42,-4.68],[152.42,-4.36],[152.18,-4.3],[151.96,-4.34],[151.82,-4.22],[151.54,-4.18],[151.7,-4.82],[151.64,-4.94]],[[153.14,-4.26],[152.96,-4],[152.58,-3.82],[152.5,-3.64],[152.22,-3.46],[152.06,-3.24],[151.8,-3.36],[152.28,-3.56],[152.52,-3.86],[152.68,-4.16],[152.68,-4.46],[152.88,-4.78],[153.08,-4.6],[153.14,-4.26]],[[150.46,-2.54],[150.2,-2.38],[150,-2.46],[150.18,-2.68],[150.46,-2.66],[150.46,-2.54]],[[147.44,-1.98],[146.66,-1.96],[146.64,-2.16],[147.22,-2.18],[147.44,-1.98]]]}},{"type":"Feature","properties":{"iso":"PH"},"geometry":{"type":"MultiLineString","coordinates":[[[121.38,6],[121.04,6.1],[121.08,5.88],[121.38,6]],[[125.68,7.26],[125.84,7.36],[125.96,7.04],[126.08,6.84],[126.1,6.52],[126.22,6.46],[126.26,6.76],[126.34,7],[126.62,7.26],[126.58,7.72],[126.38,7.9],[126.46,8.22],[126.3,8.76],[126.32,8.96],[126.18,9.1],[125.94,9.5],[125.4,9.68],[125.46,9.44],[125.54,9.18],[125.52,9.02],[125.44,8.98],[125.2,9.08],[125.12,8.84],[124.92,9],[124.78,8.94],[124.76,8.56],[124.58,8.52],[124.4,8.6],[124.26,8.32],[124.24,8.22],[123.96,8.16],[123.68,7.96],[123.68,8.02],[123.88,8.16],[123.84,8.46],[123.76,8.6],[123.54,8.62],[123.06,8.5],[122.92,8.16],[122.3,8],[122.12,7.82],[122.04,7.3],[121.9,7.16],[121.94,6.98],[122.16,6.92],[122.36,7.48],[122.6,7.76],[122.82,7.74],[122.84,7.54],[123,7.46],[123.1,7.72],[123.22,7.52],[123.48,7.66],[123.62,7.84],[123.86,7.7],[124.06,7.6],[124.16,7.44],[124.22,7.32],[124.18,7.22],[124.02,7.12],[123.96,6.82],[124.04,6.76],[124.06,6.44],[124.24,6.18],[124.38,6.14],[124.94,5.86],[125.12,5.96],[125.24,6.1],[125.18,5.8],[125.3,5.58],[125.38,5.58],[125.66,5.96],[125.7,6.14],[125.58,6.52],[125.4,6.6],[125.38,6.76],[125.5,7.02],[125.68,7.26]],[[118.38,9.66],[118.12,9.34],[117.9,9.26],[117.66,9.06],[117.3,8.64],[117.32,8.46],[117.52,8.5],[117.56,8.66],[117.78,8.7],[118.02,8.88],[118.14,9.12],[118.34,9.18],[118.64,9.52],[118.88,9.98],[119.2,10.06],[119.36,10.32],[119.7,10.5],[119.6,10.68],[119.5,10.98],[119.56,11.26],[119.42,11.3],[119.4,11.04],[119.22,10.86],[119.34,10.72],[119.28,10.5],[119,10.3],[118.82,10.2],[118.54,9.78],[118.38,9.66]],[[120.34,12.02],[120.02,12.26],[119.98,12.02],[120.34,12.02]],[[125.72,9.92],[125.66,10.26],[125.5,10.1],[125.72,9.92]],[[124.76,10.18],[125,10.2],[125.26,10.36],[125.16,10.62],[125,10.8],[125.04,11.2],[124.98,11.34],[124.84,11.44],[124.62,11.3],[124.4,11.3],[124.4,10.96],[124.54,10.98],[124.62,11],[124.78,10.82],[124.74,10.4],[124.76,10.18]],[[125.24,11.1],[125.44,11.1],[125.56,11.26],[125.48,11.6],[125.46,11.96],[125.5,12.24],[125.32,12.3],[125.16,12.58],[124.68,12.52],[124.28,12.54],[124.38,12.3],[124.56,12.06],[124.68,12.02],[125,11.62],[125,11.42],[125.24,11.1]],[[124.6,11.56],[124.5,11.7],[124.36,11.68],[124.46,11.5],[124.6,11.56]],[[121.44,15.2],[121.38,15.3],[121.64,15.72],[121.58,15.94],[121.76,16.08],[122.2,16.26],[122.24,16.52],[122.34,16.64],[122.52,17.1],[122.44,17.3],[122.26,17.36],[122.18,17.54],[122.14,17.8],[122.18,18.12],[122.3,18.26],[122.22,18.52],[121.98,18.28],[121.62,18.36],[121.1,18.64],[121,18.6],[120.86,18.64],[120.62,18.54],[120.42,17.9],[120.34,17.56],[120.44,17.36],[120.4,16.92],[120.3,16.54],[120.4,16.2],[120.36,16.1],[120.26,16.06],[119.9,16.26],[119.76,16.2],[119.76,15.94],[119.88,15.8],[119.88,15.42],[120,15.26],[120.1,14.8],[120.2,14.88],[120.28,14.8],[120.4,14.46],[120.6,14.5],[120.54,14.82],[120.66,14.78],[120.92,14.7],[120.94,14.62],[120.98,14.56],[120.98,14.54],[120.98,14.5],[120.96,14.5],[120.6,14.22],[120.74,13.94],[121.28,13.6],[121.46,13.82],[121.54,13.88],[121.64,13.9],[121.72,13.96],[122.12,13.76],[122.5,13.36],[122.62,13.56],[122.5,13.66],[122.56,13.94],[122.74,13.82],[122.82,13.66],[123.16,13.44],[123.3,13.24],[123.32,13.02],[123.5,12.98],[123.82,12.84],[123.88,12.64],[124.1,12.56],[124.14,12.8],[124.08,13],[123.94,13.12],[123.6,13.52],[123.58,13.72],[123.8,13.68],[123.94,13.78],[123.48,13.96],[123.32,13.82],[123.04,13.82],[123.08,13.98],[122.86,14.28],[122.48,14.34],[122.3,14.1],[122.24,13.9],[121.94,14],[121.74,14.18],[121.56,14.98],[121.44,15.2]],[[120.26,5.26],[120.08,5.26],[119.82,5.14],[119.96,5.08],[120.02,5.16],[120.26,5.26]],[[122.04,6.74],[122.1,6.58],[121.88,6.5],[121.96,6.4],[122.18,6.46],[122.24,6.58],[122.04,6.74]],[[124.78,9.2],[124.64,9.22],[124.68,9.12],[124.78,9.08],[124.78,9.2]],[[123.7,9.16],[123.66,9.28],[123.48,9.18],[123.64,9.1],[123.7,9.16]],[[124.56,9.88],[124.58,10.02],[124.34,10.16],[124.18,10.14],[123.88,9.92],[123.8,9.74],[123.94,9.62],[124.3,9.6],[124.56,9.88]],[[122.72,10.74],[122.52,10.6],[122.64,10.44],[122.72,10.74]],[[122.98,10.74],[122.92,10.62],[122.82,10.48],[122.88,10.12],[122.7,9.98],[122.48,9.98],[122.4,9.84],[122.6,9.44],[122.86,9.32],[123.04,9.04],[123.24,9.1],[123.32,9.34],[123.2,9.48],[123.16,9.86],[123.3,10.1],[123.36,10.4],[123.58,10.82],[123.52,10.92],[123.22,11],[122.96,10.88],[122.98,10.74]],[[123.86,10.24],[123.94,10.3],[123.98,10.38],[124.04,10.48],[124.06,10.88],[123.96,11.16],[123.84,10.76],[123.7,10.46],[123.38,9.94],[123.32,9.5],[123.48,9.56],[123.72,10.16],[123.86,10.24]],[[123.94,10.3],[124,10.32],[123.98,10.26],[123.94,10.26],[123.94,10.3]],[[122.6,11.56],[122.38,11.72],[121.96,11.94],[121.86,11.76],[122.1,11.66],[122.04,11.02],[121.94,10.78],[122.04,10.46],[122.22,10.64],[122.48,10.68],[122.62,10.76],[122.78,10.96],[123.02,11.1],[123.18,11.46],[123.08,11.52],[122.86,11.6],[122.6,11.56]],[[122.12,12.66],[122,12.58],[122,12.44],[122.08,12.32],[122.14,12.56],[122.12,12.66]],[[124.06,11.8],[124.04,11.98],[123.88,12.22],[123.44,12.52],[123.28,12.42],[123.18,11.94],[123.42,12.2],[123.54,12.2],[123.72,11.96],[124.06,11.8]],[[121.24,12.22],[121.42,12.38],[121.54,12.64],[121.44,13.22],[121.22,13.4],[120.9,13.5],[120.56,13.52],[120.48,13.3],[120.76,13],[120.8,12.72],[121.14,12.24],[121.24,12.22]],[[122.1,13.42],[121.98,13.54],[121.82,13.34],[122,13.2],[122.1,13.42]],[[124.42,13.88],[124.12,14.04],[124.18,13.52],[124.38,13.72],[124.42,13.88]],[[122,20.48],[121.98,20.48],[121.96,20.4],[122.02,20.46],[122,20.48]]]}},{"type":"Feature","properties":{"iso":"PK"},"geometry":{"type":"LineString","coordinates":[[76.78,35.64],[76.56,35.86],[76.16,35.8],[75.9,36.1],[76.02,36.24],[75.98,36.46],[75.8,36.68],[75.42,36.74],[75.36,36.92],[74.54,37.02],[74.1,36.84],[73.72,36.9],[72.56,36.82],[72.22,36.72],[71.74,36.4],[71.62,36.46],[71.16,36.04],[71.34,35.94],[71.6,35.46],[71.64,35.2],[71.44,34.94],[71.28,34.88],[70.98,34.56],[71.12,34.36],[71.04,34.04],[70.52,33.94],[69.9,34.04],[70,33.74],[70.3,33.32],[69.88,33.08],[69.48,33.02],[69.42,32.66],[69.22,32.42],[69.3,31.94],[69,31.66],[68.78,31.62],[68.52,31.82],[68.1,31.76],[67.74,31.54],[67.74,31.32],[67.34,31.2],[67.02,31.24],[66.7,31.2],[66.56,30.98],[66.36,30.92],[66.26,30.6],[66.32,30.44],[66.2,29.84],[65.04,29.54],[64.5,29.58],[64.2,29.5],[64.08,29.38],[63.56,29.5],[62.6,29.42],[62.38,29.42],[60.84,29.86],[61.28,29.4],[61.66,28.76],[61.9,28.54],[62.36,28.42],[62.58,28.22],[62.76,28.22],[62.74,28],[62.82,27.5],[62.8,27.22],[63.26,27.22],[63.26,26.9],[63.14,26.62],[62.76,26.64],[62.3,26.5],[62.24,26.36],[61.86,26.24],[61.76,25.84],[61.66,25.76],[61.58,25.2],[61.88,25.1],[62.08,25.2],[62.36,25.18],[62.48,25.26],[63.02,25.22],[63.18,25.26],[63.5,25.2],[63.58,25.36],[64.06,25.34],[64.66,25.22],[64.8,25.32],[65.16,25.3],[65.4,25.4],[65.68,25.34],[66.26,25.48],[66.44,25.6],[66.72,25.24],[66.7,24.9],[67.18,24.76],[67.3,24.18],[67.64,23.8],[67.86,23.86],[68.1,23.74],[68.18,23.84],[68.44,23.96],[68.72,23.96],[68.72,24.28],[68.98,24.26],[69.56,24.28],[69.68,24.18],[69.98,24.16],[70.1,24.3],[70.56,24.42],[70.76,24.24],[70.92,24.36],[71.06,24.7],[70.86,25.14],[70.64,25.44],[70.66,25.64],[70.26,25.7],[70.06,25.98],[70.16,26.54],[69.82,26.58],[69.46,26.8],[69.58,27.18],[70.02,27.6],[70.18,27.9],[70.46,28.04],[70.84,27.7],[71.32,27.86],[71.86,27.96],[71.9,28.1],[72.14,28.36],[72.38,28.78],[72.9,29.02],[73.24,29.54],[73.38,29.92],[73.74,30.04],[73.94,30.2],[73.86,30.38],[74.16,30.66],[74.32,30.9],[74.6,31.06],[74.5,31.18],[74.62,31.44],[74.48,31.72],[74.82,32.02],[75.3,32.14],[75.3,32.34],[75.02,32.46],[74.72,32.46],[74.64,32.72],[74.32,32.82],[74.32,32.98],[74,33.18],[74.14,33.54],[73.98,33.64],[74.04,33.82],[73.94,34],[74,34.2],[73.78,34.38],[73.96,34.66],[74.28,34.76],[75.02,34.62],[75.22,34.64],[75.34,34.56],[75.78,34.5],[76.02,34.68],[76.56,34.72],[76.92,34.92],[77.04,35.12],[76.78,35.64]]}},{"type":"Feature","properties":{"iso":"PL"},"geometry":{"type":"LineString","coordinates":[[18.02,50.04],[18.48,49.9],[18.84,49.52],[19.18,49.4],[19.44,49.6],[19.86,49.2],[20.32,49.4],[21.52,49.42],[21.82,49.38],[22.02,49.22],[22.54,49.08],[22.86,49.02],[22.7,49.16],[22.64,49.52],[23.1,49.96],[23.66,50.32],[23.98,50.4],[24.1,50.64],[23.88,51.14],[23.64,51.34],[23.6,51.52],[23.56,51.76],[23.64,52.08],[23.18,52.28],[23.4,52.5],[23.74,52.62],[23.92,52.78],[23.9,53.16],[23.6,53.62],[23.48,53.94],[23.34,54.22],[22.82,54.4],[22.76,54.36],[22.7,54.34],[20.92,54.4],[19.76,54.44],[19.6,54.46],[19,54.34],[18.58,54.44],[18.42,54.78],[17.88,54.82],[17.34,54.74],[16.78,54.58],[16.5,54.54],[16.22,54.28],[15.86,54.24],[14.22,53.94],[14.2,53.88],[14.26,53.7],[14.4,53.34],[14.22,52.82],[14.6,52.6],[14.54,52.42],[14.76,52.08],[14.58,51.8],[14.7,51.54],[14.96,51.4],[15.02,51.28],[14.82,50.86],[15,51],[15.22,50.98],[15.52,50.78],[15.84,50.68],[16.34,50.64],[16.34,50.38],[16.58,50.12],[16.86,50.18],[16.94,50.42],[17.38,50.28],[17.84,49.98],[18.02,50.04]]}},{"type":"Feature","properties":{"iso":"PM"},"geometry":{"type":"MultiLineString","coordinates":[[[-56.16,46.8],[-56.2,46.8],[-56.24,46.76],[-56.16,46.76],[-56.16,46.8]],[[-56.28,46.9],[-56.32,46.98],[-56.26,47.06],[-56.4,47.12],[-56.34,46.96],[-56.28,46.9]]]}},{"type":"Feature","properties":{"iso":"PN"},"geometry":{"type":"LineString","coordinates":[[-128.34,-24.32],[-128.36,-24.34],[-128.32,-24.4],[-128.3,-24.4],[-128.3,-24.34],[-128.34,-24.32]]}},{"type":"Feature","properties":{"iso":"PR"},"geometry":{"type":"LineString","coordinates":[[-65.62,18.28],[-65.66,18.36],[-65.98,18.46],[-67.1,18.52],[-67.28,18.36],[-67.16,18.2],[-67.22,17.96],[-66.76,17.98],[-66.16,17.92],[-65.84,18.02],[-65.62,18.28]]}},{"type":"Feature","properties":{"iso":"PS"},"geometry":{"type":"MultiLineString","coordinates":[[[34.48,31.58],[34.2,31.32],[34.24,31.22],[34.48,31.58]],[[35.22,32.54],[35.04,32.38],[34.96,32.18],[35,31.86],[34.96,31.6],[34.92,31.34],[35.22,31.38],[35.46,31.5],[35.5,31.68],[35.56,31.76],[35.56,32.2],[35.56,32.38],[35.22,32.54]]]}},{"type":"Feature","properties":{"iso":"PT"},"geometry":{"type":"MultiLineString","coordinates":[[[-7.12,38.18],[-7.36,38.44],[-7.22,38.76],[-6.98,39.02],[-7.26,39.28],[-7.32,39.46],[-7.56,39.68],[-7.04,39.68],[-6.88,40],[-6.94,40.26],[-6.88,40.28],[-6.82,40.64],[-6.92,41.04],[-6.48,41.3],[-6.2,41.58],[-6.56,41.68],[-6.52,41.86],[-6.98,41.96],[-7.2,41.88],[-7.58,41.82],[-7.72,41.9],[-8.06,41.82],[-8.18,41.82],[-8.1,42.02],[-8.22,42.16],[-8.76,41.96],[-8.86,41.86],[-8.82,41.62],[-8.78,41.46],[-8.66,41.02],[-8.78,40.52],[-8.9,40.04],[-9.1,39.58],[-9.34,39.3],[-9.5,38.7],[-9.12,38.72],[-9.1,38.82],[-8.92,39.04],[-8.8,39.08],[-9.02,38.92],[-8.94,38.78],[-9.06,38.7],[-9.26,38.66],[-9.2,38.42],[-8.9,38.52],[-8.78,38.18],[-8.86,37.98],[-8.8,37.82],[-8.8,37.44],[-8.88,37.04],[-8.62,37.12],[-7.78,37.02],[-7.42,37.2],[-7.52,37.52],[-7.26,37.94],[-7.02,38.02],[-6.96,38.2],[-7.12,38.18]],[[-16.78,32.68],[-16.92,32.84],[-17.26,32.82],[-16.98,32.64],[-16.78,32.68]],[[-25.2,37.86],[-25.68,37.84],[-25.5,37.7],[-25.2,37.74],[-25.2,37.86]]]}},{"type":"Feature","properties":{"iso":"PW"},"geometry":{"type":"MultiLineString","coordinates":[[[134.28,7.08],[134.24,7],[134.28,7.02],[134.28,7.08]],[[134.46,7.3],[134.44,7.28],[134.4,7.24],[134.46,7.26],[134.46,7.3]],[[134.54,7.58],[134.52,7.52],[134.48,7.46],[134.52,7.4],[134.6,7.42],[134.62,7.48],[134.62,7.54],[134.66,7.6],[134.66,7.68],[134.64,7.72],[134.62,7.72],[134.64,7.68],[134.62,7.62],[134.54,7.58]],[[131.14,3.04],[131.14,3.02],[131.18,3.04],[131.18,3.06],[131.14,3.04]],[[134.16,6.88],[134.18,6.92],[134.14,6.92],[134.16,6.88]],[[134.7,8.1],[134.7,8.08],[134.72,8.06],[134.72,8.08],[134.7,8.1]]]}},{"type":"Feature","properties":{"iso":"PY"},"geometry":{"type":"LineString","coordinates":[[-62.34,-22.48],[-61.96,-23.04],[-61.5,-23.42],[-61.1,-23.6],[-61,-23.8],[-60.78,-23.88],[-60.32,-24.02],[-60.04,-24],[-59.46,-24.36],[-59.34,-24.48],[-58.8,-24.78],[-58.48,-24.86],[-57.9,-25.08],[-57.68,-25.28],[-57.6,-25.4],[-57.62,-25.62],[-57.82,-25.84],[-57.88,-26.02],[-58.08,-26.12],[-58.2,-26.4],[-58.24,-26.76],[-58.36,-26.88],[-58.66,-27.16],[-58.6,-27.32],[-58.02,-27.26],[-57.54,-27.4],[-57.32,-27.42],[-57.18,-27.48],[-56.9,-27.42],[-56.64,-27.46],[-56.36,-27.58],[-56.28,-27.38],[-55.96,-27.34],[-55.76,-27.44],[-55.42,-26.98],[-54.98,-26.78],[-54.7,-26.44],[-54.66,-26.24],[-54.58,-25.82],[-54.6,-25.58],[-54.6,-25.44],[-54.42,-25.14],[-54.36,-24.74],[-54.26,-24.32],[-54.24,-24.06],[-54.62,-23.82],[-54.94,-23.96],[-55.4,-23.98],[-55.54,-23.54],[-55.54,-23.22],[-55.64,-23],[-55.64,-22.62],[-55.9,-22.3],[-56.2,-22.28],[-56.42,-22.08],[-56.84,-22.28],[-57.22,-22.18],[-57.38,-22.22],[-57.98,-22.08],[-57.86,-21.34],[-57.86,-20.74],[-58,-20.62],[-57.98,-20.44],[-58.16,-20.16],[-58.18,-19.82],[-59.08,-19.28],[-60,-19.3],[-61.76,-19.66],[-61.92,-20.06],[-62.22,-20.48],[-62.28,-20.58],[-62.28,-21],[-62.66,-22.24],[-62.34,-22.48]]}},{"type":"Feature","properties":{"iso":"QA"},"geometry":{"type":"LineString","coordinates":[[50.8,24.74],[50.98,24.56],[51.22,24.62],[51.22,24.64],[51.44,24.68],[51.58,24.96],[51.62,25.24],[51.52,25.38],[51.54,25.62],[51.58,25.88],[51.42,25.96],[51.26,26.16],[51.04,26.06],[50.98,25.82],[50.94,25.78],[50.78,25.52],[50.8,24.74]]}},{"type":"Feature","properties":{"iso":"RO"},"geometry":{"type":"LineString","coordinates":[[22.88,47.94],[22.74,47.82],[22.26,47.72],[22.16,47.6],[22.16,47.58],[21.64,47.02],[21.42,46.66],[21.16,46.32],[20.78,46.26],[20.7,46.16],[20.24,46.1],[20.64,45.8],[20.78,45.76],[20.82,45.46],[21.02,45.32],[21.48,45.16],[21.36,44.82],[22.04,44.6],[22.04,44.58],[22.32,44.68],[22.7,44.22],[23,44.1],[22.86,43.9],[23.06,43.84],[23.32,43.88],[23.62,43.84],[24.14,43.76],[24.34,43.76],[24.66,43.76],[25.28,43.7],[25.48,43.66],[25.74,43.72],[26.16,44.02],[26.34,44.06],[26.42,44.06],[27.02,44.18],[27.26,44.12],[27.68,43.98],[27.94,43.96],[28.22,43.76],[28.58,43.74],[28.68,44],[28.64,44.32],[28.84,44.5],[28.78,44.68],[28.92,44.76],[29.62,44.84],[29.66,45.22],[29.66,45.34],[29.32,45.44],[28.72,45.22],[28.34,45.32],[28.22,45.46],[28.2,45.46],[28.1,46.1],[28.12,46.1],[28.22,46.4],[28.24,46.64],[28.12,46.84],[28.1,46.92],[28.04,47.02],[27.58,47.36],[27.44,47.58],[27.42,47.58],[27.28,47.76],[27.18,47.94],[27.04,48.12],[26.62,48.26],[26.3,48.22],[26.1,47.98],[25.26,47.9],[24.94,47.72],[24.92,47.72],[24.56,47.94],[24.24,47.9],[23.98,47.96],[23.48,47.98],[23.24,48.08],[22.88,47.94]]}},{"type":"Feature","properties":{"iso":"RS"},"geometry":{"type":"LineString","coordinates":[[19.72,46.16],[19.3,46.02],[18.9,45.94],[18.84,45.82],[19.02,45.5],[19,45.44],[19.1,45.3],[19.4,45.18],[19.14,45.16],[19.02,44.86],[19.36,44.9],[19.18,44.54],[19.1,44.38],[19.52,44.1],[19.24,43.96],[19.46,43.76],[19.2,43.54],[19.54,43.22],[20.06,43.02],[20.12,42.98],[20.34,42.82],[20.5,42.88],[20.62,43.02],[20.64,43.06],[20.8,43.26],[20.92,43.14],[21,43.1],[21.4,42.84],[21.38,42.76],[21.48,42.74],[21.74,42.68],[21.62,42.44],[21.56,42.24],[21.68,42.24],[21.72,42.26],[22.04,42.3],[22.14,42.32],[22.34,42.32],[22.5,42.4],[22.44,42.64],[22.44,42.82],[22.54,42.88],[22.74,42.9],[22.98,43.18],[22.72,43.38],[22.66,43.4],[22.52,43.48],[22.34,43.8],[22.46,44.02],[22.7,44.22],[22.32,44.68],[22.04,44.58],[22.04,44.6],[21.36,44.82],[21.48,45.16],[21.02,45.32],[20.82,45.46],[20.78,45.76],[20.64,45.8],[20.24,46.1],[20.12,46.16],[20.06,46.14],[19.88,46.16],[19.72,46.16]]}},{"type":"Feature","properties":{"iso":"RU"},"geometry":{"type":"MultiLineString","coordinates":[[[87.82,49.16],[88.14,49.28],[88.2,49.46],[88.88,49.44],[89.26,49.62],[89.68,49.7],[89.64,49.9],[90,50],[90.48,50.22],[90.68,50.22],[91.02,50.42],[91.42,50.46],[91.74,50.68],[92.16,50.68],[92.3,50.84],[92.64,50.68],[93.02,50.62],[94.24,50.56],[94.34,50.24],[94.62,50.02],[95.48,49.9],[95.86,50.02],[96.38,49.88],[96.96,49.88],[97.08,49.8],[97.3,49.72],[97.56,49.92],[97.84,49.94],[98.1,50.06],[98.26,50.28],[98.3,50.52],[98.02,50.64],[97.8,51],[98.06,51.46],[98.34,51.72],[98.62,51.78],[98.94,52.12],[99.32,51.94],[99.68,51.88],[100,51.74],[100.52,51.72],[101.38,51.46],[102.06,51.38],[102.32,50.54],[102.62,50.4],[103.6,50.14],[104.2,50.18],[104.34,50.28],[105.32,50.48],[105.98,50.4],[106.24,50.3],[106.66,50.32],[106.98,50.2],[107.22,50],[107.74,49.96],[107.94,49.94],[108.04,49.58],[108.56,49.32],[109.28,49.34],[110.18,49.16],[110.38,49.24],[110.74,49.14],[111.34,49.36],[112.12,49.44],[112.44,49.52],[112.74,49.5],[113.04,49.58],[113.22,49.82],[113.58,50.02],[114.28,50.28],[114.76,50.24],[115.36,49.9],[115.76,49.88],[116.22,50.02],[116.68,49.82],[117.06,49.68],[117.76,49.52],[118.16,49.68],[118.64,49.96],[119.1,49.98],[119.32,50.1],[119.3,50.6],[119.74,51.08],[120.1,51.66],[120.64,51.92],[120.78,52.12],[120.62,52.34],[120.72,52.54],[120.42,52.64],[120.06,52.6],[120.04,52.76],[120.28,52.86],[120.88,53.28],[121.42,53.32],[122.02,53.42],[122.34,53.5],[122.86,53.48],[123.26,53.56],[123.64,53.56],[124.24,53.38],[124.72,53.14],[125.12,53.2],[125.62,53.06],[126.04,52.72],[126.54,52.16],[126.44,51.98],[126.96,51.32],[126.94,51.06],[127.28,50.76],[127.34,50.32],[127.58,50.22],[127.5,49.82],[127.84,49.6],[128.1,49.54],[128.66,49.6],[129.06,49.38],[129.72,49.28],[129.92,49.04],[130.24,48.86],[130.62,48.88],[130.54,48.64],[130.82,48.28],[130.66,48.12],[131.02,47.68],[131.42,47.74],[131.58,47.66],[132.52,47.7],[132.66,47.86],[133.1,48.1],[133.46,48.08],[133.72,48.24],[134.38,48.38],[134.7,48.26],[134.56,48.04],[134.78,47.72],[134.48,47.44],[134.16,47.26],[134,46.64],[133.84,46.48],[133.9,46.26],[133.68,46.14],[133.42,45.58],[133.2,45.52],[133.12,45.12],[132.96,45.02],[131.96,45.24],[131.82,45.34],[131.42,44.96],[130.94,44.84],[131.06,44.68],[131.26,44.06],[131.18,43.78],[131.26,43.46],[131.28,43.38],[131,42.84],[130.76,42.86],[130.4,42.74],[130.54,42.54],[130.7,42.3],[130.86,42.52],[131.48,42.88],[131.76,43.22],[131.96,43.08],[132.36,43.28],[132.4,42.94],[132.78,42.88],[133.16,42.68],[133.6,42.84],[133.92,42.88],[134.2,43.08],[134.58,43.22],[135.14,43.5],[135.22,43.68],[135.48,43.84],[135.66,44.16],[135.88,44.4],[136.12,44.48],[136.36,44.8],[136.56,44.9],[136.82,45.2],[137.14,45.38],[137.68,45.8],[138.1,46.22],[138.54,46.98],[139.02,47.38],[139.26,47.78],[140.04,48.34],[140.56,49.58],[140.42,49.86],[140.66,50.06],[140.52,50.16],[140.44,50.54],[140.66,50.94],[140.7,51.34],[140.9,51.42],[141.42,51.94],[141.52,52.18],[141.16,52.36],[141.28,52.58],[141.18,52.98],[141.44,53.14],[140.94,53.48],[140.54,53.68],[140.26,53.9],[140.24,54.06],[139.82,54.22],[139.16,54.2],[138.74,54.32],[138.76,53.98],[138.5,53.54],[137.92,53.58],[137.34,53.52],[137.6,53.82],[137.46,54.32],[137.06,54.14],[137.3,54.04],[137.18,53.86],[136.68,53.8],[136.88,54.6],[136.24,54.62],[135.76,54.58],[135.26,54.72],[135.22,54.9],[135.54,55.08],[135.86,55.18],[136.32,55.48],[136.78,55.66],[137.58,56.12],[137.92,56.36],[138.66,56.98],[139.2,57.28],[139.78,57.48],[139.98,57.68],[140.5,57.84],[140.66,58.2],[140.9,58.38],[141.58,58.62],[142.26,59.12],[143.16,59.36],[143.5,59.32],[143.84,59.4],[145,59.36],[145.68,59.42],[146.06,59.14],[146.44,59.46],[146.88,59.36],[147.6,59.3],[147.92,59.4],[148.4,59.38],[148.78,59.24],[149,59.36],[149.14,59.64],[149.6,59.76],[150.46,59.62],[151.64,59.48],[151.76,59.3],[151.22,59.1],[151.36,58.86],[152.02,58.88],[152.4,59.02],[152.92,58.92],[153.36,59.24],[154.04,59.06],[154.5,59.22],[155.2,59.18],[155.2,59.34],[154.96,59.5],[154.42,59.54],[154.22,59.86],[154.48,59.9],[154.56,60.1],[154.96,60.36],[155.92,60.76],[156,60.94],[156.54,61.2],[156.68,61.52],[157.46,61.78],[158.08,61.74],[158.26,61.82],[158.86,61.82],[159.36,61.9],[159.58,61.66],[159.96,61.76],[160.42,61.76],[159.96,61.38],[160,61.1],[160.42,60.98],[160.18,60.82],[160.38,60.7],[160.82,60.76],[161.6,61.26],[161.98,61.38],[162.52,61.66],[162.9,61.58],[163.14,62.04],[163.1,62.22],[163.26,62.52],[164.06,62.66],[164.6,62.68],[164.54,62.46],[164.12,62.26],[164.04,61.68],[163.76,61.48],[164.02,61.34],[163.48,61],[163.34,60.8],[161.94,60.42],[161.9,60.2],[161.54,60.06],[160.8,59.6],[160.5,59.56],[160.32,59.34],[159.86,59.14],[159.76,58.92],[159.02,58.42],[158.16,58.02],[157.72,58.02],[157.46,57.8],[156.94,57.66],[157,57.42],[156.84,57.22],[156.38,56.92],[156.12,56.84],[155.92,56.58],[155.68,56.04],[155.56,55.28],[155.72,54.42],[155.94,53.86],[156.12,52.94],[156.38,52.4],[156.5,51.78],[156.54,51.28],[156.72,51.2],[156.72,50.88],[157.76,51.54],[158.28,51.96],[158.54,52.3],[158.52,52.74],[159,53.08],[159.64,53.26],[159.92,53.28],[159.96,53.58],[159.84,53.8],[160.06,54.18],[160.74,54.54],[161.06,54.6],[161.32,54.5],[161.76,54.52],[162.16,54.84],[161.82,55.18],[161.78,55.6],[162.14,56.12],[162.6,56.26],[162.82,56.06],[163.36,56.18],[163.28,56.68],[162.78,56.76],[162.84,57.38],[163.08,57.46],[163.32,57.7],[162.72,57.96],[162.46,57.78],[162.02,57.92],[162,58.08],[162.4,58.66],[163.06,58.96],[162.88,59.12],[163.16,59.52],[163.4,59.64],[163.38,59.82],[163.7,59.9],[163.66,60.06],[164.34,60],[164.48,60.12],[165.02,59.84],[165.12,60.08],[166.24,60.38],[166.1,59.82],[166.28,59.84],[167.04,60.32],[168.1,60.58],[169.16,60.56],[169.7,60.4],[169.96,60.06],[170.4,59.96],[170.58,60.44],[171.18,60.56],[171.4,60.76],[172,60.86],[172.48,61.06],[172.94,61.36],[173.5,61.58],[173.54,61.74],[174,61.72],[174.46,61.82],[175.64,62.2],[176.28,62.32],[176.6,62.48],[177.3,62.58],[178.06,62.54],[179.16,62.34],[179.6,62.7],[179.24,62.98],[179.34,63.2],[178.6,63.42],[178.76,63.64],[178.7,63.92],[178.46,64],[178.4,64.24],[178,64.22],[177.46,64.42],[177.5,64.76],[176.98,64.72],[176.72,64.58],[176.22,64.88],[177.3,64.84],[177.74,64.7],[178.76,64.64],[179.48,64.82],[180,65.06],[180,65.56],[180,66.06],[180,66.56],[180,67.06],[180,67.56],[180,68.06],[180,68.56],[180,68.98],[178.78,69.42],[178.22,69.44],[176.5,69.76],[175.92,69.78],[173.46,69.94],[172,70],[170.62,70.12],[170.58,69.6],[171.02,69.06],[170.36,68.82],[169.62,68.78],[169.42,69.02],[168.86,69.18],[168.28,69.24],[168.24,69.56],[167.68,69.78],[166.94,69.5],[166.08,69.52],[165.68,69.6],[164.84,69.56],[164.02,69.78],[163.78,69.7],[162.44,69.68],[161.44,69.38],[161.56,69.02],[160.96,69.1],[160.92,69.64],[160.38,69.68],[159.68,69.9],[160.1,70.26],[159.68,70.68],[158.52,70.96],[157.58,71.08],[155.94,71.1],[154.24,70.96],[153.94,70.9],[152.62,70.84],[151.5,71.34],[149.96,71.54],[149.7,71.78],[150.06,71.92],[149.62,72.14],[148.4,72.32],[147.2,72.32],[146.16,71.82],[145.34,71.66],[145.22,71.84],[145.74,71.9],[145.84,72.16],[146.5,72.06],[146.92,72.32],[145.4,72.56],[141.56,72.78],[140.88,72.54],[139.54,72.5],[139.14,72.3],[139.88,72.18],[139.58,71.94],[139.72,71.46],[138.76,71.64],[138.04,71.56],[138,71.34],[137.36,71.38],[135.98,71.64],[135.04,71.54],[134.16,71.38],[133.16,71.58],[132.82,71.84],[132.26,71.68],[131.54,70.88],[131.22,70.76],[130.3,70.94],[129.4,71.34],[129.24,71.54],[128.2,72.22],[129.14,72.1],[129.52,72.24],[129.12,72.48],[128.62,72.48],[127.96,72.66],[128.3,72.9],[129.44,73.02],[128.9,73.22],[128.44,73.24],[127.98,73.48],[126.22,73.56],[125.66,73.52],[124.34,73.8],[123.24,73.54],[123.56,73.22],[123.14,72.92],[122.62,73.04],[121.06,72.94],[118.92,73.12],[118.36,73.28],[118.46,73.58],[117.44,73.58],[116.6,73.68],[115.42,73.72],[114.68,73.6],[113.14,73.44],[113.4,73.68],[111.8,73.74],[111.3,73.86],[110.02,74.02],[109.54,73.78],[109.8,73.7],[110.88,73.76],[110.9,73.7],[109.72,73.46],[108.4,73.32],[107.72,73.16],[106.36,73.2],[107.14,73.54],[108.5,73.78],[109,74.02],[109.9,74.2],[110,74.38],[111.74,74.66],[112.14,74.88],[112.88,75],[113.6,75.28],[113.34,75.54],[113.9,75.86],[113.52,75.94],[113.26,76.26],[112.68,76.36],[111.56,76.68],[109.34,76.76],[107.98,76.62],[107.6,76.5],[106.62,76.56],[107.26,77],[106.5,77.02],[105.46,77.24],[105.98,77.44],[104.68,77.7],[104.02,77.74],[102.16,77.4],[100.92,76.98],[101.24,76.76],[101.04,76.52],[99.5,76.46],[99.26,76.12],[98.58,76.24],[96.84,75.92],[96.12,76.12],[95.38,76.16],[93.68,76.14],[93.54,75.86],[91.3,75.62],[90.86,75.66],[89.14,75.46],[88.32,75.18],[87.36,75.04],[87.08,74.78],[86.64,74.7],[86.48,74.46],[86.02,74.26],[86.8,74.18],[86.78,73.9],[83.48,73.66],[81.96,73.66],[80.84,73.58],[80.28,73.3],[80.84,72.92],[80.7,72.54],[81.2,72.36],[82.2,72.28],[82.18,72.1],[82.78,71.9],[83.36,71.84],[83.62,71.62],[83.14,71.24],[83.78,70.48],[83.48,70.34],[82.96,70.32],[83.14,70.88],[82.2,71.02],[82.3,71.28],[82.82,71.4],[83.32,71.68],[82.86,71.78],[81.74,71.7],[79.4,72.38],[78.5,72.38],[77.74,72.22],[78.2,72],[77.58,71.84],[76.94,72.04],[76.02,71.92],[76.32,71.56],[77.68,71.28],[78.28,71.26],[78.62,70.96],[78,70.96],[77.78,71.14],[76.02,71.24],[75.34,71.34],[75.54,71.54],[75.26,71.74],[75.28,71.96],[75.72,72.24],[75.7,72.54],[75,72.68],[75.12,72.34],[74.92,72.1],[73.52,71.82],[73.48,71.66],[73.04,71.44],[73.56,71.26],[74.32,70.52],[73.74,70.18],[73.52,69.74],[73.9,69.42],[73.76,69.18],[74.72,69.08],[75.5,69.26],[76.76,69.12],[76.92,69],[77.68,68.88],[77.72,68.62],[78.1,68.24],[77.54,68.12],[77.46,67.78],[78.12,67.66],[78.04,67.54],[77.12,67.76],[77.36,68.24],[77.32,68.54],[76.66,68.76],[76.38,69],[75.2,68.88],[74.46,68.7],[74.34,68.38],[74.7,68.18],[74.82,67.94],[74.74,67.68],[73.9,67.3],[73.88,67],[73.5,66.82],[72.5,66.62],[72.34,66.3],[72,66.24],[71.14,66.36],[70.36,66.34],[69.38,66.52],[69.12,66.62],[69.14,66.84],[69.94,66.86],[70.42,66.56],[70.98,66.54],[71.58,66.66],[71.72,66.92],[72.24,67.16],[72.4,67.48],[73.2,67.86],[73.1,68.22],[73.64,68.5],[72.58,68.94],[72.64,69.3],[72.5,69.64],[72.7,69.84],[72.46,70.3],[72.78,70.42],[72.82,70.88],[72.68,71.1],[72.1,71.3],[71.84,71.54],[72.2,71.62],[72.36,71.86],[72.86,72.28],[72.5,72.78],[71.56,72.92],[69.28,72.84],[68.98,72.7],[68.48,71.84],[67.94,71.52],[66.92,71.3],[66.6,70.88],[67.32,70.78],[67.1,70.22],[66.78,69.74],[67.96,69.5],[68.12,69.22],[68.48,68.98],[69.1,68.88],[68.92,68.64],[68.38,68.22],[67.06,68.78],[65.82,69.14],[65.04,69.28],[64.54,69.46],[63.42,69.68],[60.78,69.84],[60.66,69.68],[60.14,69.58],[60.84,69.16],[60.94,68.96],[60.46,68.72],[59.78,68.66],[59.96,68.46],[59.68,68.34],[59.1,68.4],[59.06,68.62],[59.42,68.76],[58.88,69],[57.98,68.86],[57.32,68.56],[56.62,68.64],[55.4,68.56],[54.24,68.22],[53.72,68.66],[54.1,69],[53.44,68.92],[52.5,68.62],[52.74,68.48],[52.4,68.34],[52.06,68.54],[51.56,68.48],[49.14,67.86],[48.92,67.68],[48.26,67.68],[47.7,67.2],[47.72,67],[46.92,66.84],[45.86,66.88],[45.6,67.16],[44.96,67.32],[45.02,67.54],[45.36,67.74],[46.72,67.84],[46.54,68.14],[45.94,68.44],[45.3,68.54],[43.98,68.56],[44.24,68.26],[44,67.58],[43.76,67.22],[44.2,67.12],[44.5,66.92],[44.48,66.68],[44.22,66.4],[44.04,66.08],[43.26,66.44],[42.74,66.4],[42.2,66.54],[41.34,66.06],[40.8,66],[40.28,65.72],[39.82,65.6],[39.72,65.4],[40.38,64.92],[40.52,64.58],[40.06,64.62],[39.56,64.54],[39.3,64.64],[38.04,64.86],[37.7,65.02],[37,65.18],[36.56,64.9],[37.12,64.4],[37.68,64.44],[38,64.32],[38,63.96],[37.3,63.82],[36.52,63.98],[35.82,64.34],[35.42,64.28],[34.96,64.46],[34.8,64.76],[34.82,65.04],[34.36,65.4],[34.78,65.6],[34.86,65.88],[34.5,66.12],[33.62,66.3],[33.7,66.44],[33.16,66.56],[33.04,66.58],[32.88,66.58],[32.9,66.78],[32.48,66.9],[32.38,67.16],[33.48,66.74],[34.88,66.6],[35.38,66.42],[36.4,66.3],[36.88,66.28],[37.92,66.08],[38.56,66.06],[39.34,66.14],[40.44,66.4],[41.18,66.8],[41.36,67.02],[41.1,67.26],[41.02,67.7],[39.86,68.06],[39.52,68.08],[38.66,68.38],[38.44,68.36],[37.68,68.72],[36.24,69.12],[35.34,69.28],[34.66,69.24],[33.52,69.42],[32.68,69.5],[33.12,69.66],[32.06,69.96],[31.4,69.72],[30.84,69.8],[30.52,69.54],[29.34,69.28],[28.96,69.02],[28.44,68.52],[28.66,68.2],[29.3,68.08],[30,67.68],[29.92,67.5],[29.1,67],[29.36,66.62],[29.54,66.44],[29.9,66.1],[30.12,65.72],[29.74,65.5],[29.82,65.1],[29.58,65],[30.1,64.36],[30.56,64.22],[30.5,64],[30,63.74],[30.48,63.46],[31.22,63.2],[31.56,62.9],[31.22,62.5],[30.64,62.18],[30.14,61.86],[29.28,61.3],[28,60.66],[27.8,60.56],[28.22,60.54],[28.72,60.72],[28.6,60.38],[29.1,60.18],[29.42,60.16],[29.84,60.16],[29.7,59.96],[29.16,60],[28.84,59.8],[28.42,59.82],[28,59.7],[28.02,59.48],[27.7,58.98],[27.44,58.82],[27.42,58.7],[27.52,58.2],[27.68,57.92],[27.56,57.82],[27.36,57.52],[27.7,57.36],[27.74,57.04],[27.64,56.84],[27.86,56.74],[28.1,56.5],[28.16,56.42],[28.14,56.14],[29.38,55.96],[29.46,55.68],[29.86,55.84],[30.22,55.86],[30.9,55.58],[30.8,55.28],[31,55.04],[30.78,54.78],[31.16,54.62],[31.18,54.46],[31.32,54.22],[31.74,54.08],[31.76,53.82],[32.08,53.8],[32.48,53.66],[32.72,53.44],[32.2,53.1],[31.74,53.2],[31.36,53.12],[31.24,53.02],[31.5,52.84],[31.6,52.38],[31.76,52.1],[32.1,52.04],[32.52,52.32],[32.92,52.24],[33.4,52.34],[33.8,52.36],[34.06,52.04],[34.38,51.82],[34.12,51.68],[34.28,51.36],[34.74,51.16],[35.1,51.18],[35.28,50.96],[35.44,50.68],[35.42,50.5],[35.7,50.34],[36.1,50.42],[36.26,50.28],[36.68,50.26],[37.44,50.42],[37.72,50.08],[38.02,49.9],[38.34,50],[38.86,49.86],[39.18,49.86],[39.58,49.72],[39.8,49.54],[40.12,49.58],[40.14,49.24],[39.76,48.9],[39.8,48.58],[40,48.28],[39.84,48.12],[39.76,47.84],[39.04,47.86],[38.74,47.68],[38.36,47.6],[38.2,47.3],[38.22,47.1],[39.26,47.26],[39.08,47.04],[38.68,46.86],[38.38,46.72],[37.86,46.62],[37.82,46.48],[38.12,46.38],[38.3,46.22],[37.94,46.02],[37.82,45.76],[37.6,45.64],[37.74,45.38],[37.16,45.32],[36.78,45.38],[36.84,45.1],[37.2,45],[37.48,44.68],[37.92,44.62],[38.18,44.4],[38.6,44.34],[38.98,44.14],[39.98,43.38],[40.24,43.58],[40.68,43.52],[41.02,43.38],[41.38,43.34],[41.56,43.22],[42.16,43.22],[42.36,43.24],[42.6,43.14],[43,43.1],[43.18,42.94],[43.38,42.88],[43.8,42.74],[43.9,42.56],[44.18,42.62],[44.64,42.74],[45.08,42.7],[45.3,42.56],[45.74,42.48],[45.62,42.22],[45.94,42.02],[46.44,41.9],[46.7,41.84],[47.02,41.56],[47.18,41.5],[47.36,41.26],[47.7,41.2],[47.82,41.2],[48.06,41.46],[48.38,41.58],[48.46,41.72],[48.58,41.84],[47.86,42.58],[47.7,42.86],[47.46,43.02],[47.5,43.46],[47.38,43.56],[47.5,43.78],[47.24,44.22],[46.7,44.44],[46.72,44.66],[46.88,44.76],[47.08,44.78],[47.5,45.56],[47.62,45.7],[47.9,45.7],[48.26,45.78],[48.46,45.94],[48.74,45.92],[48.88,46.12],[49.22,46.32],[48.46,46.66],[49,46.76],[48.7,47.1],[48.52,47.42],[48.04,47.76],[47.44,47.84],[47.18,47.78],[47.06,47.98],[47.12,48.24],[46.48,48.42],[46.62,48.66],[46.76,48.92],[47.02,49.1],[46.78,49.34],[46.9,49.82],[47.3,50.04],[47.3,50.28],[47.44,50.38],[47.62,50.44],[48,50.18],[48.24,49.86],[48.42,49.82],[48.88,50.02],[48.7,50.34],[48.68,50.58],[49.36,50.82],[49.42,51.1],[49.78,51.1],[50.32,51.3],[50.76,51.76],[51.38,51.62],[51.62,51.52],[51.86,51.68],[52.34,51.76],[52.5,51.48],[53.16,51.52],[53.62,51.38],[53.68,51.22],[53.94,51.18],[54.18,50.96],[54.48,50.86],[54.38,50.62],[54.54,50.54],[54.68,50.6],[54.64,51.02],[55.3,50.66],[55.66,50.54],[56.08,50.72],[56.5,51.06],[57.16,51.1],[57.36,50.88],[57.74,50.94],[57.76,51.12],[58.6,51.02],[58.66,50.78],[58.92,50.68],[59.44,50.64],[59.78,50.54],[60.02,50.86],[60.3,50.68],[60.72,50.66],[61.38,50.78],[61.52,51.16],[61.64,51.26],[61.48,51.42],[61.02,51.48],[60.94,51.62],[60.52,51.62],[60.46,51.8],[60.02,52],[60.68,52.14],[61.04,52.34],[60.7,52.74],[61.2,53.02],[61.58,52.96],[62.1,53],[62.06,53.12],[61.2,53.28],[61.28,53.54],[61,53.64],[61.2,53.82],[61.2,54.02],[62.56,54.02],[63.32,54.16],[63.98,54.3],[64.92,54.4],[65.48,54.64],[66.1,54.64],[66.44,54.72],[67.62,54.86],[68.16,54.96],[68.26,55.2],[68.6,55.2],[68.74,55.36],[69.68,55.34],[70.2,55.14],[70.46,55.28],[70.66,55.3],[70.98,55.08],[71,54.78],[71.18,54.72],[71.18,54.1],[71.7,54.14],[72.06,54.22],[72.16,54.36],[72.66,54.04],[73.48,53.88],[73.22,53.66],[73.46,53.44],[73.88,53.64],[74.22,53.6],[75.02,53.8],[75.7,54.12],[76.76,54.36],[76.52,53.96],[77.62,53.44],[77.78,53.32],[78.48,52.64],[79.3,51.68],[80,50.78],[80.44,50.96],[80.48,51.2],[80.68,51.3],[81.14,51.14],[81.4,50.96],[81.46,50.74],[81.76,50.78],[82.08,50.72],[82.98,50.88],[83.1,51],[83.44,51],[83.82,50.86],[84.08,50.64],[84.24,50.26],[84.98,50.08],[85.26,49.58],[85.38,49.62],[86.12,49.52],[86.62,49.8],[86.78,49.7],[86.9,49.36],[87.22,49.22],[87.32,49.08],[87.82,49.16]],[[22.26,55.06],[22.1,55.02],[21.26,55.24],[21.24,54.94],[20.54,54.96],[20.98,55.28],[20.92,55.28],[20.64,55.04],[20.04,54.94],[19.84,54.6],[19.6,54.46],[19.76,54.44],[20.92,54.4],[22.7,54.34],[22.76,54.36],[22.68,54.46],[22.8,54.9],[22.58,55.06],[22.26,55.06]],[[138.04,55.06],[137.6,55.2],[137.48,54.88],[137.7,54.62],[137.98,54.8],[138.04,55.06]],[[33.62,46.12],[33.7,45.9],[32.94,45.66],[32.52,45.46],[32.9,45.36],[33.26,45.16],[33.56,45.1],[33.58,44.86],[33.38,44.56],[33.72,44.4],[33.96,44.38],[34.34,44.56],[34.46,44.72],[35,44.84],[35.54,45.12],[35.84,45],[36.44,45.06],[36.42,45.22],[36.62,45.4],[36.3,45.48],[36.02,45.36],[35.8,45.42],[35.48,45.3],[35.34,45.38],[35,45.72],[34.68,45.98],[33.84,46.2],[33.62,46.12]],[[142.52,54.3],[142.4,54.24],[142.7,53.94],[142.58,53.5],[142.22,53.52],[141.76,53.38],[141.92,53.02],[141.84,52.6],[141.66,52.38],[141.68,51.92],[141.82,51.68],[142.08,51.48],[142.26,51.08],[142.12,50.9],[142.04,50.52],[142.16,50.34],[142.16,49.68],[141.96,48.86],[141.86,48.78],[142.14,48.32],[142.2,47.96],[141.96,47.62],[142.06,47.06],[141.82,46.6],[141.94,46.04],[142.2,46.04],[142.46,46.64],[143.34,46.56],[143.42,46.22],[143.62,46.38],[143.42,46.8],[143.18,46.7],[143.02,47.26],[142.76,47.44],[142.54,47.76],[142.54,48.02],[143.18,49.24],[143.5,49.34],[144.28,49.26],[144.22,49.54],[144,50.02],[143.8,50.3],[143.46,51.46],[143.22,51.54],[143.32,51.76],[143.16,51.88],[143.12,52.34],[143.34,52.7],[143.3,53.16],[142.94,53.74],[143,54.14],[142.74,54.42],[142.52,54.3]],[[146.46,44.42],[146.12,44.5],[145.98,44.3],[146.32,44.3],[146.46,44.42]],[[148.8,45.42],[148.62,45.5],[148.32,45.28],[147.88,45.22],[147.26,44.86],[147.38,44.74],[148,45],[148.22,45.2],[148.8,45.42]],[[150.34,46.22],[150.02,46.08],[149.48,45.66],[149.64,45.62],[150.14,45.9],[150.36,46.08],[150.34,46.22]],[[156.12,50.64],[155.88,50.7],[155.72,50.42],[155.42,50.36],[155.22,50.1],[155.88,50.26],[156.12,50.64]],[[-180,68.98],[-180,68.56],[-180,68.06],[-180,67.56],[-180,67.06],[-180,66.56],[-180,66.06],[-180,65.56],[-180,65.06],[-179.66,65.14],[-179.28,65.64],[-179.72,65.78],[-179.76,66.1],[-178.98,66.16],[-178.88,65.9],[-178.42,65.68],[-178.28,65.44],[-177.42,65.44],[-176.98,65.6],[-175.9,65.4],[-175.78,64.94],[-175.46,64.8],[-174.66,64.72],[-174.08,64.54],[-173.98,64.42],[-173.1,64.24],[-172.38,64.4],[-172.82,64.62],[-172.7,64.88],[-172.1,65.06],[-172.16,65.42],[-170.66,65.6],[-170.54,65.86],[-169.7,66.12],[-170.56,66.36],[-171.36,66.68],[-171.9,66.98],[-172.66,66.88],[-173.54,67.1],[-174.02,66.96],[-173.84,66.5],[-174.44,66.54],[-174.9,67.04],[-174.8,67.36],[-175.16,67.34],[-175.28,67.66],[-175.82,67.82],[-176.3,67.72],[-176.72,68.02],[-177.26,68.22],[-177.6,68.2],[-178.04,68.42],[-178.7,68.54],[-178.84,68.76],[-180,68.98]],[[169.44,69.84],[168.26,70.02],[167.8,69.8],[168.88,69.56],[169.18,69.58],[169.44,69.84]],[[-180,71.54],[-180,71.06],[-180,71],[-179.34,70.9],[-177.94,71.04],[-177.44,71.24],[-178.4,71.54],[-179.08,71.6],[-180,71.54]],[[180,71],[180,71.06],[180,71.54],[178.9,71.24],[178.62,71.04],[178.84,70.8],[179.66,70.88],[180,71]],[[78.28,72.56],[77.62,72.64],[76.92,72.3],[77.58,72.28],[78.28,72.56]],[[71.66,73.22],[70.94,73.52],[69.98,73.4],[69.94,73.14],[70.26,73.04],[71.5,73.16],[71.66,73.22]],[[50.32,69.16],[50.16,69.26],[49.28,69.5],[48.8,69.5],[48.3,69.28],[48.22,68.9],[48.6,68.74],[49.72,68.88],[50.32,69.16]],[[60.54,69.82],[59.02,70.48],[58.52,70.34],[58.7,70],[59.44,69.88],[59.56,69.72],[60.2,69.68],[60.54,69.82]],[[143.48,73.32],[143.4,73.54],[142.58,73.82],[142.04,73.92],[141.12,73.88],[140.5,73.48],[141.52,73.3],[143.18,73.18],[143.48,73.32]],[[141.1,74.14],[140.22,74.22],[140.44,73.9],[141.04,74],[141.1,74.14]],[[113.4,74.44],[112.12,74.56],[111.58,74.26],[112.78,74.08],[113.4,74.44]],[[150.82,75.16],[149.12,75.26],[148.4,75.42],[147.38,75.44],[146.38,75.58],[146.08,75.24],[148.18,74.8],[149.2,74.76],[150.6,74.9],[150.82,75.16]],[[145.36,75.54],[143.94,75.84],[142.54,75.86],[141.7,76.12],[140.9,75.98],[140.86,75.74],[140.16,75.8],[139.1,76.1],[138.14,76.12],[137.44,75.96],[137.06,75.72],[137.44,75.38],[136.86,75.36],[137.14,75.14],[138.16,74.78],[139.34,74.68],[140.06,74.82],[141.84,75],[142.36,74.82],[143.46,74.9],[142.88,75.16],[144.34,75.04],[144.68,75.16],[144.72,75.44],[145.36,75.54]],[[51.4,71.8],[51.54,71.56],[51.86,71.46],[52.58,71.58],[53.26,71.46],[53.58,71.2],[53.5,71.08],[54,70.76],[55.82,70.62],[57.18,70.62],[57.64,70.72],[57.06,70.86],[56.1,71.26],[55.68,71.62],[55.34,72.06],[55.38,72.3],[55.74,72.78],[56.22,72.82],[56.44,73.24],[54.94,73.42],[54.2,73.28],[53.76,73.3],[53.16,73.16],[53.14,72.96],[52.4,72.72],[52.92,72.6],[52.34,72.08],[51.62,72.1],[51.4,71.8]],[[56.98,74.7],[55.52,74.66],[55.62,74.2],[55.02,74.18],[54.72,73.98],[53.86,73.78],[54.48,73.4],[55.02,73.44],[56.58,73.26],[57.26,73.46],[57.94,73.8],[57.88,73.94],[58.5,74.22],[58.58,74.38],[59.22,74.62],[59.88,74.62],[60.56,74.86],[60.84,75.16],[62.04,75.46],[63.3,75.58],[66.18,75.96],[68.28,76.28],[68.94,76.72],[68.46,76.96],[66.94,76.94],[65.16,76.48],[62.96,76.2],[61.64,76.32],[60.84,76.12],[60.26,76.12],[58.26,75.7],[58.18,75.58],[57.04,75.4],[56.88,75.22],[55.8,75.16],[55.86,75],[56.54,74.92],[56.98,74.7]],[[53.24,71.22],[52.74,71.4],[52.26,71.34],[52.8,71.1],[53.24,71.22]],[[46.68,80.52],[46.92,80.74],[45.1,80.64],[45.48,80.52],[46.68,80.52]],[[62.22,80.82],[59.7,80.84],[59.22,80.64],[59.64,80.44],[61.04,80.4],[62.08,80.62],[62.22,80.82]],[[51.68,80.72],[50.72,80.9],[49,80.78],[49.64,80.64],[47.42,80.32],[47.64,80.12],[49.1,80.18],[49.72,80.5],[50.94,80.54],[51.68,80.72]],[[55.72,80.1],[56.96,80.06],[57.14,80.3],[55.98,80.34],[55.72,80.1]],[[62.78,80.88],[63.14,80.68],[64.42,80.74],[65.44,80.92],[65.22,81.14],[62.78,80.88]],[[79.56,72.76],[79.14,73.1],[78.6,72.86],[78.9,72.74],[79.56,72.76]],[[105.42,78.58],[105.18,78.8],[104.5,78.86],[103.98,79.14],[102.74,79.16],[103.14,79.32],[102.3,79.44],[101.3,79.24],[100.26,78.66],[100.04,78.34],[99.26,78.04],[100.04,77.96],[101.2,78.2],[102.86,78.22],[104.78,78.34],[105.42,78.58]],[[93.62,79.94],[91.78,80.06],[91.26,79.9],[92.62,79.68],[93.62,79.94]],[[99.88,79.04],[99.58,79.18],[100.02,79.82],[99.2,80.04],[98.58,79.98],[97.6,80.18],[94.94,80.08],[94.28,79.9],[93.74,79.54],[94.32,79.48],[94.36,79.24],[95.02,79.04],[96.8,78.98],[97.76,78.8],[99.4,78.82],[99.88,79.04]],[[97.74,80.74],[95.78,81.28],[94.88,81.14],[93.06,81],[92.72,80.88],[92.74,80.52],[91.92,80.46],[92.5,80.16],[93.7,80],[95.04,80.14],[97.18,80.24],[97.02,80.52],[97.74,80.74]],[[166.66,54.76],[166.26,55.16],[166.28,55.3],[165.96,55.36],[166.08,55.06],[166.36,54.84],[166.66,54.76]],[[164.7,58.98],[164.56,59.24],[163.96,59.02],[163.58,58.56],[164.12,58.78],[164.64,58.86],[164.7,58.98]],[[67.38,68.8],[67.24,68.82],[67.2,68.8],[67.34,68.76],[67.38,68.8]]]}},{"type":"Feature","properties":{"iso":"RW"},"geometry":{"type":"LineString","coordinates":[[30.34,-2.32],[30.56,-2.4],[30.84,-2.34],[30.88,-2.08],[30.82,-1.96],[30.84,-1.6],[30.74,-1.4],[30.56,-1.32],[30.48,-1.06],[30.46,-1.06],[30.3,-1.16],[30.06,-1.38],[29.82,-1.32],[29.58,-1.38],[29.44,-1.5],[29.18,-1.74],[29.16,-2.16],[28.86,-2.42],[28.9,-2.66],[29.02,-2.72],[29.12,-2.6],[29.3,-2.7],[29.44,-2.8],[29.64,-2.8],[29.9,-2.64],[29.96,-2.32],[30.14,-2.44],[30.34,-2.32]]}},{"type":"Feature","properties":{"iso":"SA"},"geometry":{"type":"LineString","coordinates":[[50.8,24.74],[50.56,25.06],[50.46,25.44],[50.24,25.62],[50.1,25.98],[50.22,26.22],[50.2,26.4],[50.04,26.5],[49.94,26.86],[49.7,26.96],[49.52,27.18],[49.08,27.56],[48.88,27.62],[48.88,27.84],[48.6,28.12],[48.44,28.54],[47.66,28.54],[47.44,28.98],[46.54,29.1],[46.42,29.08],[46.36,29.06],[44.7,29.2],[43.82,29.82],[42.78,30.56],[42.08,31.08],[40.42,31.92],[39.14,32.12],[38.96,32],[37.98,31.76],[37.76,31.7],[37,31.5],[37.22,31.24],[37.98,30.5],[37.64,30.32],[37.48,30],[36.76,29.86],[36.48,29.5],[36.06,29.2],[35.74,29.24],[34.94,29.36],[34.84,28.88],[34.8,28.52],[34.62,28.16],[35.06,28.12],[35.32,27.88],[35.56,27.46],[36.22,26.62],[36.66,25.86],[36.94,25.64],[37.24,25.2],[37.28,24.96],[37.14,24.86],[37.38,24.54],[37.52,24.26],[37.68,24.3],[38.08,24.08],[38.46,23.78],[38.64,23.42],[39.14,22.4],[39.04,22.24],[38.98,21.86],[39.18,21.4],[39.08,21.32],[39.3,20.92],[39.5,20.74],[39.64,20.46],[39.92,20.26],[40.06,20.28],[40.52,19.98],[40.78,19.6],[40.94,19.5],[40.96,19.34],[41.22,18.7],[41.44,18.46],[41.6,18.12],[41.72,17.9],[42.1,17.66],[42.3,17.46],[42.34,17.18],[42.54,17],[42.54,16.88],[42.74,16.68],[42.78,16.38],[43.18,16.68],[43.1,16.92],[43.22,17.38],[43.34,17.48],[43.64,17.44],[43.76,17.34],[44.1,17.36],[44.4,17.42],[44.98,17.42],[45.22,17.42],[45.44,17.32],[46.32,17.22],[46.72,17.28],[47,16.94],[47.2,16.96],[47.42,17.1],[47.58,17.46],[48.16,18.14],[49.12,18.62],[51.02,18.86],[51.98,19],[53.64,19.54],[54.98,20],[55.34,21.1],[55.6,21.86],[55.62,22.02],[55.18,22.7],[55.1,22.62],[54.14,22.74],[52.58,22.94],[52.54,22.96],[51.6,24.08],[51.56,24.26],[51.3,24.4],[51.22,24.62],[50.98,24.56],[50.8,24.74]]}},{"type":"Feature","properties":{"iso":"SB"},"geometry":{"type":"MultiLineString","coordinates":[[[160.5,-11.74],[160,-11.46],[160.02,-11.58],[160.5,-11.74]],[[162.38,-10.82],[162.12,-10.46],[161.84,-10.44],[161.52,-10.36],[161.52,-10.56],[161.8,-10.74],[162.1,-10.82],[162.38,-10.82]],[[166.14,-10.7],[165.88,-10.66],[165.94,-10.78],[166.14,-10.7]],[[161.36,-9.62],[161.16,-8.94],[160.94,-8.82],[161,-8.6],[160.74,-8.3],[160.6,-8.38],[160.76,-8.94],[160.86,-9.16],[161.24,-9.44],[161.36,-9.62]],[[160.02,-9.42],[159.94,-9.44],[159.7,-9.24],[159.6,-9.52],[159.84,-9.8],[160.32,-9.82],[160.64,-9.94],[160.78,-9.72],[160.36,-9.42],[160.02,-9.42]],[[160.1,-9.06],[160.26,-9.12],[160.26,-9],[160.1,-9.06]],[[157.8,-8.56],[157.9,-8.5],[157.74,-8.22],[157.38,-8.04],[157.22,-8.32],[157.56,-8.28],[157.68,-8.5],[157.8,-8.56]],[[156.8,-7.72],[156.62,-7.56],[156.5,-7.64],[156.66,-7.94],[156.8,-7.72]],[[159.86,-8.52],[159.84,-8.32],[159.4,-7.98],[159.08,-7.9],[158.66,-7.56],[158.58,-7.74],[158.84,-7.98],[159.34,-8.26],[159.62,-8.36],[159.86,-8.52]],[[157.52,-7.34],[157.3,-7.26],[157.04,-6.9],[156.48,-6.6],[156.46,-6.74],[156.68,-6.9],[156.92,-7.2],[157.44,-7.42],[157.52,-7.34]]]}},{"type":"Feature","properties":{"iso":"SC"},"geometry":{"type":"MultiLineString","coordinates":[[[46.5,-9.36],[46.32,-9.42],[46.46,-9.42],[46.5,-9.36]],[[55.26,-4.5],[55.26,-4.46],[55.22,-4.44],[55.22,-4.48],[55.26,-4.5]],[[55.44,-4.68],[55.48,-4.7],[55.5,-4.74],[55.5,-4.78],[55.52,-4.78],[55.52,-4.74],[55.52,-4.68],[55.52,-4.66],[55.5,-4.66],[55.48,-4.64],[55.46,-4.62],[55.46,-4.6],[55.46,-4.58],[55.44,-4.58],[55.42,-4.62],[55.44,-4.62],[55.38,-4.62],[55.44,-4.68]],[[55.76,-4.36],[55.76,-4.32],[55.68,-4.3],[55.74,-4.36],[55.76,-4.36]]]}},{"type":"Feature","properties":{"iso":"SD"},"geometry":{"type":"LineString","coordinates":[[22.62,12.08],[22.54,11.68],[22.62,11.5],[22.92,11.4],[22.96,11.2],[22.86,10.92],[23,10.68],[23.3,10.44],[23.62,9.9],[23.68,9.7],[23.6,9.54],[23.64,9.28],[23.46,9.16],[23.48,8.78],[23.72,8.7],[24.18,8.68],[24.56,8.88],[24.68,9.38],[24.8,9.54],[24.8,9.8],[24.98,9.96],[25.08,10.3],[25.84,10.42],[25.9,10.2],[26.1,9.98],[26.18,9.96],[26.56,9.52],[26.7,9.48],[27.08,9.6],[27.9,9.6],[28.04,9.34],[28.84,9.32],[29,9.6],[29.48,9.76],[29.62,10.06],[30.02,10.28],[30.48,9.98],[30.74,9.74],[30.94,9.76],[31.24,9.8],[31.66,10.22],[31.94,10.66],[32.42,11.06],[32.36,11.24],[32.34,11.7],[32.08,12],[32.74,12],[32.74,12.22],[33.2,12.22],[33.08,11.58],[33.18,10.84],[33.9,10.2],[33.96,9.84],[33.9,9.46],[34.08,9.46],[34.1,9.68],[34.32,10.26],[34.28,10.56],[34.44,10.8],[34.58,10.88],[34.84,10.72],[34.94,10.84],[34.94,11.28],[35.08,11.54],[35.04,11.78],[35.14,11.88],[35.24,11.96],[35.7,12.66],[36.12,12.72],[36.12,12.94],[36.24,13.36],[36.44,13.78],[36.44,14],[36.52,14.26],[36.46,14.8],[36.42,15.12],[36.52,15.24],[36.68,15.72],[36.88,16.18],[36.92,16.44],[36.98,16.76],[36.98,17.06],[37.4,17.02],[37.5,17.32],[37.88,17.44],[38.02,17.54],[38.34,17.66],[38.6,18],[38.54,18.12],[38.16,18.24],[37.92,18.58],[37.44,18.86],[37.34,19.16],[37.24,19.66],[37.26,19.82],[37.18,20.34],[37.22,20.56],[37.14,21.18],[36.9,21.68],[36.88,22],[35.48,22],[34.32,22],[33.16,22],[32.52,22],[31.5,22],[31.32,22.1],[31.24,22],[29.46,22],[28.3,22],[26.34,22],[24.98,22],[24.98,20],[23.98,20],[23.98,19.5],[23.98,18.56],[23.98,17.4],[23.98,15.72],[23.6,15.74],[23.32,15.68],[23.12,15.7],[22.92,15.56],[22.96,15.22],[22.74,14.98],[22.66,14.68],[22.46,14.62],[22.44,14.24],[22.54,14.12],[22.18,13.92],[22.08,13.78],[22.26,13.34],[21.94,13.06],[21.8,12.8],[21.94,12.64],[22.2,12.74],[22.44,12.62],[22.38,12.46],[22.48,12.18],[22.62,12.08]]}},{"type":"Feature","properties":{"iso":"SE"},"geometry":{"type":"MultiLineString","coordinates":[[[20.62,69.04],[20.34,68.92],[20.24,68.48],[19.94,68.36],[19.04,68.5],[18.18,68.54],[18.16,68.16],[17.9,67.96],[17.32,68.1],[16.8,67.92],[16.48,67.56],[16.12,67.42],[16.42,67.06],[15.42,66.5],[15.48,66.36],[15.06,66.16],[14.54,66.12],[14.64,65.84],[14.52,65.32],[14.34,65.12],[13.64,64.58],[14.12,64.44],[14.16,64.2],[13.94,64],[13.24,64.1],[12.68,63.96],[12.18,63.6],[12.06,63.2],[12.1,62.58],[12.28,62.34],[12.32,62.28],[12.16,61.72],[12.88,61.38],[12.72,61.06],[12.28,61.02],[12.6,60.52],[12.52,60.12],[12.14,59.9],[11.88,59.88],[11.88,59.8],[11.68,59.56],[11.82,59.24],[11.66,58.92],[11.44,59],[11.24,58.8],[11.22,58.38],[11.88,58.2],[11.7,57.88],[11.92,57.58],[12.1,57.4],[12.38,56.92],[12.6,56.82],[12.92,56.48],[12.84,56.26],[12.6,56.12],[12.92,55.74],[13,55.4],[13.38,55.34],[13.88,55.44],[14.18,55.4],[14.36,55.52],[14.2,55.72],[14.56,56.06],[14.68,56.14],[15.5,56.18],[15.86,56.08],[16.06,56.34],[16.56,57.12],[16.54,57.36],[16.68,57.48],[16.68,57.98],[16.82,58.2],[16.78,58.64],[17.46,58.8],[17.58,58.96],[18.4,59.18],[18.28,59.42],[18.68,59.6],[18.86,59.8],[18.82,60.06],[18.56,60.12],[17.96,60.52],[17.38,60.62],[17.16,60.94],[17.22,61.24],[17.1,61.64],[17.4,61.72],[17.34,61.92],[17.5,62.14],[17.4,62.32],[18.04,62.6],[17.92,62.82],[18.52,62.9],[18.62,63.18],[19.04,63.18],[19.32,63.46],[19.76,63.52],[20.5,63.82],[20.68,63.8],[20.96,64.14],[21.48,64.48],[21.18,64.84],[21.58,65.06],[21.48,65.4],[21.94,65.42],[22.36,65.76],[22.84,65.8],[24.16,65.82],[23.72,66.2],[23.64,66.44],[24,66.82],[23.58,67.16],[23.76,67.42],[23.56,67.58],[23.5,67.88],[23.06,68.3],[22.08,68.48],[20.62,69.04]],[[19.04,57.86],[18.46,57.8],[18.12,57.52],[18.1,57.26],[18.44,57.16],[18.72,57.24],[18.82,57.7],[19.04,57.86]]]}},{"type":"Feature","properties":{"iso":"SG"},"geometry":{"type":"LineString","coordinates":[[103.76,1.44],[103.64,1.3],[103.84,1.28],[103.9,1.3],[103.96,1.38],[103.9,1.42],[103.88,1.42],[103.76,1.44]]}},{"type":"Feature","properties":{"iso":"SH"},"geometry":{"type":"MultiLineString","coordinates":[[[-9.92,-40.34],[-9.96,-40.3],[-10.04,-40.34],[-9.92,-40.4],[-9.92,-40.34]],[[-5.72,-15.9],[-5.78,-15.94],[-5.76,-16.02],[-5.66,-15.98],[-5.72,-15.9]],[[-14.36,-7.88],[-14.4,-7.98],[-14.3,-7.94],[-14.36,-7.88]]]}},{"type":"Feature","properties":{"iso":"SI"},"geometry":{"type":"LineString","coordinates":[[13.58,45.48],[13.66,45.46],[13.98,45.52],[14.12,45.48],[14.5,45.58],[14.56,45.66],[14.66,45.58],[14.98,45.5],[15.06,45.48],[15.22,45.44],[15.28,45.58],[15.36,45.66],[15.24,45.72],[15.34,45.76],[15.42,45.78],[15.54,45.82],[15.68,45.98],[15.7,46.04],[15.62,46.08],[15.62,46.2],[15.68,46.22],[15.8,46.24],[15.88,46.26],[15.92,46.28],[16,46.3],[16.04,46.32],[16.08,46.38],[16.28,46.38],[16.24,46.48],[16.26,46.52],[16.3,46.52],[16.32,46.54],[16.34,46.54],[16.52,46.5],[16.38,46.64],[16.4,46.66],[16.36,46.7],[16.3,46.78],[16.32,46.8],[16.32,46.84],[16.3,46.84],[16.18,46.86],[16.14,46.86],[16.1,46.86],[16.06,46.84],[16.02,46.84],[15.98,46.78],[16.02,46.68],[15.96,46.7],[15.78,46.72],[15.62,46.68],[15.52,46.64],[15.44,46.62],[15.34,46.64],[15.18,46.64],[15.1,46.64],[15.08,46.64],[14.92,46.62],[14.9,46.6],[14.82,46.56],[14.8,46.52],[14.68,46.46],[14.56,46.4],[14.44,46.42],[14.24,46.44],[14.14,46.44],[14.02,46.48],[13.7,46.52],[13.68,46.46],[13.4,46.3],[13.62,46.18],[13.64,46.18],[13.52,46.08],[13.46,46],[13.6,45.98],[13.62,45.94],[13.6,45.92],[13.58,45.82],[13.58,45.8],[13.7,45.78],[13.9,45.64],[13.86,45.6],[13.72,45.6],[13.68,45.54],[13.62,45.54],[13.58,45.48]]}},{"type":"Feature","properties":{"iso":"SK"},"geometry":{"type":"LineString","coordinates":[[19.44,49.6],[19.18,49.4],[18.84,49.52],[18.38,49.38],[18.36,49.34],[18.1,49.1],[17.64,48.84],[17.42,48.84],[17.16,48.86],[16.94,48.6],[16.94,48.54],[16.84,48.36],[17.06,48.12],[17.14,48],[17.26,48],[17.72,47.78],[17.88,47.76],[18.82,47.84],[18.94,48.06],[19.02,48.06],[19.76,48.16],[19.9,48.12],[20.04,48.18],[20.28,48.26],[20.46,48.46],[20.78,48.56],[21.1,48.48],[21.42,48.56],[21.72,48.34],[22.14,48.4],[22.16,48.58],[22.38,48.86],[22.54,49.08],[22.02,49.22],[21.82,49.38],[21.52,49.42],[20.32,49.4],[19.86,49.2],[19.44,49.6]]}},{"type":"Feature","properties":{"iso":"SL"},"geometry":{"type":"LineString","coordinates":[[-10.6,9.04],[-10.74,9.08],[-10.68,9.3],[-10.86,9.46],[-11.2,9.98],[-11.44,10],[-11.58,10],[-11.92,10],[-12.1,9.88],[-12.26,9.92],[-12.5,9.86],[-12.6,9.66],[-12.7,9.42],[-12.96,9.28],[-13.02,9.1],[-13.3,9.04],[-13.24,8.68],[-13.04,8.38],[-12.98,8.24],[-12.88,7.82],[-12.54,7.68],[-12.42,7.54],[-12.5,7.38],[-11.84,7.14],[-11.48,6.92],[-11.38,7.14],[-11.14,7.34],[-10.86,7.54],[-10.62,7.76],[-10.62,8.02],[-10.36,8.14],[-10.28,8.48],[-10.52,8.34],[-10.64,8.52],[-10.48,8.68],[-10.6,8.82],[-10.6,9.04]]}},{"type":"Feature","properties":{"iso":"SM"},"geometry":{"type":"LineString","coordinates":[[12.5,43.96],[12.44,43.96],[12.42,43.96],[12.38,43.92],[12.42,43.9],[12.44,43.9],[12.46,43.9],[12.48,43.92],[12.5,43.94],[12.5,43.96]]}},{"type":"Feature","properties":{"iso":"SN"},"geometry":{"type":"LineString","coordinates":[[-13.36,12.64],[-13.08,12.64],[-12.58,12.36],[-12.36,12.3],[-12.08,12.4],[-11.38,12.4],[-11.46,13.08],[-11.62,13.36],[-11.9,13.38],[-12.1,13.7],[-11.96,13.9],[-12,14.16],[-12.22,14.4],[-12.16,14.62],[-12.26,14.78],[-12.48,15],[-12.68,15.1],[-12.74,15.14],[-12.86,15.22],[-12.96,15.5],[-13.24,15.62],[-13.32,15.92],[-13.48,16.16],[-13.72,16.14],[-13.72,16.16],[-13.96,16.24],[-14.02,16.36],[-14.34,16.64],[-14.94,16.68],[-15.12,16.58],[-15.5,16.56],[-15.68,16.48],[-16.32,16.48],[-16.46,16.18],[-16.54,15.8],[-16.74,15.48],[-16.88,15.24],[-17.18,14.9],[-17.38,14.8],[-17.14,14.62],[-16.82,14.12],[-16.64,14.02],[-16.38,14.16],[-16.62,13.98],[-16.72,13.78],[-16.56,13.58],[-16.08,13.58],[-15.52,13.58],[-15.5,13.64],[-15.4,13.78],[-15.1,13.82],[-14.86,13.76],[-14.72,13.62],[-14.58,13.66],[-14.46,13.52],[-14.32,13.46],[-13.96,13.58],[-13.88,13.5],[-13.86,13.34],[-14.2,13.22],[-14.56,13.32],[-15.18,13.56],[-15.34,13.36],[-15.8,13.34],[-15.82,13.24],[-15.9,13.16],[-16.68,13.16],[-16.76,13.06],[-16.78,12.58],[-16.62,12.66],[-16.38,12.56],[-15.96,12.6],[-16.02,12.72],[-16.38,12.56],[-16.58,12.64],[-16.8,12.48],[-16.72,12.34],[-16.38,12.38],[-16.24,12.46],[-15.88,12.44],[-15.68,12.44],[-15.42,12.56],[-15.14,12.68],[-14.88,12.68],[-14.34,12.68],[-13.72,12.68],[-13.36,12.64]]}},{"type":"Feature","properties":{"iso":"SO"},"geometry":{"type":"LineString","coordinates":[[49.64,7.4],[49.82,7.74],[49.84,7.96],[50.06,8.14],[50.16,8.34],[50.32,8.56],[50.42,8.86],[50.64,9.12],[50.84,9.46],[50.8,9.62],[50.92,10.32],[51.24,10.42],[51.14,10.68],[51.08,11.18],[51.12,11.5],[51.3,11.84],[50.8,11.98],[50.58,11.92],[50.52,11.78],[50.26,11.58],[49.86,11.46],[49.58,11.46],[49.24,11.3],[48.94,11.24],[48.94,9.56],[48.94,9.46],[47.98,8],[47.54,7.56],[46.46,6.54],[45.52,5.54],[44.94,4.92],[44.6,4.92],[43.96,4.96],[43.52,4.84],[43.12,4.64],[42.88,4.32],[42.78,4.28],[42.14,4.2],[41.88,3.98],[41.34,3.2],[40.96,2.82],[40.96,1.24],[40.96,0],[40.98,-0.88],[41.52,-1.58],[41.54,-1.68],[41.54,-1.7],[41.66,-1.56],[42.08,-0.86],[42.64,-0.22],[43.18,0.32],[43.52,0.68],[43.78,0.92],[44.56,1.56],[45,1.86],[45.26,1.98],[45.6,2.18],[46.02,2.44],[46.62,3.02],[47.04,3.46],[47.84,4.34],[48.06,4.62],[48.2,4.9],[48.64,5.48],[49.04,6.14],[49.08,6.42],[49.36,7.02],[49.64,7.4]]}},{"type":"Feature","properties":{"iso":"SR"},"geometry":{"type":"LineString","coordinates":[[-54.62,2.32],[-54.36,2.5],[-54.22,2.78],[-54.2,3.18],[-54,3.46],[-53.98,3.62],[-54.36,4.06],[-54.46,4.48],[-54.48,4.92],[-54.32,5.22],[-54.18,5.34],[-53.98,5.74],[-54.04,5.84],[-54.7,5.98],[-55.02,6],[-55.12,5.82],[-55.22,5.9],[-55.26,5.92],[-55.4,5.98],[-55.88,5.96],[-55.9,5.68],[-55.9,5.76],[-56.6,5.96],[-56.96,6.02],[-57.12,5.82],[-57.16,5.56],[-57.24,5.48],[-57.24,5.26],[-57.32,5.02],[-57.72,4.98],[-57.92,4.82],[-57.84,4.66],[-58.06,4.16],[-58.04,3.98],[-57.82,3.66],[-57.56,3.34],[-57.28,3.34],[-57.18,2.82],[-56.7,2.02],[-56.48,1.94],[-56.02,1.84],[-55.92,2.06],[-56.12,2.34],[-55.98,2.52],[-55.72,2.4],[-55.4,2.44],[-55.02,2.6],[-54.78,2.46],[-54.62,2.32]]}},{"type":"Feature","properties":{"iso":"SS"},"geometry":{"type":"LineString","coordinates":[[35.92,4.62],[35.78,4.76],[35.76,5.06],[35.8,5.32],[35.44,5.42],[35.1,5.62],[34.96,6],[34.84,6.24],[34.74,6.64],[34.52,6.76],[34.5,6.9],[34.2,7.1],[34.04,7.26],[34,7.4],[33.72,7.66],[33.46,7.74],[33.06,7.8],[33,7.94],[33.2,8.24],[33.18,8.4],[33.6,8.46],[33.7,8.38],[33.98,8.44],[34.1,8.6],[34.08,9.2],[34.08,9.46],[33.9,9.46],[33.96,9.84],[33.9,10.2],[33.18,10.84],[33.08,11.58],[33.2,12.22],[32.74,12.22],[32.74,12],[32.08,12],[32.34,11.7],[32.36,11.24],[32.42,11.06],[31.94,10.66],[31.66,10.22],[31.24,9.8],[30.94,9.76],[30.74,9.74],[30.48,9.98],[30.02,10.28],[29.62,10.06],[29.48,9.76],[29,9.6],[28.84,9.32],[28.04,9.34],[27.9,9.6],[27.08,9.6],[26.7,9.48],[26.56,9.52],[26.18,9.96],[26.1,9.98],[25.9,10.2],[25.84,10.42],[25.08,10.3],[24.98,9.96],[24.8,9.8],[24.8,9.54],[24.68,9.38],[24.56,8.88],[24.18,8.68],[24.24,8.58],[24.12,8.38],[24.26,8.26],[24.84,8.16],[25.08,7.88],[25.22,7.86],[25.28,7.66],[25.2,7.5],[25.36,7.34],[26.02,7],[26.08,6.84],[26.38,6.64],[26.28,6.38],[26.46,6.28],[26.52,6.04],[26.7,6],[27.18,5.72],[27.3,5.2],[27.44,5.08],[27.76,4.74],[27.78,4.6],[28,4.5],[28.18,4.34],[28.4,4.28],[28.76,4.56],[28.98,4.5],[29.18,4.34],[29.3,4.38],[29.5,4.66],[29.78,4.54],[29.78,4.4],[30.12,4.1],[30.2,3.96],[30.54,3.84],[30.84,3.5],[31.06,3.74],[31.3,3.78],[31.62,3.7],[31.8,3.8],[32.02,3.58],[32.06,3.56],[32.18,3.52],[32.38,3.74],[32.76,3.76],[33.02,3.88],[33.26,3.76],[33.52,3.78],[33.98,4.22],[34.38,4.62],[34.66,4.76],[35.24,4.98],[35.58,4.9],[35.62,4.62],[35.92,4.62]]}},{"type":"Feature","properties":{"iso":"ST"},"geometry":{"type":"MultiLineString","coordinates":[[[6.68,0.4],[6.46,0.22],[6.52,0.04],[6.74,0.22],[6.68,0.4]],[[7.46,1.68],[7.4,1.7],[7.34,1.56],[7.42,1.56],[7.46,1.68]]]}},{"type":"Feature","properties":{"iso":"SV"},"geometry":{"type":"LineString","coordinates":[[-90.1,13.74],[-89.96,13.66],[-89.8,13.52],[-89.6,13.52],[-89.14,13.42],[-88.84,13.26],[-88.82,13.26],[-88.12,13.18],[-88.1,13.18],[-87.92,13.16],[-87.82,13.4],[-87.74,13.84],[-87.96,13.9],[-88.22,14],[-88.28,13.92],[-88.5,13.86],[-88.5,13.96],[-88.7,14.02],[-88.98,14.22],[-89.02,14.32],[-89.34,14.42],[-89.36,14.42],[-89.5,14.42],[-89.54,14.22],[-89.74,14.04],[-89.88,14.04],[-90.1,13.86],[-90.1,13.74]]}},{"type":"Feature","properties":{"iso":"SX"},"geometry":{"type":"LineString","coordinates":[[-63.1,18.06],[-63.1,18.04],[-63.02,18.04],[-63.1,18.06]]}},{"type":"Feature","properties":{"iso":"SY"},"geometry":{"type":"LineString","coordinates":[[35.88,33.44],[35.84,33.42],[35.82,33.4],[35.8,33.24],[35.88,32.94],[35.76,32.74],[36.08,32.52],[36.52,32.36],[36.82,32.32],[37.5,32.7],[38.32,33.14],[38.78,33.38],[40.18,34.08],[40.7,34.34],[40.98,34.42],[41.2,34.76],[41.2,35.16],[41.3,35.56],[41.34,35.86],[41.24,36.04],[41.28,36.36],[41.42,36.52],[41.84,36.62],[42.38,37.06],[42.36,37.1],[42.18,37.3],[41.9,37.16],[41.48,37.08],[40.7,37.1],[40.26,36.92],[39.76,36.74],[39.44,36.7],[39.18,36.66],[38.64,36.74],[38.2,36.9],[38.02,36.84],[37.52,36.68],[37.02,36.64],[36.96,36.76],[36.66,36.82],[36.54,36.5],[36.64,36.3],[36.36,36.18],[36.36,36.02],[36.16,35.82],[35.92,35.92],[35.82,35.84],[35.78,35.54],[35.94,35.26],[35.86,34.92],[35.96,34.64],[36.12,34.62],[36.32,34.5],[36.6,34.2],[36.26,33.92],[36.06,33.82],[35.88,33.44]]}},{"type":"Feature","properties":{"iso":"SZ"},"geometry":{"type":"LineString","coordinates":[[31.94,-25.96],[31.74,-25.94],[31.42,-25.74],[31.12,-25.92],[30.9,-26.3],[30.78,-26.48],[30.88,-26.78],[30.98,-27.04],[31.24,-27.24],[31.52,-27.32],[31.96,-27.32],[31.94,-27.16],[32,-26.84],[32.12,-26.84],[32.04,-26.28],[32.06,-26.04],[31.94,-25.96]]}},{"type":"Feature","properties":{"iso":"TC"},"geometry":{"type":"MultiLineString","coordinates":[[[-72.34,21.8],[-72.22,21.78],[-72.3,21.86],[-72.34,21.8]],[[-71.5,21.7],[-71.48,21.66],[-71.46,21.7],[-71.48,21.72],[-71.5,21.7]],[[-71.8,21.78],[-71.74,21.8],[-71.64,21.78],[-71.68,21.84],[-71.8,21.84],[-71.8,21.78]],[[-72.02,21.9],[-71.9,21.86],[-71.92,21.94],[-72.02,21.9]],[[-71.14,21.52],[-71.16,21.46],[-71.14,21.44],[-71.14,21.52]]]}},{"type":"Feature","properties":{"iso":"TD"},"geometry":{"type":"LineString","coordinates":[[14.06,13.08],[14.42,13.08],[14.48,13],[14.6,12.76],[14.84,12.62],[14.9,12.24],[15.02,12.1],[15.04,12.06],[15.06,11.7],[15.02,11.08],[15.06,10.8],[15.3,10.32],[15.54,10.08],[15.38,9.94],[15.22,9.98],[14.74,9.92],[14.44,10],[14.2,9.98],[13.94,9.64],[14.34,9.16],[15.04,8.66],[15.22,8.42],[15.44,7.84],[15.56,7.8],[15.48,7.52],[15.8,7.46],[16.38,7.68],[16.54,7.88],[16.62,7.66],[16.82,7.54],[17.1,7.68],[17.24,7.82],[17.68,7.98],[18.18,8.02],[18.58,8.04],[18.82,8.28],[19.08,8.64],[18.9,8.9],[19.1,9.02],[19.36,9],[19.94,9.06],[20.06,9.14],[20.36,9.12],[20.5,9.28],[20.82,9.42],[21.26,9.98],[21.66,10.24],[21.76,10.42],[21.72,10.64],[22.18,10.82],[22.36,10.96],[22.46,11],[22.86,10.92],[22.96,11.2],[22.92,11.4],[22.62,11.5],[22.54,11.68],[22.62,12.08],[22.48,12.18],[22.38,12.46],[22.44,12.62],[22.2,12.74],[21.94,12.64],[21.8,12.8],[21.94,13.06],[22.26,13.34],[22.08,13.78],[22.18,13.92],[22.54,14.12],[22.44,14.24],[22.46,14.62],[22.66,14.68],[22.74,14.98],[22.96,15.22],[22.92,15.56],[23.12,15.7],[23.32,15.68],[23.6,15.74],[23.98,15.72],[23.98,17.4],[23.98,18.56],[23.98,19.5],[22.26,20.36],[20.9,21.02],[19.18,21.86],[18.92,22],[17.44,22.72],[15.98,23.44],[14.98,23],[15.18,22],[15.18,21.5],[15.3,21.4],[15.6,20.96],[15.54,20.8],[15.96,20.38],[15.74,19.9],[15.56,18],[15.5,17.12],[15.46,16.9],[14.36,15.74],[13.84,15.02],[13.76,14.72],[13.6,14.52],[13.44,14.38],[13.6,13.7],[14.06,13.08]]}},{"type":"Feature","properties":{"iso":"TF"},"geometry":{"type":"MultiLineString","coordinates":[[[40.38,-22.32],[40.34,-22.32],[40.34,-22.34],[40.36,-22.36],[40.38,-22.32]],[[70.54,-49.18],[70.28,-49.08],[69.72,-49.3],[69.22,-49.12],[69.08,-48.98],[68.76,-49.04],[68.9,-49.44],[69.12,-49.6],[70.12,-49.72],[70.14,-49.34],[70.46,-49.36],[70.54,-49.18]],[[51.84,-46.38],[51.74,-46.32],[51.7,-46.44],[51.82,-46.46],[51.84,-46.38]],[[77.5,-37.82],[77.54,-37.9],[77.58,-37.88],[77.5,-37.82]]]}},{"type":"Feature","properties":{"iso":"TG"},"geometry":{"type":"LineString","coordinates":[[-0.16,11.14],[0.02,11.06],[-0.1,10.7],[0.18,10.4],[0.36,10.3],[0.4,10.04],[0.32,9.76],[0.36,9.58],[0.54,9.38],[0.44,9.02],[0.48,8.84],[0.36,8.76],[0.62,8.48],[0.7,8.28],[0.58,8.2],[0.6,7.9],[0.62,7.7],[0.5,7.46],[0.64,7.32],[0.52,6.84],[0.72,6.54],[0.76,6.42],[1.18,6.1],[1.62,6.22],[1.78,6.28],[1.58,6.72],[1.56,6.9],[1.62,7],[1.62,7.54],[1.62,7.62],[1.6,8.36],[1.6,8.58],[1.6,9.04],[1.42,9.3],[1.36,9.6],[1.34,9.96],[1,10.22],[0.76,10.36],[0.78,10.7],[0.9,11],[0.48,10.94],[0.38,11.02],[-0.12,11.12],[-0.16,11.14]]}},{"type":"Feature","properties":{"iso":"TH"},"geometry":{"type":"MultiLineString","coordinates":[[[103.24,14.34],[103.56,14.42],[104.04,14.36],[104.46,14.36],[104.78,14.44],[104.92,14.4],[105.04,14.22],[105.18,14.34],[105.42,14.42],[105.52,14.6],[105.48,14.78],[105.58,14.98],[105.44,15.14],[105.6,15.42],[105.66,15.64],[105.44,15.76],[105.42,16],[105.1,16.1],[104.98,16.3],[104.76,16.52],[104.76,16.82],[104.74,16.94],[104.82,17.38],[104.48,17.64],[104.28,17.86],[104.2,18.02],[104,18.32],[103.4,18.44],[103.3,18.3],[103.08,18.14],[102.94,18],[102.6,17.86],[102.1,18.22],[102.06,18.2],[101.9,18.04],[101.54,17.82],[101.14,17.46],[100.94,17.56],[100.96,17.7],[101,17.9],[101.16,18.06],[101.08,18.38],[101.24,18.68],[101.2,19.46],[101.12,19.56],[100.88,19.62],[100.74,19.48],[100.58,19.5],[100.4,19.72],[100.4,19.8],[100.54,20.06],[100.36,20.36],[100.1,20.32],[99.94,20.44],[99.76,20.32],[99.5,20.34],[99.5,20.16],[99.3,20.06],[99.02,20.04],[99,19.84],[98.48,19.7],[98.22,19.7],[97.86,19.58],[97.76,19.4],[97.82,19.12],[97.72,18.86],[97.76,18.58],[97.5,18.5],[97.38,18.54],[97.56,18.32],[97.76,17.96],[97.68,17.88],[97.9,17.56],[98.32,17.06],[98.52,16.86],[98.46,16.72],[98.64,16.46],[98.66,16.3],[98.9,16.36],[98.8,16.12],[98.58,15.98],[98.54,15.68],[98.56,15.36],[98.4,15.36],[98.2,15.22],[98.2,15],[98.24,14.8],[98.54,14.38],[98.94,14.06],[99.14,13.72],[99.18,13.22],[99.1,13.18],[99.22,12.74],[99.4,12.56],[99.46,12.12],[99.64,11.82],[99.14,11.04],[98.88,10.78],[98.76,10.68],[98.74,10.36],[98.52,9.84],[98.38,9.34],[98.38,9.08],[98.22,8.74],[98.2,8.54],[98.28,8.24],[98.64,8.36],[98.74,8.06],[98.92,8.06],[99.26,7.66],[99.36,7.34],[99.58,7.16],[99.74,7.12],[99.68,6.88],[99.8,6.82],[100.12,6.44],[100.2,6.7],[100.38,6.52],[100.8,6.42],[100.82,6.3],[101.08,6.24],[101.08,5.92],[100.98,5.78],[101.1,5.64],[101.24,5.78],[101.5,5.9],[101.7,5.76],[101.8,5.74],[102.06,6.1],[102.08,6.26],[101.72,6.58],[101.56,6.84],[101.38,6.9],[101.06,6.86],[100.76,6.98],[100.62,7.2],[100.38,7.3],[100.18,7.52],[100.2,7.78],[100.34,7.94],[100.22,8.44],[100.1,8.42],[99.96,8.64],[99.92,9.1],[99.78,9.32],[99.26,9.24],[99.32,9.4],[99.14,9.8],[99.16,10.36],[99.5,10.88],[99.5,11],[99.64,11.52],[99.82,11.74],[99.86,11.96],[100.02,12.2],[99.96,12.64],[100.1,13.06],[99.96,13.3],[100.08,13.42],[100.4,13.5],[100.46,13.5],[100.84,13.48],[100.98,13.46],[100.92,13.3],[100.92,12.82],[100.98,12.64],[101.08,12.68],[101.44,12.62],[101.78,12.7],[102.22,12.32],[102.36,12.36],[102.34,12.2],[102.74,12.04],[102.92,11.64],[102.76,12.04],[102.7,12.18],[102.76,12.42],[102.5,12.66],[102.5,12.74],[102.5,13],[102.32,13.28],[102.32,13.48],[102.52,13.56],[102.7,13.76],[102.92,14.16],[103.02,14.24],[103.24,14.34]],[[98.42,7.9],[98.44,8.06],[98.28,8.2],[98.26,7.9],[98.42,7.9]]]}},{"type":"Feature","properties":{"iso":"TJ"},"geometry":{"type":"LineString","coordinates":[[70.96,40.24],[70.58,40.22],[70.36,40.46],[70.76,40.7],[70.46,41.02],[70.28,40.88],[69.66,40.64],[69.44,40.8],[69.2,40.54],[69.28,40.22],[69.08,40.22],[68.64,40.18],[68.7,40.12],[68.64,39.84],[68.52,39.54],[68.34,39.52],[67.76,39.62],[67.44,39.48],[67.36,39.3],[67.68,39.1],[67.68,39],[68.1,38.98],[68.16,38.9],[68.06,38.54],[68.36,38.18],[68.24,37.94],[67.82,37.52],[67.78,37.18],[68.02,36.92],[68.3,37.12],[69,37.3],[69.3,37.12],[69.44,37.24],[69.38,37.44],[69.52,37.58],[70,37.56],[70.28,37.7],[70.16,37.88],[70.3,38],[70.6,38.34],[70.98,38.48],[71.34,38.28],[71.26,37.94],[71.6,37.9],[71.5,37.56],[71.44,37.06],[71.62,36.7],[71.84,36.7],[72.26,36.96],[72.66,37.02],[72.76,37.18],[73.28,37.46],[73.76,37.42],[73.8,37.22],[74.22,37.4],[74.66,37.4],[74.9,37.24],[75.16,37.4],[74.9,37.6],[74.96,37.76],[74.8,38.08],[74.78,38.52],[74.34,38.66],[73.8,38.6],[73.68,38.86],[73.82,39],[73.6,39.24],[73.64,39.44],[73.16,39.36],[72.66,39.4],[72.32,39.32],[72.22,39.18],[72.04,39.36],[71.5,39.58],[70.74,39.38],[70.66,39.5],[70.46,39.6],[70.2,39.52],[69.66,39.58],[69.28,39.54],[69.22,39.76],[69.32,39.98],[69.96,40.22],[70.62,40],[70.96,40.24]]}},{"type":"Feature","properties":{"iso":"TL"},"geometry":{"type":"MultiLineString","coordinates":[[[124.46,-9.18],[124.04,-9.34],[124.32,-9.48],[124.46,-9.18]],[[124.92,-8.96],[125.16,-9.18],[124.98,-9.2],[125.06,-9.48],[125.48,-9.24],[125.68,-9.2],[126.04,-9.06],[126.14,-9],[126.44,-8.96],[126.72,-8.76],[127,-8.68],[127.3,-8.44],[126.96,-8.3],[126.68,-8.44],[126.42,-8.42],[126.14,-8.5],[125.82,-8.5],[125.48,-8.56],[125.14,-8.64],[125.1,-8.74],[124.92,-8.96]]]}},{"type":"Feature","properties":{"iso":"TM"},"geometry":{"type":"LineString","coordinates":[[65.48,37.24],[65.66,37.52],[66.26,37.36],[66.52,37.36],[66.52,37.78],[66.64,37.96],[65.88,38.28],[65.6,38.24],[64.98,38.62],[64.64,38.74],[64.36,38.94],[64.12,38.96],[63.7,39.2],[63.48,39.4],[62.6,39.9],[62.46,40],[62.36,40.44],[62.18,40.5],[61.88,41.12],[61.48,41.3],[61.28,41.16],[61,41.22],[60.42,41.24],[60.1,41.38],[60.14,41.88],[59.98,41.94],[60.02,42.2],[59.86,42.3],[59.48,42.28],[59.24,42.36],[59.12,42.54],[58.9,42.54],[58.62,42.78],[58.28,42.68],[58,42.5],[57.86,42.2],[57.38,42.16],[56.96,41.86],[57.02,41.26],[56.54,41.3],[55.98,41.32],[55.42,41.3],[54.74,42.04],[54.04,42.34],[53.42,42.26],[52.98,42.12],[52.44,41.74],[52.56,41.52],[52.82,41.38],[52.9,41.68],[52.82,41.76],[53.12,42.08],[53.68,42.14],[53.9,42.08],[54.04,41.54],[54.6,41.2],[54.76,40.96],[54.64,40.84],[54.02,40.66],[53.72,40.62],[53.54,40.76],[53.1,40.78],[52.96,41.02],[52.74,40.48],[52.74,40.06],[52.88,39.94],[53.44,40],[53.56,39.94],[53.36,39.54],[53.08,39.38],[53.58,39.34],[53.74,39.06],[53.98,38.9],[53.82,38.52],[53.86,38.2],[53.82,37.74],[53.92,37.34],[54.18,37.32],[54.78,37.52],[54.86,37.76],[55.42,38.08],[55.7,38.12],[56.16,38.08],[56.44,38.26],[57.14,38.26],[57.36,37.96],[57.74,37.9],[58.18,37.78],[58.38,37.64],[58.86,37.66],[59.36,37.5],[59.5,37.18],[60.02,37.02],[60.34,36.64],[61.08,36.64],[61.22,36.12],[61.26,35.62],[61.42,35.54],[61.54,35.46],[62.04,35.42],[62.22,35.3],[62.62,35.22],[62.82,35.32],[63.08,35.44],[63.08,35.62],[63.34,35.86],[63.9,36.04],[64.44,36.24],[64.6,36.46],[64.6,36.62],[64.72,36.86],[64.76,37.1],[65.06,37.24],[65.48,37.24]]}},{"type":"Feature","properties":{"iso":"TN"},"geometry":{"type":"LineString","coordinates":[[8.34,32.52],[9.02,32.1],[9.06,32],[9.52,30.22],[9.88,30.36],[10.2,30.74],[10.28,30.92],[10.1,31.42],[10.26,31.68],[10.52,31.76],[10.6,31.96],[10.88,32.14],[11.18,32.26],[11.52,32.42],[11.44,32.64],[11.5,33.18],[11.18,33.22],[11.1,33.54],[10.72,33.48],[10.72,33.7],[10.46,33.66],[10.16,33.84],[10.02,34.18],[10.12,34.32],[10.6,34.54],[10.92,34.88],[11.02,35.1],[11.12,35.2],[11.02,35.56],[10.84,35.76],[10.7,35.78],[10.48,36.08],[10.52,36.36],[10.8,36.46],[11.12,36.84],[11.02,37.08],[10.42,36.72],[10.26,36.8],[10.34,36.9],[10.22,37.12],[10.06,37.26],[9.66,37.34],[9.08,37.16],[8.9,37.02],[8.6,36.94],[8.4,36.64],[8.16,36.5],[8.36,36.36],[8.26,35.96],[8.32,35.62],[8.3,35.4],[8.44,35.24],[8.32,35.1],[8.26,34.74],[8.1,34.54],[7.84,34.42],[7.78,34.26],[7.54,34.12],[7.48,33.9],[7.7,33.42],[7.76,33.2],[8.08,33.1],[8.28,32.84],[8.34,32.52]]}},{"type":"Feature","properties":{"iso":"TO"},"geometry":{"type":"MultiLineString","coordinates":[[[-173.96,-18.56],[-174.02,-18.58],[-174.06,-18.66],[-173.96,-18.66],[-173.96,-18.56]],[[-174.92,-21.3],[-174.98,-21.4],[-174.92,-21.44],[-174.92,-21.3]],[[-175.06,-21.12],[-175.16,-21.18],[-175.24,-21.12],[-175.32,-21.18],[-175.14,-21.26],[-175.06,-21.12]],[[-175.06,-19.72],[-175.1,-19.72],[-175.08,-19.78],[-175.04,-19.78],[-175.06,-19.72]],[[-175.64,-15.56],[-175.68,-15.6],[-175.64,-15.62],[-175.64,-15.56]]]}},{"type":"Feature","properties":{"iso":"TR"},"geometry":{"type":"MultiLineString","coordinates":[[[43.44,41.1],[43.24,41.18],[42.96,41.44],[42.58,41.58],[42.46,41.44],[41.94,41.5],[41.8,41.42],[41.52,41.52],[41.2,41.3],[40.36,41],[40.14,40.92],[39.6,41.02],[39.44,41.12],[39.14,41.08],[38.72,40.96],[38.12,40.96],[37.66,41.12],[37.5,41.04],[37.16,41.14],[36.98,41.3],[36.62,41.38],[36.46,41.24],[36.14,41.46],[36.12,41.62],[35.9,41.7],[35.5,41.64],[35.22,41.76],[35.1,42.02],[34.7,41.94],[34.22,41.96],[33.32,42.02],[32.8,41.86],[32.26,41.72],[32.14,41.6],[31.4,41.32],[31.34,41.16],[30.96,41.08],[30.42,41.18],[29.88,41.14],[29.24,41.24],[29.02,40.98],[29.26,40.88],[29.42,40.7],[28.98,40.64],[28.98,40.46],[28.78,40.4],[28.2,40.4],[27.58,40.32],[27.3,40.46],[26.74,40.4],[26.32,40.02],[26.16,39.94],[26.16,39.46],[26.66,39.56],[26.92,39.48],[26.68,39.3],[26.78,39.18],[26.8,38.96],[26.72,38.72],[26.94,38.44],[26.26,38.28],[26.6,38.1],[26.76,38.22],[27.26,37.88],[27.2,37.36],[27.4,37.42],[27.62,37.28],[27.56,37.14],[27.3,37.12],[27.26,36.96],[27.98,37.04],[28.12,36.6],[28.42,36.82],[28.6,36.74],[29.1,36.66],[29.12,36.42],[29.26,36.3],[29.66,36.14],[30.26,36.3],[30.44,36.24],[30.56,36.52],[30.56,36.78],[30.68,36.9],[31.34,36.8],[32.02,36.54],[32.36,36.18],[32.58,36.1],[33.54,36.14],[34.08,36.32],[34.08,36.42],[34.56,36.76],[34.94,36.72],[35.34,36.54],[35.6,36.74],[35.94,36.88],[36.18,36.8],[36.18,36.6],[35.78,36.32],[35.98,36.02],[35.92,35.92],[36.16,35.82],[36.36,36.02],[36.36,36.18],[36.64,36.3],[36.54,36.5],[36.66,36.82],[36.96,36.76],[37.02,36.64],[37.52,36.68],[38.02,36.84],[38.2,36.9],[38.64,36.74],[39.18,36.66],[39.44,36.7],[39.76,36.74],[40.26,36.92],[40.7,37.1],[41.48,37.08],[41.9,37.16],[42.18,37.3],[42.36,37.1],[42.56,37.14],[42.78,37.38],[43.36,37.3],[43.9,37.22],[44.06,37.32],[44.22,37.26],[44.24,36.98],[44.58,37.16],[44.76,37.14],[44.8,37.3],[44.56,37.44],[44.6,37.72],[44.2,37.9],[44.42,38.38],[44.28,38.38],[44.28,38.84],[44.18,39.14],[44.04,39.34],[44.4,39.44],[44.46,39.64],[44.56,39.76],[44.8,39.64],[44.78,39.7],[44.38,40],[44.04,40],[43.66,40.12],[43.7,40.24],[43.62,40.42],[43.72,40.68],[43.6,40.96],[43.44,41.1]],[[28.02,41.98],[27.54,41.9],[27.28,42.1],[27.04,42.08],[26.84,41.98],[26.56,41.88],[26.34,41.72],[26.6,41.6],[26.64,41.38],[26.34,41.26],[26.36,40.96],[26.04,40.74],[26.08,40.62],[26.78,40.66],[26.82,40.6],[26.22,40.34],[26.38,40.16],[26.68,40.46],[26.96,40.56],[27.18,40.64],[27.52,40.98],[27.94,40.98],[28.18,41.08],[28.62,40.96],[28.98,41],[29.1,41.24],[28.9,41.26],[28.2,41.54],[27.98,41.82],[28.02,41.98]]]}},{"type":"Feature","properties":{"iso":"TT"},"geometry":{"type":"MultiLineString","coordinates":[[[-61.18,10.8],[-61.36,10.8],[-61.5,10.76],[-61.54,10.66],[-61.5,10.64],[-61.46,10.54],[-61.46,10.52],[-61.46,10.3],[-61.48,10.24],[-61.52,10.24],[-61.64,10.22],[-61.7,10.16],[-61.64,10.06],[-61.5,10.06],[-61.38,10.08],[-61.18,10.08],[-61,10.14],[-61.04,10.46],[-61.04,10.68],[-61.18,10.8]],[[-60.64,11.2],[-60.54,11.26],[-60.52,11.34],[-60.66,11.3],[-60.8,11.22],[-60.8,11.14],[-60.64,11.2]]]}},{"type":"Feature","properties":{"iso":"TV"},"geometry":{"type":"LineString","coordinates":[[179.2,-8.54],[179.22,-8.52],[179.2,-8.52],[179.2,-8.54]]}},{"type":"Feature","properties":{"iso":"TW"},"geometry":{"type":"MultiLineString","coordinates":[[[121.28,25.12],[120.98,24.96],[120.92,24.86],[120.88,24.74],[120.62,24.46],[120.48,24.2],[120.24,23.84],[120.12,23.52],[120.12,23.32],[120.06,23.16],[120.16,22.94],[120.24,22.66],[120.42,22.48],[120.56,22.38],[120.84,21.92],[120.88,22.24],[121.02,22.64],[121.14,22.74],[121.4,23.14],[121.48,23.44],[121.62,24.02],[121.76,24.32],[121.86,24.56],[121.82,24.86],[121.98,24.98],[121.76,25.14],[121.68,25.16],[121.6,25.28],[121.28,25.12]],[[118.4,24.52],[118.38,24.44],[118.44,24.42],[118.44,24.5],[118.4,24.52]],[[119.64,23.6],[119.56,23.58],[119.58,23.54],[119.64,23.6]]]}},{"type":"Feature","properties":{"iso":"TZ"},"geometry":{"type":"MultiLineString","coordinates":[[[32.14,-9.08],[32.24,-9.14],[32.72,-9.28],[32.92,-9.4],[33.4,-9.6],[33.66,-9.62],[33.86,-9.66],[34.08,-9.52],[34.48,-9.94],[34.58,-10.3],[34.58,-10.54],[34.62,-10.58],[34.68,-10.74],[34.62,-10.96],[34.62,-11.12],[34.96,-11.58],[35.66,-11.58],[35.82,-11.42],[36.16,-11.58],[36.2,-11.7],[36.74,-11.66],[37.04,-11.6],[37.42,-11.72],[37.78,-11.56],[37.88,-11.32],[38.1,-11.26],[38.5,-11.42],[38.9,-11.16],[39.28,-11.16],[39.48,-11],[39.76,-10.94],[40,-10.82],[40.44,-10.48],[40.24,-10.2],[39.98,-10.18],[39.78,-9.94],[39.66,-9.44],[39.64,-9.18],[39.5,-9.08],[39.4,-8.88],[39.28,-8.32],[39.46,-8.02],[39.44,-7.84],[39.3,-7.68],[39.3,-7.44],[39.44,-7.18],[39.54,-7.12],[39.46,-6.86],[39.3,-6.82],[39.12,-6.56],[38.86,-6.34],[38.8,-5.96],[38.84,-5.82],[39.14,-5.1],[39.2,-4.68],[38.42,-4.12],[37.78,-3.66],[37.6,-3.4],[37.68,-3.2],[37.64,-3.04],[37.42,-2.92],[36.06,-2.16],[35.24,-1.7],[34.72,-1.42],[34.06,-1.04],[33.9,-1],[33.64,-1],[33.42,-1],[32.84,-1],[32.72,-1],[31.98,-1],[31.28,-1],[30.82,-1],[30.48,-1.06],[30.56,-1.32],[30.74,-1.4],[30.84,-1.6],[30.82,-1.96],[30.88,-2.08],[30.84,-2.34],[30.56,-2.4],[30.42,-2.64],[30.48,-2.94],[30.82,-3],[30.8,-3.28],[30.62,-3.38],[30.38,-3.7],[30.18,-4.04],[30,-4.28],[29.72,-4.46],[29.4,-4.44],[29.32,-4.84],[29.34,-5],[29.6,-5.62],[29.6,-5.78],[29.48,-6],[29.52,-6.28],[29.74,-6.66],[29.96,-6.8],[30.3,-7.14],[30.44,-7.6],[30.66,-7.92],[30.76,-8.2],[30.96,-8.56],[31.12,-8.62],[31.36,-8.58],[31.54,-8.7],[31.68,-8.92],[31.94,-8.94],[32.14,-9.08]],[[39.3,-6.24],[39.52,-6.18],[39.4,-6],[39.2,-6.04],[39.3,-6.24]],[[39.74,-5.16],[39.64,-5.42],[39.8,-5.4],[39.86,-5.18],[39.8,-4.96],[39.68,-4.94],[39.74,-5.16]]]}},{"type":"Feature","properties":{"iso":"UA"},"geometry":{"type":"LineString","coordinates":[[31.76,52.1],[31.48,52.12],[30.94,52.02],[30.66,51.82],[30.54,51.56],[30.56,51.24],[30.14,51.48],[29.62,51.48],[29.36,51.38],[29.04,51.62],[28.8,51.54],[28.34,51.52],[27.82,51.6],[27.66,51.5],[27.52,51.62],[27.18,51.74],[26.86,51.74],[26.08,51.9],[25.54,51.92],[25.18,51.94],[24.4,51.88],[23.98,51.58],[23.6,51.52],[23.64,51.34],[23.88,51.14],[24.1,50.64],[23.98,50.4],[23.66,50.32],[23.1,49.96],[22.64,49.52],[22.7,49.16],[22.86,49.02],[22.54,49.08],[22.38,48.86],[22.16,48.58],[22.14,48.4],[22.16,48.4],[22.88,47.94],[23.24,48.08],[23.48,47.98],[23.98,47.96],[24.24,47.9],[24.56,47.94],[24.92,47.72],[24.94,47.72],[25.26,47.9],[26.1,47.98],[26.3,48.22],[26.62,48.26],[26.84,48.4],[27.26,48.38],[27.5,48.48],[27.88,48.38],[28,48.32],[28.5,48.1],[28.86,48],[28.94,47.94],[29.12,47.98],[29.24,47.76],[29.14,47.48],[29.38,47.3],[29.56,47.32],[29.56,46.96],[29.94,46.8],[29.9,46.56],[30.08,46.38],[29.6,46.36],[29.46,46.48],[29.18,46.54],[29.06,46.5],[28.98,46.22],[28.94,46],[28.56,45.74],[28.5,45.56],[28.28,45.52],[28.2,45.46],[28.22,45.46],[28.34,45.32],[28.72,45.22],[29.32,45.44],[29.66,45.34],[29.66,45.22],[29.96,45.84],[30.14,45.82],[30.5,46.08],[30.78,46.4],[30.76,46.52],[31.18,46.62],[31.86,46.62],[31.96,46.72],[31.86,46.52],[31.82,46.48],[32.26,46.12],[32.5,46.08],[32.78,46.14],[33.62,46.12],[33.84,46.2],[34.68,45.98],[35,45.72],[34.82,46.16],[35.1,46.3],[35.26,46.26],[35.28,46.26],[35.38,46.36],[35.9,46.66],[36.18,46.66],[37.04,46.88],[37.34,46.88],[37.58,47.1],[38.22,47.1],[38.2,47.3],[38.36,47.6],[38.74,47.68],[39.04,47.86],[39.76,47.84],[39.84,48.12],[40,48.28],[39.8,48.58],[39.76,48.9],[40.14,49.24],[40.12,49.58],[39.8,49.54],[39.58,49.72],[39.18,49.86],[38.86,49.86],[38.34,50],[38.02,49.9],[37.72,50.08],[37.44,50.42],[36.68,50.26],[36.26,50.28],[36.1,50.42],[35.7,50.34],[35.42,50.5],[35.44,50.68],[35.28,50.96],[35.1,51.18],[34.74,51.16],[34.28,51.36],[34.12,51.68],[34.38,51.82],[34.06,52.04],[33.8,52.36],[33.4,52.34],[32.92,52.24],[32.52,52.32],[32.1,52.04],[31.76,52.1]]}},{"type":"Feature","properties":{"iso":"UG"},"geometry":{"type":"LineString","coordinates":[[30.3,-1.16],[30.46,-1.06],[30.48,-1.06],[30.82,-1],[31.28,-1],[31.98,-1],[32.72,-1],[32.84,-1],[33.42,-1],[33.64,-1],[33.9,-1],[33.9,-0.66],[33.96,-0.12],[33.96,0.2],[34.14,0.56],[34.3,0.74],[34.46,1],[34.5,1.1],[34.56,1.1],[34.8,1.24],[34.78,1.38],[34.98,1.68],[34.92,2.22],[34.92,2.48],[34.74,2.86],[34.54,3.1],[34.44,3.18],[34.38,3.46],[34.44,3.66],[34.28,3.7],[34.06,4],[33.98,4.22],[33.52,3.78],[33.26,3.76],[33.02,3.88],[32.76,3.76],[32.38,3.74],[32.18,3.52],[32.06,3.56],[32.02,3.58],[31.8,3.8],[31.62,3.7],[31.3,3.78],[31.06,3.74],[30.84,3.5],[30.9,3.38],[30.76,3.12],[30.86,2.9],[30.78,2.68],[30.72,2.44],[30.96,2.4],[31.18,2.3],[31.28,2.16],[31.08,1.84],[30.68,1.5],[30.56,1.34],[30.24,1.14],[30.18,0.96],[29.98,0.84],[29.9,0.44],[29.84,0.34],[29.72,0.1],[29.68,-0.14],[29.64,-0.36],[29.62,-0.44],[29.62,-0.86],[29.56,-1],[29.58,-1.38],[29.82,-1.32],[30.06,-1.38],[30.3,-1.16]]}},{"type":"Feature","properties":{"iso":"UM"},"geometry":{"type":"MultiLineString","coordinates":[[[-177.36,28.22],[-177.38,28.22],[-177.38,28.2],[-177.36,28.22]],[[-75.02,18.42],[-75.02,18.4],[-75,18.4],[-75,18.42],[-75.02,18.42]]]}},{"type":"Feature","properties":{"iso":"US"},"geometry":{"type":"MultiLineString","coordinates":[[[-122.76,49],[-122.44,48.58],[-122.32,47.94],[-122.42,47.64],[-122.32,47.38],[-122.58,47.34],[-122.46,47.76],[-122.8,48.08],[-124.06,48.18],[-124.58,48.38],[-124.74,48.18],[-124.64,47.9],[-124.42,47.74],[-124.18,47.04],[-124.02,46.98],[-123.92,46.72],[-123.92,46.26],[-123.7,46.3],[-123.18,46.18],[-123.52,46.24],[-123.86,46.16],[-123.98,45.76],[-123.92,45.66],[-123.98,45.16],[-124.16,43.88],[-124.28,43.42],[-124.38,43.34],[-124.54,42.84],[-124.42,42.66],[-124.44,42.32],[-124.22,42],[-124.06,41.44],[-124.12,41.02],[-124.22,40.7],[-124.4,40.44],[-124.36,40.26],[-124.12,40.1],[-123.86,39.84],[-123.76,39.54],[-123.82,39.34],[-123.64,38.84],[-122.98,38.26],[-122.92,38.04],[-122.52,37.82],[-122.48,38.1],[-122.14,37.58],[-122.52,37.54],[-122.4,37.2],[-122.16,36.98],[-121.94,36.98],[-121.78,36.8],[-121.94,36.5],[-121.9,36.32],[-121.48,35.98],[-121.26,35.66],[-120.88,35.4],[-120.9,35.24],[-120.64,35.14],[-120.64,34.58],[-120.48,34.46],[-120.14,34.48],[-119.62,34.42],[-118.94,34.04],[-118.54,34.04],[-118.4,33.84],[-118.1,33.74],[-117.5,33.34],[-117.32,33.1],[-117.26,32.7],[-117.12,32.54],[-115.8,32.64],[-114.72,32.72],[-114.82,32.5],[-113.96,32.24],[-112.32,31.72],[-111.06,31.34],[-109.04,31.32],[-108.96,31.32],[-108.22,31.32],[-108.22,31.78],[-106.5,31.78],[-106.36,31.72],[-106.16,31.44],[-106,31.4],[-105.36,30.86],[-105,30.68],[-104.68,30.2],[-104.68,29.94],[-104.54,29.66],[-104.06,29.34],[-103.8,29.28],[-103.32,29.02],[-103.14,28.98],[-102.88,29.34],[-102.68,29.74],[-102.4,29.78],[-102.3,29.88],[-101.98,29.82],[-101.4,29.76],[-101.16,29.5],[-100.66,29.12],[-100.62,28.92],[-100.4,28.6],[-100.28,28.3],[-100.08,28.16],[-99.8,27.78],[-99.72,27.68],[-99.5,27.58],[-99.46,27.06],[-99.24,26.82],[-99.08,26.4],[-98.8,26.36],[-98.64,26.24],[-98.36,26.2],[-98.22,26.08],[-97.68,26.04],[-97.42,25.86],[-97.14,25.96],[-97.32,26.12],[-97.56,27],[-97.18,27.84],[-97.02,28.04],[-96.66,28.32],[-96.2,28.58],[-95.6,28.76],[-95.16,29.04],[-95.16,29.16],[-94.88,29.38],[-95.02,29.54],[-94.88,29.66],[-94.66,29.46],[-94.06,29.68],[-93.8,29.98],[-93.74,29.74],[-93.2,29.78],[-92.68,29.6],[-92.28,29.54],[-92.1,29.62],[-91.98,29.84],[-91.68,29.76],[-91.54,29.54],[-91.22,29.4],[-91.22,29.24],[-90.7,29.12],[-90.56,29.3],[-90.08,29.18],[-89.9,29.48],[-89.48,29.24],[-89.38,29.08],[-89.18,29.04],[-89.02,29.14],[-89.2,29.36],[-89.34,29.34],[-89.66,29.52],[-89.46,29.82],[-89.84,30],[-90.34,30.06],[-90.4,30.22],[-90.22,30.38],[-89.7,30.18],[-89.52,30.2],[-88.92,30.44],[-88.74,30.36],[-88.4,30.38],[-88.12,30.34],[-87.92,30.42],[-87.6,30.28],[-87.42,30.48],[-87.44,30.32],[-87.44,30.3],[-87.16,30.48],[-86.36,30.38],[-85.68,30.12],[-85.36,29.88],[-85.3,29.7],[-84.88,29.74],[-84.26,30.1],[-84.02,30.1],[-83.68,29.92],[-83.4,29.54],[-83.02,29.18],[-82.84,29.18],[-82.64,28.9],[-82.66,28.44],[-82.78,28.2],[-82.84,27.82],[-82.64,27.7],[-82.66,27.52],[-82.32,26.84],[-81.86,26.44],[-81.8,26.1],[-81.32,25.78],[-81.14,25.4],[-81.08,25.12],[-80.72,25.14],[-80.42,25.22],[-80.32,25.38],[-80.3,25.62],[-80.12,25.88],[-80.04,26.82],[-80.08,26.98],[-80.34,27.52],[-80.38,27.66],[-80.74,28.38],[-80.6,28.62],[-80.92,29.06],[-81.26,29.78],[-81.5,30.72],[-81.5,30.96],[-81.26,31.28],[-81.36,31.42],[-81.2,31.72],[-80.9,32.04],[-80.44,32.36],[-80.4,32.48],[-80,32.62],[-79.2,33.2],[-79.14,33.42],[-78.94,33.64],[-78.58,33.88],[-77.92,33.96],[-77.84,34.2],[-77.54,34.46],[-77.2,34.66],[-76.9,34.74],[-76.66,34.72],[-76.34,34.9],[-76.54,35],[-76.44,35.4],[-76.16,35.34],[-75.72,35.82],[-75.86,35.98],[-76.2,36],[-75.92,36.4],[-76.04,36.56],[-76.02,36.56],[-75.98,36.5],[-75.9,36.54],[-75.94,36.54],[-75.96,36.54],[-75.96,36.7],[-75.92,36.7],[-75.88,36.54],[-75.86,36.54],[-75.98,36.92],[-76.26,36.96],[-76.38,37.28],[-76.24,37.9],[-76.62,38.16],[-76.88,38.18],[-77.32,38.46],[-77.22,38.66],[-77.04,38.72],[-77.06,38.9],[-77.02,38.8],[-77.04,38.7],[-77.26,38.5],[-77.02,38.46],[-76.92,38.3],[-76.32,38.14],[-76.52,38.52],[-76.56,38.78],[-76.4,39.02],[-76.42,39.32],[-76.18,39.32],[-76.14,38.66],[-76.32,38.48],[-76.22,38.34],[-75.82,38.14],[-75.64,37.96],[-75.9,37.56],[-75.88,37.36],[-75.38,38.02],[-75.08,38.46],[-75.06,38.46],[-75.04,38.46],[-75.16,38.8],[-75.4,39.06],[-75.44,39.32],[-75.58,39.46],[-75.6,39.62],[-75.42,39.8],[-75.02,40.02],[-75.14,39.88],[-75.44,39.78],[-75.54,39.48],[-75.16,39.2],[-74.74,39.06],[-74.36,39.56],[-74.16,39.7],[-73.98,40.32],[-74.28,40.5],[-74.04,40.72],[-73.9,41],[-73.64,41],[-72.78,41.28],[-71.86,41.32],[-71.5,41.36],[-71.36,41.74],[-71.24,41.7],[-71.2,41.68],[-71.12,41.52],[-70.54,41.82],[-70.78,42.26],[-71.04,42.3],[-70.86,42.54],[-70.82,42.88],[-70.74,43.08],[-70.66,43.1],[-70.24,43.7],[-69.98,43.86],[-69.26,43.92],[-69.12,44.04],[-68.98,44.42],[-68.76,44.34],[-68.26,44.48],[-67.9,44.42],[-67.8,44.58],[-67.58,44.56],[-67.22,44.64],[-66.98,44.82],[-67.18,45.18],[-67.48,45.28],[-67.44,45.62],[-67.8,45.7],[-67.78,45.82],[-67.8,47.04],[-68.2,47.34],[-68.9,47.2],[-69.06,47.3],[-69.26,47.44],[-70,46.7],[-70.08,46.42],[-70.32,46.08],[-70.26,45.92],[-70.72,45.48],[-71.08,45.3],[-71.4,45.24],[-71.5,45.02],[-73.36,45],[-74.72,45],[-75.28,44.86],[-76.46,44.08],[-76.84,43.62],[-78.68,43.64],[-79.18,43.46],[-79.06,43.26],[-79.02,42.8],[-79.76,42.54],[-80.24,42.36],[-80.52,42.32],[-81.28,42.2],[-82.42,41.68],[-82.72,41.68],[-83.14,41.94],[-83.12,42.24],[-82.52,42.64],[-82.42,43.06],[-82.16,43.54],[-82.54,45.3],[-82.58,45.38],[-83.48,45.78],[-83.46,46],[-83.62,46.12],[-83.94,46.06],[-84.16,46.44],[-84.58,46.48],[-84.78,46.64],[-84.88,46.9],[-86.64,47.62],[-88.34,48.3],[-88.64,48.26],[-89.34,47.98],[-89.5,48],[-89.98,48.02],[-90.18,48.12],[-90.78,48.1],[-90.92,48.22],[-91.42,48.04],[-91.7,48.1],[-92.04,48.34],[-92.3,48.32],[-92.64,48.54],[-93.26,48.64],[-93.76,48.52],[-93.88,48.64],[-94.6,48.72],[-94.82,49.3],[-95.16,49.36],[-95.18,49],[-97.22,49],[-99.8,49],[-101.36,49],[-104.04,49],[-106.6,49],[-108.36,49],[-110,49],[-111.44,49],[-114.06,49],[-116.04,49],[-117.04,49],[-119.36,49],[-121.34,49],[-122.76,49]],[[-71.92,41.06],[-72.16,41.06],[-72.46,40.92],[-72.6,40.98],[-73.48,40.94],[-73.9,40.78],[-73.7,40.58],[-73.24,40.72],[-72.6,40.8],[-71.92,41.06]],[[-141,69.66],[-142.28,69.86],[-142.6,70.02],[-143.24,70.12],[-144.94,69.98],[-145.88,70.18],[-147.12,70.16],[-148.38,70.32],[-149.34,70.52],[-151.98,70.44],[-152.46,70.56],[-152.54,70.88],[-153.3,70.92],[-154.54,70.82],[-154.6,71],[-155.1,71.16],[-155.6,71.06],[-156.82,71.3],[-157.24,71.08],[-158.04,70.84],[-159.36,70.76],[-160.86,70.34],[-161.34,70.26],[-162.02,70.28],[-162.94,69.8],[-163.16,69.36],[-163.62,69.12],[-164.34,68.92],[-165.66,68.86],[-166.24,68.88],[-166.24,68.56],[-166.54,68.36],[-165.92,68.14],[-165.44,68.06],[-164.16,67.62],[-163.68,67.1],[-162.44,67],[-161.84,67.06],[-161.86,66.7],[-161.32,66.54],[-160.88,66.68],[-160.22,66.54],[-160.78,66.38],[-161.06,66.48],[-161.6,66.46],[-162.08,66.66],[-162.32,66.96],[-162.64,66.9],[-161.58,66.26],[-161.92,66.04],[-163.68,66.08],[-163.9,66.16],[-163.98,66.62],[-164.72,66.56],[-165.88,66.24],[-166.72,66.06],[-167.06,65.88],[-167.34,65.9],[-168.08,65.6],[-167.4,65.4],[-166.32,65.32],[-166.74,65.06],[-166.4,64.9],[-166.48,64.72],[-166.18,64.58],[-165.04,64.44],[-164.34,64.6],[-162.6,64.5],[-162.08,64.72],[-161.42,64.78],[-161.18,64.94],[-160.8,64.64],[-161.04,64.5],[-160.8,63.74],[-161.18,63.5],[-162.08,63.46],[-163.1,63.06],[-163.36,63.04],[-163.76,63.22],[-164.14,63.26],[-164.58,63.14],[-164.88,62.84],[-164.82,62.62],[-165.14,62.52],[-165.7,62.12],[-165.6,61.86],[-166.2,61.6],[-165.62,61.28],[-165.62,61.14],[-165.06,61.06],[-165.12,60.92],[-164.56,60.86],[-163.76,60.88],[-163.42,60.76],[-163.8,60.58],[-163.96,60.78],[-164.66,60.82],[-165.32,60.58],[-164.98,60.34],[-164.2,60.04],[-164.1,59.84],[-163.62,59.8],[-163.08,59.86],[-162.52,60],[-162.38,60.18],[-161.72,59.5],[-161.94,59.38],[-161.98,59.14],[-161.72,58.76],[-161.36,58.72],[-160.36,59.08],[-160.26,58.92],[-159.92,58.78],[-159.72,58.92],[-159.38,58.76],[-159.06,58.42],[-158.78,58.52],[-158.8,58.82],[-158.4,58.78],[-158.16,58.62],[-157.08,58.88],[-157.06,58.72],[-157.5,58.46],[-157.7,57.56],[-158.32,57.32],[-158.94,56.84],[-159.46,56.62],[-159.74,56.58],[-160.36,56.28],[-160.52,55.94],[-160.82,55.74],[-161.12,55.96],[-161.82,55.88],[-162.22,55.7],[-163.04,55.1],[-162.88,54.94],[-162.42,55.1],[-161.96,55.12],[-161.62,55.62],[-161.38,55.58],[-161.28,55.36],[-160.48,55.5],[-159.84,55.86],[-159.62,55.82],[-158.86,56.02],[-158.48,56.04],[-158.32,56.18],[-158.36,56.48],[-157.92,56.66],[-157.18,56.78],[-156.34,57.18],[-156.34,57.42],[-155.4,57.72],[-155.02,58.02],[-154.58,58.02],[-154.16,58.22],[-153.9,58.62],[-153.44,58.74],[-153.34,58.94],[-153.72,59.08],[-154.2,59.08],[-154.08,59.38],[-153.72,59.46],[-153.58,59.64],[-153.06,59.72],[-152.74,59.9],[-152.34,60.48],[-151.84,60.76],[-151.74,60.92],[-151.16,61.06],[-150.64,61.3],[-149.62,61],[-150.04,60.92],[-150.46,61.04],[-151.08,60.78],[-151.42,60.72],[-151.28,60.54],[-151.46,60.18],[-151.88,59.78],[-151.28,59.56],[-151.9,59.42],[-151.74,59.16],[-151.1,59.28],[-150.32,59.48],[-149.74,59.9],[-149.34,60.02],[-148.4,60],[-147.94,60.44],[-148.3,60.9],[-147.36,60.9],[-146.82,61.04],[-146.52,60.82],[-145.7,60.66],[-145.94,60.46],[-144.92,60.38],[-144.58,60.2],[-144.34,60.2],[-143.92,60],[-142.8,60.12],[-141.74,59.96],[-141.38,60.04],[-141.28,59.84],[-140.86,59.74],[-140.32,59.7],[-139.62,59.9],[-139.48,59.72],[-139.86,59.54],[-139.2,59.32],[-138.18,59.02],[-137.52,58.56],[-136.98,58.4],[-136.6,58.22],[-136.02,58.38],[-136.26,58.76],[-136.06,58.82],[-135.84,58.52],[-135.06,58.3],[-134.5,58.36],[-134.24,58.22],[-134.06,58.28],[-134.06,58.08],[-133.86,57.96],[-133.58,57.72],[-133.4,57.34],[-133.56,57.18],[-133.1,57.08],[-132.48,56.74],[-132.48,56.6],[-131.98,56.36],[-131.94,56],[-132.26,55.74],[-131.96,55.5],[-131.74,55.88],[-131.42,56.02],[-131.16,55.94],[-130.88,55.72],[-130.88,55.34],[-131.06,55.2],[-130.94,54.82],[-130.58,54.8],[-130.36,54.9],[-129.98,55.28],[-130.18,55.74],[-130.02,55.9],[-130.08,56.08],[-131.1,56.4],[-132.1,56.86],[-132.04,57.02],[-132.56,57.5],[-133.46,58.46],[-133.88,58.74],[-134.22,58.84],[-134.4,59.06],[-135.1,59.42],[-135.02,59.54],[-135.48,59.8],[-136.26,59.62],[-136.46,59.28],[-137.42,58.9],[-137.62,59.24],[-139.06,60],[-139.1,60.34],[-139.62,60.34],[-140.02,60.18],[-140.54,60.22],[-141,60.32],[-141,61.34],[-141,62.66],[-141,64.54],[-141,65.56],[-141,66.88],[-141,68.48],[-141,69.66]],[[-130.96,55.58],[-131.28,55.96],[-131.68,55.84],[-131.82,55.48],[-131.66,55.34],[-131.2,55.18],[-130.96,55.58]],[[-132.54,56.3],[-132.68,56.22],[-132.3,55.92],[-132.1,56.1],[-132.54,56.3]],[[-131.98,54.84],[-132,55.26],[-132.4,55.52],[-132.34,55.64],[-132.74,56],[-133.06,56.06],[-133.38,55.7],[-133.06,55.62],[-133.22,55.28],[-132.96,55.28],[-132.6,55.12],[-132.58,54.96],[-131.98,54.84]],[[-132.96,56.78],[-132.8,56.5],[-132.54,56.6],[-132.82,56.8],[-132.96,56.78]],[[-133.88,56.5],[-133.8,56.78],[-134.18,56.92],[-134.36,56.68],[-133.88,56.5]],[[-133.92,57.08],[-133.7,56.84],[-133.66,56.46],[-133.14,56.46],[-132.94,56.64],[-133,56.8],[-132.98,56.94],[-133.92,57.08]],[[-134.62,56.74],[-134.8,57.18],[-135,57.4],[-135.38,57.56],[-135.68,57.34],[-135.32,57.04],[-135.36,56.82],[-135.06,56.54],[-134.62,56.26],[-134.62,56.74]],[[-152.16,57.62],[-152.46,57.66],[-152.48,57.92],[-153.2,57.94],[-153.2,57.8],[-153.92,57.82],[-154.62,57.52],[-154.82,57.34],[-154.54,57.18],[-154.52,57],[-153.96,56.74],[-153.26,57.24],[-152.7,57.28],[-152.34,57.44],[-152.16,57.62]],[[-135.84,57.4],[-135.54,57.46],[-135.62,57.7],[-135.06,57.46],[-134.82,57.5],[-134.92,58.02],[-135.82,58.28],[-135.98,58.16],[-136.4,58.14],[-136.4,57.88],[-135.84,57.4]],[[-134.36,57.1],[-133.86,57.36],[-133.94,57.62],[-134.32,57.98],[-134.18,58.16],[-134.7,58.16],[-134.8,58.12],[-134.66,57.6],[-134.46,57.4],[-134.62,57.12],[-134.36,57.1]],[[-151.96,58.34],[-152.48,58.36],[-153.04,58.3],[-153.22,58.16],[-152.8,58],[-151.96,58.34]],[[-147.1,60.28],[-147.7,60],[-147.5,59.94],[-147.1,60.28]],[[-167.86,53.4],[-168.2,53.54],[-168.76,53.18],[-168.48,53.04],[-168.28,53.24],[-167.86,53.4]],[[-166.3,53.72],[-166.76,54.02],[-167.16,53.86],[-166.94,53.72],[-167.16,53.48],[-166.66,53.5],[-166.3,53.72]],[[173.38,52.84],[173.12,53],[172.66,53],[172.64,52.86],[172.94,52.74],[173.38,52.84]],[[-163.08,54.68],[-163.38,54.8],[-163.58,55.06],[-163.92,55.04],[-164.54,54.88],[-164.7,54.68],[-164.96,54.58],[-164.84,54.42],[-164.4,54.44],[-164.14,54.62],[-163.62,54.62],[-163.08,54.68]],[[-165.58,59.96],[-165.68,60.3],[-166.46,60.38],[-167.18,60.02],[-166.24,59.8],[-165.58,59.96]],[[-168.74,63.28],[-169.54,63.36],[-170.3,63.7],[-170.94,63.58],[-171.5,63.66],[-171.86,63.52],[-171.44,63.32],[-170.86,63.46],[-170.44,63.36],[-169.72,63.02],[-169.28,63.2],[-168.74,63.28]],[[-154.9,19.56],[-155.08,19.86],[-155.34,20.04],[-155.86,20.26],[-155.82,20.02],[-156.06,19.74],[-155.88,19.34],[-155.88,19.02],[-155.68,18.94],[-155.5,19.14],[-155.3,19.26],[-154.98,19.34],[-154.9,19.56]],[[-156,20.8],[-156.3,20.96],[-156.48,20.9],[-156.4,20.58],[-156,20.68],[-156,20.8]],[[-156.74,21.18],[-157.26,21.22],[-157.28,21.08],[-156.86,21.06],[-156.74,21.18]],[[-157.7,21.36],[-157.96,21.7],[-158.22,21.48],[-158.1,21.3],[-157.8,21.26],[-157.7,21.36]],[[-159.3,22.16],[-159.4,22.24],[-159.72,22.16],[-159.76,21.98],[-159.44,21.86],[-159.3,22.16]]]}},{"type":"Feature","properties":{"iso":"UY"},"geometry":{"type":"LineString","coordinates":[[-58.2,-32.44],[-58.2,-32.5],[-58.04,-32.92],[-58.18,-33.12],[-58.36,-33.16],[-58.4,-33.42],[-58.42,-33.88],[-58.2,-34.16],[-58.08,-34.2],[-57.82,-34.48],[-57.16,-34.44],[-56.8,-34.7],[-56.36,-34.8],[-56.04,-34.88],[-55.8,-34.78],[-55.38,-34.8],[-54.94,-34.96],[-54.54,-34.8],[-54.14,-34.66],[-53.76,-34.4],[-53.72,-34.2],[-53.54,-34.06],[-53.38,-33.74],[-53.54,-33.64],[-53.52,-33.12],[-53.18,-32.8],[-53.18,-32.64],[-53.42,-32.56],[-53.64,-32.34],[-53.78,-32.04],[-54.14,-31.9],[-54.46,-31.66],[-54.6,-31.48],[-54.82,-31.44],[-55.26,-31.22],[-55.6,-30.84],[-55.86,-31.08],[-56,-31.08],[-56.02,-31.08],[-56.02,-30.8],[-56.84,-30.1],[-57.1,-30.12],[-57.22,-30.28],[-57.54,-30.28],[-57.6,-30.2],[-57.64,-30.2],[-57.66,-30.32],[-57.84,-30.48],[-57.8,-30.74],[-57.8,-30.8],[-57.9,-31.24],[-58.04,-31.5],[-57.98,-31.64],[-58.16,-31.84],[-58.18,-32.16],[-58.1,-32.32],[-58.2,-32.44]]}},{"type":"Feature","properties":{"iso":"UZ"},"geometry":{"type":"LineString","coordinates":[[72.02,40.26],[72.22,40.46],[72.58,40.5],[73.14,40.84],[72.62,40.88],[72.48,41.02],[72.2,41],[72.16,41.16],[71.88,41.2],[71.58,41.32],[71.28,41.12],[70.76,41.26],[70.48,41.4],[70.16,41.58],[71.24,42.2],[70.94,42.24],[70.74,42.2],[70.62,42.02],[70.32,42.04],[69.88,41.7],[69.62,41.66],[69.04,41.38],[69.04,41.22],[68.64,40.96],[68.62,40.66],[68.26,40.66],[68.06,40.78],[68.14,41.02],[67.94,41.2],[66.76,41.16],[66.68,41.2],[66.5,42],[66.02,42],[66.02,42.38],[66.1,43],[65.8,42.88],[65.52,43.3],[65.28,43.42],[64.96,43.7],[64.42,43.54],[63.2,43.62],[62.02,43.48],[61.16,44.16],[61.04,44.38],[59.06,45.32],[58.54,45.56],[56.7,45.16],[55.98,45],[55.98,43.62],[55.98,42.7],[55.98,41.32],[56.54,41.3],[57.02,41.26],[56.96,41.86],[57.38,42.16],[57.86,42.2],[58,42.5],[58.28,42.68],[58.62,42.78],[58.9,42.54],[59.12,42.54],[59.24,42.36],[59.48,42.28],[59.86,42.3],[60.02,42.2],[59.98,41.94],[60.14,41.88],[60.1,41.38],[60.42,41.24],[61,41.22],[61.28,41.16],[61.48,41.3],[61.88,41.12],[62.18,40.5],[62.36,40.44],[62.46,40],[62.6,39.9],[63.48,39.4],[63.7,39.2],[64.12,38.96],[64.36,38.94],[64.64,38.74],[64.98,38.62],[65.6,38.24],[65.88,38.28],[66.64,37.96],[66.52,37.78],[66.52,37.36],[67,37.38],[67.24,37.2],[67.48,37.28],[67.78,37.18],[67.82,37.52],[68.24,37.94],[68.36,38.18],[68.06,38.54],[68.16,38.9],[68.1,38.98],[67.68,39],[67.68,39.1],[67.36,39.3],[67.44,39.48],[67.76,39.62],[68.34,39.52],[68.52,39.54],[68.64,39.84],[68.7,40.12],[68.64,40.18],[69.08,40.22],[69.28,40.22],[69.2,40.54],[69.44,40.8],[69.66,40.64],[70.28,40.88],[70.46,41.02],[70.76,40.7],[70.36,40.46],[70.58,40.22],[70.96,40.24],[71.36,40.3],[71.68,40.14],[72.02,40.26]]}},{"type":"Feature","properties":{"iso":"VC"},"geometry":{"type":"MultiLineString","coordinates":[[[-61.2,13.04],[-61.24,13.02],[-61.22,13],[-61.2,13.04]],[[-61.28,13.18],[-61.24,13.16],[-61.14,13.2],[-61.18,13.38],[-61.26,13.26],[-61.28,13.18]]]}},{"type":"Feature","properties":{"iso":"VE"},"geometry":{"type":"MultiLineString","coordinates":[[[-60.02,8.56],[-60.38,8.64],[-60.46,8.54],[-60.7,8.6],[-60.98,8.58],[-61.28,8.4],[-60.98,9.16],[-60.78,9.34],[-60.86,9.46],[-61.14,9.58],[-61.44,9.82],[-61.88,9.82],[-62.2,10.02],[-62.32,9.72],[-62.52,10.18],[-62.62,10.1],[-62.78,10.02],[-63.02,10.1],[-62.66,10.08],[-62.62,10.14],[-62.74,10.38],[-62.66,10.56],[-62.34,10.54],[-62.16,10.68],[-62.72,10.76],[-62.9,10.7],[-63.18,10.74],[-63.54,10.64],[-63.76,10.66],[-63.82,10.44],[-64.14,10.48],[-64.54,10.26],[-64.74,10.1],[-65.16,10.1],[-65.42,10.14],[-65.86,10.3],[-66.32,10.62],[-67.02,10.62],[-67.4,10.54],[-67.86,10.46],[-68.12,10.48],[-68.26,10.6],[-68.28,10.64],[-68.26,10.9],[-68.42,11.18],[-68.86,11.46],[-69.28,11.54],[-69.62,11.46],[-69.8,11.8],[-69.84,12.02],[-70.02,12.2],[-70.2,12.12],[-70.3,11.88],[-70.18,11.6],[-69.84,11.7],[-69.82,11.42],[-70.06,11.52],[-70.18,11.38],[-70.52,11.26],[-70.86,11.2],[-71.28,11],[-71.46,10.98],[-71.52,10.54],[-71.2,9.98],[-71.08,9.86],[-71.06,9.62],[-71.06,9.34],[-71.22,9.18],[-71.52,9.04],[-71.76,9.12],[-71.74,9.36],[-71.96,9.5],[-72.12,9.82],[-71.98,10.08],[-71.62,10.46],[-71.58,10.72],[-71.7,10.84],[-71.76,11.1],[-71.94,11.38],[-71.96,11.6],[-71.38,11.76],[-71.32,11.84],[-71.98,11.66],[-72.26,11.16],[-72.48,11.14],[-72.92,10.42],[-72.98,9.84],[-73.36,9.16],[-73,9.3],[-72.94,9.1],[-72.78,9.06],[-72.68,8.66],[-72.42,8.38],[-72.34,8.1],[-72.48,7.94],[-72.48,7.5],[-72.4,7.4],[-72.2,7.38],[-72.16,7.2],[-72,7.02],[-71.96,7],[-71.66,7.06],[-71.18,6.96],[-70.7,7.1],[-70.32,6.94],[-70.1,6.94],[-69.44,6.12],[-69.24,6.08],[-69.06,6.22],[-68.64,6.14],[-67.92,6.24],[-67.84,6.3],[-67.46,6.2],[-67.42,6.04],[-67.6,5.82],[-67.64,5.48],[-67.84,5.3],[-67.8,5.06],[-67.86,4.58],[-67.72,4.04],[-67.64,3.76],[-67.48,3.68],[-67.3,3.42],[-67.84,2.88],[-67.62,2.82],[-67.32,2.48],[-67.06,1.9],[-66.88,1.22],[-66.34,0.76],[-66.16,0.74],[-65.74,0.98],[-65.58,0.98],[-65.46,0.7],[-65.14,1.12],[-64.84,1.28],[-64.74,1.24],[-64.4,1.5],[-64.3,1.44],[-64.08,1.64],[-64,1.96],[-63.76,1.98],[-63.38,2.24],[-63.38,2.42],[-64.04,2.48],[-64,2.7],[-64.22,3.12],[-64.2,3.6],[-64.66,4],[-64.64,4.2],[-64.12,4.08],[-64.06,3.92],[-63.42,3.96],[-63.28,3.92],[-63,3.6],[-62.74,3.66],[-62.76,4.02],[-62.56,4.04],[-62.38,4.18],[-62.2,4.1],[-61.54,4.26],[-61.3,4.52],[-61.02,4.52],[-60.9,4.7],[-60.62,4.9],[-60.74,5.2],[-61.38,5.9],[-61.26,6.1],[-61.12,6.18],[-61.2,6.6],[-60.42,6.94],[-60.34,7.16],[-60.64,7.22],[-60.74,7.52],[-60.5,7.82],[-60.26,7.92],[-60.02,8.06],[-59.82,8.28],[-60.02,8.56]],[[-63.84,11.14],[-63.98,11.1],[-64.04,10.86],[-63.8,11],[-63.84,11.14]],[[-65.22,10.96],[-65.3,10.98],[-65.42,10.92],[-65.24,10.88],[-65.22,10.96]]]}},{"type":"Feature","properties":{"iso":"VG"},"geometry":{"type":"LineString","coordinates":[[-64.64,18.4],[-64.58,18.42],[-64.56,18.46],[-64.66,18.44],[-64.64,18.4]]}},{"type":"Feature","properties":{"iso":"VI"},"geometry":{"type":"MultiLineString","coordinates":[[[-64.56,17.76],[-64.78,17.8],[-64.88,17.68],[-64.56,17.76]],[[-64.7,18.34],[-64.74,18.38],[-64.78,18.34],[-64.74,18.32],[-64.7,18.34]],[[-64.88,18.32],[-64.86,18.34],[-64.92,18.38],[-64.94,18.34],[-64.88,18.32]]]}},{"type":"Feature","properties":{"iso":"VN"},"geometry":{"type":"LineString","coordinates":[[107.52,14.7],[107.38,14.42],[107.32,14.12],[107.44,13.92],[107.44,13.78],[107.6,13.54],[107.58,13.3],[107.56,13.26],[107.46,13.02],[107.54,12.72],[107.56,12.48],[107.42,12.26],[107.22,12.32],[106.98,12.1],[106.8,12.06],[106.7,11.98],[106.4,11.96],[106.44,11.68],[106.02,11.78],[105.82,11.64],[105.8,11.58],[105.84,11.3],[106.18,10.98],[106.16,10.78],[105.86,10.84],[105.76,11.02],[105.62,10.98],[105.52,10.96],[105.2,10.9],[105.04,10.92],[105.06,10.74],[104.86,10.54],[104.72,10.52],[104.7,10.52],[104.46,10.42],[104.58,10.26],[104.8,10.2],[105.08,10],[104.9,9.86],[104.84,9.54],[104.78,8.82],[104.86,8.56],[105.1,8.64],[105.34,8.84],[105.42,9],[105.54,9.12],[105.86,9.26],[106.2,9.36],[106.2,9.54],[105.9,9.92],[105.84,10],[106,9.88],[106.4,9.54],[106.58,9.74],[106.24,10.08],[106.12,10.24],[106.62,9.82],[106.72,10.2],[106.42,10.32],[106.62,10.44],[106.74,10.56],[106.98,10.56],[107,10.62],[107.02,10.64],[107.02,10.52],[107.02,10.5],[107.32,10.44],[107.58,10.58],[107.88,10.72],[108,10.7],[108.1,10.92],[108.34,10.96],[108.58,11.18],[108.72,11.18],[108.9,11.32],[109.14,11.58],[109.2,11.78],[109.2,12.64],[109.38,12.84],[109.46,12.92],[109.3,13.14],[109.24,13.7],[109.3,13.76],[109.08,14.68],[108.94,14.98],[108.92,15.26],[108.76,15.4],[108.28,16],[108.2,16.22],[108.06,16.24],[107.42,16.76],[107,17.16],[106.64,17.48],[106.48,17.74],[106.52,17.96],[106.4,18.1],[106.1,18.3],[105.76,18.66],[105.64,19.06],[105.8,19.28],[105.82,19.6],[106.04,20],[106.12,20.04],[106.5,20.3],[106.6,20.64],[106.78,20.74],[106.66,21.02],[106.86,20.88],[107.34,21],[107.4,21.28],[107.6,21.3],[107.88,21.54],[108,21.48],[107.74,21.66],[107.34,21.62],[107.02,21.9],[106.72,22],[106.54,22.4],[106.56,22.58],[106.74,22.7],[106.66,22.86],[106.32,22.86],[106,22.98],[105.86,22.9],[105.54,23.1],[105.52,23.16],[105.34,23.32],[104.8,23.08],[104.72,22.84],[104.56,22.84],[104.36,22.7],[104.22,22.82],[103.86,22.58],[103.64,22.8],[103.54,22.64],[103.3,22.78],[103.14,22.54],[102.98,22.44],[102.84,22.58],[102.44,22.76],[102.32,22.56],[102.12,22.4],[102.22,22.22],[102.6,21.9],[102.66,21.66],[102.94,21.74],[102.9,21.5],[102.92,21.14],[103.22,20.82],[103.38,20.8],[103.66,20.66],[103.78,20.84],[104.06,20.96],[104.3,20.88],[104.62,20.64],[104.54,20.54],[104.96,20.1],[104.94,20],[104.8,19.8],[104.5,19.6],[104.2,19.7],[104.08,19.48],[103.86,19.32],[104.26,19.1],[104.72,18.8],[105.12,18.7],[105.16,18.62],[105.08,18.46],[105.26,18.24],[105.6,17.96],[105.74,17.66],[106.18,17.26],[106.4,17.02],[106.54,16.96],[106.54,16.68],[106.76,16.42],[107.06,16.3],[107.14,16.18],[107.44,16.06],[107.16,15.76],[107.36,15.5],[107.58,15.4],[107.66,15.2],[107.5,15.04],[107.52,14.7]]}},{"type":"Feature","properties":{"iso":"VU"},"geometry":{"type":"MultiLineString","coordinates":[[[169.34,-18.94],[169.16,-18.64],[168.98,-18.7],[168.98,-18.88],[169.34,-18.94]],[[168.54,-17.7],[168.32,-17.54],[168.18,-17.66],[168.4,-17.82],[168.54,-17.7]],[[168.18,-16.34],[168.18,-16.08],[167.92,-16.26],[168.18,-16.34]],[[167.82,-16.42],[167.4,-16.08],[167.46,-16.56],[167.82,-16.42]],[[167.14,-15.54],[167.2,-15.3],[167.06,-15],[166.8,-15.16],[166.74,-14.82],[166.52,-14.84],[166.66,-15.26],[166.62,-15.38],[166.8,-15.66],[167.14,-15.54]],[[168.18,-15.52],[168.12,-15.66],[168.18,-15.98],[168.26,-15.86],[168.18,-15.52]],[[167.46,-13.92],[167.54,-13.78],[167.48,-13.7],[167.38,-13.8],[167.46,-13.92]]]}},{"type":"Feature","properties":{"iso":"WF"},"geometry":{"type":"MultiLineString","coordinates":[[[-178.14,-14.26],[-178.18,-14.24],[-178.16,-14.3],[-178.12,-14.32],[-178.1,-14.28],[-178.14,-14.26]],[[-176.16,-13.2],[-176.2,-13.3],[-176.18,-13.34],[-176.12,-13.26],[-176.16,-13.2]]]}},{"type":"Feature","properties":{"iso":"WS"},"geometry":{"type":"MultiLineString","coordinates":[[[-172.22,-13.56],[-172.36,-13.46],[-172.64,-13.52],[-172.7,-13.62],[-172.6,-13.7],[-172.36,-13.78],[-172.32,-13.78],[-172.22,-13.8],[-172.22,-13.56]],[[-171.88,-14],[-171.86,-14],[-171.66,-14.04],[-171.46,-13.96],[-171.56,-13.92],[-171.56,-13.9],[-171.58,-13.88],[-171.66,-13.88],[-171.8,-13.82],[-171.82,-13.82],[-171.86,-13.8],[-172,-13.82],[-172.02,-13.84],[-172.06,-13.86],[-172.04,-13.92],[-171.88,-14]]]}},{"type":"Feature","properties":{"iso":"XK"},"geometry":{"type":"LineString","coordinates":[[20.06,42.54],[20.16,42.5],[20.24,42.32],[20.48,42.24],[20.56,42.08],[20.56,41.88],[20.72,41.86],[20.76,41.92],[20.76,41.94],[20.78,42.08],[20.9,42.12],[20.98,42.14],[21.04,42.16],[21.1,42.2],[21.22,42.1],[21.24,42.1],[21.3,42.1],[21.36,42.22],[21.48,42.24],[21.56,42.24],[21.62,42.44],[21.74,42.68],[21.48,42.74],[21.38,42.76],[21.4,42.84],[21,43.1],[20.92,43.14],[20.8,43.26],[20.64,43.06],[20.62,43.02],[20.5,42.88],[20.34,42.82],[20.32,42.82],[20.06,42.76],[20.04,42.7],[20.1,42.66],[20.06,42.54]]}},{"type":"Feature","properties":{"iso":"YE"},"geometry":{"type":"MultiLineString","coordinates":[[[51.98,19],[51.02,18.86],[49.12,18.62],[48.16,18.14],[47.58,17.46],[47.42,17.1],[47.2,16.96],[47,16.94],[46.72,17.28],[46.32,17.22],[45.44,17.32],[45.22,17.42],[44.98,17.42],[44.4,17.42],[44.1,17.36],[43.76,17.34],[43.64,17.44],[43.34,17.48],[43.22,17.38],[43.1,16.92],[43.18,16.68],[42.78,16.38],[42.84,15.92],[42.7,15.72],[42.8,15.24],[42.94,14.94],[43.02,14.54],[43,14.44],[43.1,14.08],[43.28,13.66],[43.24,13.22],[43.54,12.7],[43.6,12.76],[43.94,12.6],[44.42,12.68],[44.54,12.8],[44.7,12.8],[44.86,12.74],[45.1,12.92],[45.1,12.94],[45.4,13.08],[45.66,13.34],[46.24,13.44],[46.7,13.44],[46.92,13.54],[47.32,13.64],[47.66,13.88],[48.02,14.06],[48.18,13.96],[48.68,14.04],[49,14.32],[49.08,14.5],[49.58,14.74],[49.94,14.84],[50.18,14.84],[50.56,15.04],[50.8,15.1],[51.36,15.22],[52.04,15.58],[52.22,15.62],[52.16,15.98],[52.3,16.26],[52.6,16.48],[53.1,16.64],[52.8,17.26],[52.74,17.3],[51.98,18.98],[51.98,19]],[[54.48,12.54],[54.12,12.7],[53.76,12.62],[53.66,12.7],[53.4,12.66],[53.34,12.52],[53.58,12.34],[53.78,12.3],[54.14,12.36],[54.48,12.54]]]}},{"type":"Feature","properties":{"iso":"ZA"},"geometry":{"type":"MultiLineString","coordinates":[[[19.98,-25.62],[19.98,-27.28],[19.98,-28.42],[19.56,-28.54],[19.48,-28.68],[19.24,-28.78],[19.08,-28.96],[18.74,-28.84],[18.16,-28.9],[17.92,-28.78],[17.4,-28.7],[17.34,-28.22],[17.1,-28.04],[16.9,-28.08],[16.76,-28.44],[16.48,-28.58],[16.6,-28.86],[16.8,-29.08],[17.06,-29.68],[17.28,-30.34],[17.76,-31.16],[18.18,-31.66],[18.34,-32.26],[18.28,-32.64],[17.86,-32.82],[17.92,-33.04],[18.3,-33.48],[18.48,-33.9],[18.32,-34.02],[18.86,-34.16],[18.8,-34.36],[19.08,-34.34],[19.3,-34.42],[19.4,-34.6],[19.64,-34.78],[19.96,-34.8],[20.52,-34.46],[20.96,-34.36],[21.26,-34.42],[21.7,-34.4],[22.12,-34.2],[22.28,-34.06],[22.62,-34],[22.94,-34.08],[23.4,-34.12],[23.64,-33.98],[24.16,-34.06],[24.58,-34.18],[24.84,-34.14],[25.1,-33.96],[25.6,-34.04],[25.68,-33.8],[25.96,-33.72],[26.52,-33.76],[27.38,-33.36],[27.9,-33.04],[28.22,-32.78],[28.54,-32.56],[28.88,-32.28],[29.4,-31.74],[30,-31.3],[30.2,-31.08],[30.4,-30.84],[31.02,-29.86],[31.18,-29.56],[31.76,-28.96],[32.02,-28.86],[32.38,-28.56],[32.54,-28.2],[32.68,-27.52],[32.84,-27.12],[32.9,-26.84],[32.12,-26.84],[32,-26.84],[31.94,-27.16],[31.96,-27.32],[31.52,-27.32],[31.24,-27.24],[30.98,-27.04],[30.88,-26.78],[30.78,-26.48],[30.9,-26.3],[31.12,-25.92],[31.42,-25.74],[31.74,-25.94],[31.94,-25.96],[32,-25.66],[31.98,-24.42],[31.92,-24.28],[31.86,-23.96],[31.52,-23.42],[31.54,-23.16],[31.28,-22.4],[31.1,-22.34],[30.84,-22.28],[30.3,-22.34],[29.76,-22.14],[29.36,-22.18],[29.04,-22.22],[28.92,-22.46],[28.62,-22.56],[28.34,-22.58],[27.94,-22.96],[27.9,-23.08],[27.6,-23.22],[27.54,-23.36],[27.12,-23.52],[26.96,-23.74],[26.84,-24.24],[26.54,-24.46],[26.4,-24.64],[26.16,-24.66],[25.86,-24.74],[25.88,-24.88],[25.66,-25.46],[25.58,-25.62],[25.38,-25.74],[25.06,-25.74],[24.8,-25.82],[24.5,-25.76],[24.22,-25.64],[23.92,-25.62],[23.46,-25.28],[23,-25.32],[22.84,-25.48],[22.72,-25.98],[22.62,-26.12],[22.26,-26.34],[22.06,-26.62],[21.76,-26.7],[21.68,-26.86],[21.12,-26.86],[20.6,-26.68],[20.62,-26.42],[20.84,-26.14],[20.8,-25.9],[20.36,-25.04],[19.98,-24.76],[19.98,-25.62]],[[28.86,-28.78],[28.98,-28.9],[29.32,-29.08],[29.44,-29.34],[29.28,-29.52],[29.12,-29.76],[29.02,-29.98],[28.64,-30.14],[28.36,-30.18],[28.06,-30.64],[27.74,-30.6],[27.54,-30.4],[27.38,-30.32],[27.18,-29.92],[27.02,-29.62],[27.3,-29.52],[27.52,-29.28],[27.64,-29.1],[27.74,-28.9],[28.02,-28.86],[28.22,-28.7],[28.66,-28.6],[28.82,-28.76],[28.86,-28.78]]]}},{"type":"Feature","properties":{"iso":"ZM"},"geometry":{"type":"LineString","coordinates":[[32.92,-9.4],[32.72,-9.28],[32.24,-9.14],[32.14,-9.08],[31.94,-8.94],[31.68,-8.92],[31.54,-8.7],[31.36,-8.58],[31.12,-8.62],[30.96,-8.56],[30.76,-8.2],[29.58,-8.38],[28.92,-8.48],[28.94,-8.68],[28.76,-8.94],[28.38,-9.24],[28.52,-9.38],[28.66,-9.82],[28.62,-9.96],[28.64,-10.52],[28.7,-10.64],[28.56,-10.82],[28.44,-11.34],[28.36,-11.44],[28.5,-11.86],[28.84,-12.1],[29.04,-12.38],[29.44,-12.34],[29.48,-12.24],[29.8,-12.16],[29.8,-13.42],[29.6,-13.38],[29.58,-13.22],[29.16,-13.44],[29.06,-13.38],[28.66,-12.84],[28.58,-12.88],[28.34,-12.46],[27.96,-12.36],[27.84,-12.26],[27.58,-12.24],[27.42,-11.92],[27.24,-11.8],[27.18,-11.56],[27.02,-11.6],[26.96,-11.88],[26.64,-11.98],[26.42,-11.92],[26,-11.9],[25.86,-11.8],[25.36,-11.64],[25.28,-11.2],[24.68,-11.34],[24.56,-11.44],[24.32,-11.4],[24.38,-11.12],[24.12,-11.04],[23.96,-10.88],[24.06,-11.4],[23.96,-11.62],[23.96,-12.2],[24.04,-12.38],[23.86,-12.78],[24,-13],[21.98,-13],[21.98,-13.7],[21.98,-14.8],[21.98,-16.16],[22.16,-16.6],[22.34,-16.68],[22.76,-17.16],[23.38,-17.64],[24.22,-17.48],[24.68,-17.5],[24.96,-17.56],[25.26,-17.8],[25.5,-17.86],[25.68,-17.82],[25.98,-18],[26.2,-17.88],[26.72,-18.06],[27.04,-17.94],[27.16,-17.76],[27.58,-17.36],[27.78,-17],[28.02,-16.86],[28.28,-16.7],[28.82,-16.48],[28.88,-16.08],[28.94,-15.96],[29.4,-15.72],[29.84,-15.62],[30.3,-15.64],[30.4,-15.64],[30.36,-15.38],[30.22,-14.98],[30.82,-14.76],[31.42,-14.64],[31.66,-14.52],[33.2,-14.02],[33.04,-14],[32.72,-13.58],[32.9,-13.36],[33,-13.2],[33.02,-12.62],[33.38,-12.52],[33.52,-12.38],[33.34,-12.3],[33.26,-12.08],[33.3,-11.64],[33.24,-11.42],[33.4,-11.16],[33.3,-10.98],[33.32,-10.82],[33.5,-10.76],[33.68,-10.58],[33.54,-10.24],[33.3,-10.02],[33.36,-9.9],[33.22,-9.72],[32.98,-9.6],[32.92,-9.4]]}},{"type":"Feature","properties":{"iso":"ZW"},"geometry":{"type":"LineString","coordinates":[[25.96,-19],[25.96,-19.12],[26.14,-19.5],[26.68,-19.88],[27.22,-20.12],[27.26,-20.5],[27.7,-20.5],[27.68,-21.1],[27.88,-21.32],[28,-21.56],[28.46,-21.66],[28.62,-21.66],[29.04,-21.8],[29.02,-21.98],[29.36,-22.18],[29.76,-22.14],[30.3,-22.34],[30.84,-22.28],[31.1,-22.34],[31.28,-22.4],[31.44,-22.3],[32.4,-21.3],[32.44,-21.3],[32.34,-21.14],[32.5,-20.9],[32.46,-20.68],[32.64,-20.56],[32.84,-20.28],[33.04,-19.78],[32.82,-19.66],[32.76,-19.36],[32.86,-19.12],[32.7,-19.02],[32.7,-18.84],[32.88,-18.78],[32.88,-18.54],[33,-18.46],[32.94,-18.04],[33.02,-17.38],[32.96,-17.26],[32.74,-16.7],[32.68,-16.6],[32.3,-16.46],[31.92,-16.42],[31.68,-16.2],[31.4,-16.16],[31.26,-16.02],[30.98,-16.06],[30.86,-16],[30.4,-16],[30.4,-15.64],[30.3,-15.64],[29.84,-15.62],[29.4,-15.72],[28.94,-15.96],[28.88,-16.08],[28.82,-16.48],[28.28,-16.7],[28.02,-16.86],[27.78,-17],[27.58,-17.36],[27.16,-17.76],[27.04,-17.94],[26.72,-18.06],[26.2,-17.88],[25.98,-18],[25.68,-17.82],[25.5,-17.86],[25.26,-17.8],[25.22,-17.94],[25.5,-18.4],[25.76,-18.64],[25.96,-19]]}}]}